Time(s);X(m/s^2);Y(m/s^2);Z(m/s^2)
0,000738737;-0,814050019;-7,345950127;1,281000018
0,017766976;-3,10800004;-7,471050262;1,932000041
0,034795053;-3,937050104;-6,772050381;2,844000101
0,051823379;-2,49000001;-6,424050331;1,927050114
0,068851595;-1,707000136;-7,059000492;-0,295950025
0,085879674;-2,233950138;-6,664050102;0,043050002
0,102907961;-3,814050198;-6,271050453;3,177000046
0,119936187;-3,895950079;-7,381950378;4,018050194
0,136964288;-3,561000109;-11,05305099;3,603000164
0,153992619;-4,051050186;-13,46100044;4,747950077
0,17102085;-2,170050144;-13,74900055;4,687950134
0,188049136;2,520000219;-14,54100037;6,855000496
0,205077197;3,970950127;-15,4480505;7,104000568
0,222105408;1,876050115;-12,7140007;4,528050423
0,239133703;-0,484050036;-9,819000244;5,665050507
0,256161792;-1,144950032;-8,959950447;5,124000072
0,273190071;-0,838050067;-9,159000397;4,51995039
0,290218313;-0,201000005;-8,476050377;4,240050316
0,307246389;-0,472050011;-7,02300024;4,069950104
0,324274593;-0,397950023;-6,469950199;4,288050175
0,341302866;0,118050009;-6,372000217;3,979050159
0,35833098;0,658950031;-6,616050243;3,091050148
0,37535929;1,147950053;-6,712050438;2,341950178
0,392387543;1,236000061;-6,444000244;1,978050113
0,409415653;0,889050067;-5,917050362;2,133000135
0,426443884;0,295950025;-5,88105011;2,818050146
0,443472188;-0,594000042;-5,991000175;3,09795022
0,460500292;-1,765050054;-6,094050407;3,522000074
0,477528602;-2,727000237;-6,336000443;3,979050159
0,494556837;-3,625050068;-5,794950485;3,979050159
0,511584932;-4,032000065;-6,01995039;3,259050131
0,528613255;-4,405950069;-6,460050106;3,783000231
0,545641466;-3,751950264;-7,051950455;3,916950226
0,562669529;-2,419050217;-7,62405014;4,261950016
0,579697819;-1,317000031;-7,978050232;5,13105011
0,596726029;-0,670950055;-8,541000366;5,272050381
0,613754068;-0,106050007;-9,067950249;4,726050377
0,630782402;0,448950023;-9,529950142;4,699950218
0,647810602;0,95205003;-9,256950378;4,498950005
0,664838689;0,849000037;-7,783950329;4,06305027
0,68186692;0,715050042;-7,018050194;3,687000275
0,698895218;-0,450000018;-7,168950558;4,426949978
0,715923299;-0,835950017;-7,486950397;5,80095005
0,732951657;-1,051050067;-9,456000328;7,384050369
0,749979876;-0,34800002;-15,87495041;8,677050591
0,767007972;-4,972950459;-21,30195045;-0,066
0,784036294;-10,15200043;-16,15500069;-7,572000504
0,801064543;-7,995000362;-8,581950188;-7,098000526
0,818092622;-2,529000044;-11,71305084;-1,08795011
0,835120932;-1,164000034;-14,56500053;3,702000141
0,85214915;-0,613050044;-12,66900063;2,053950071
0,869177211;2,388000011;-13,02495098;-0,217050016
0,886205529;2,055000067;-10,06395054;-4,041000366
0,903233764;-0,742950022;-7,582950592;-4,90500021
0,920262034;-1,672050118;-7,569000244;-3,121050119
0,937290134;-0,139050007;-8,42595005;-2,602050066
0,954318367;1,191000104;-8,245950699;-1,275000095
0,971346437;1,359000087;-8,212950706;-0,853950024
0,988374745;0,658950031;-8,869050026;-1,147950053
1,005402971;-0,178050011;-9,175050735;-1,993050098
1,022431275;-1,162050009;-7,882050514;-3,013050079
1,039459356;-2,683950186;-8,315999985;-3,661950111
1,056487584;-3,466950178;-10,95000076;-2,167950153
1,073515841;-3,754950285;-12,18300056;0,085950002
1,090543898;-3,750000238;-11,52900028;1,920000076
1,107572148;-2,838000059;-10,16400051;1,201950073
1,124600447;-1,533000112;-9,055950165;-0,07305
1,141628533;-0,292050004;-8,304000854;-0,448950023
1,158656785;-0,301950008;-8,290050507;0,093000002
1,17568509;-1,585050106;-8,827950478;0,213000014
1,192713148;-3,321000099;-9,276000023;-0,399000019
1,209741475;-4,297950268;-9,264000893;-1,378050089
1,226769725;-3,55305028;-8,797050476;-1,873950124
1,243797837;-2,137950182;-8,926050186;-1,828050137
1,260826155;-1,075049996;-9,397950172;-0,933000028
1,277854394;-0,445950031;-9,556050301;-0,157050014
1,2948825;0,118050009;-10,03695011;0,793050051
1,311910804;0,676050007;-9,919950485;1,30005002
1,328939015;0,106050007;-10,02795029;-0,054000001
1,345967309;-1,693050027;-12,45795059;-1,665000081
1,362995376;-2,572050095;-12,25905037;-1,38105011
1,380023622;-3,478950262;-11,68905067;-0,89895004
1,397051915;-3,381000042;-12,27405071;0,189000011
1,414079991;-2,766000032;-11,97000027;1,968000054
1,431108201;-2,136000156;-11,8549509;2,251049995
1,448136506;-0,606000006;-10,48500061;1,654050112
1,465164606;1,1410501;-10,23795033;2,176050186
1,482192809;3,873000145;-10,63395023;2,161950111
1,499221105;5,242050171;-11,24205017;1,819950104
1,516249184;5,410050392;-11,56500053;1,195050001
1,533277514;4,320000172;-11,71800041;0,694050014
1,550305754;2,149049997;-11,29395008;-0,87105006
1,567333829;-0,087000005;-9,034049988;-0,918000042
1,584362134;-2,803950071;-7,708050251;0,38805002
1,601390374;-3,196950197;-8,509950638;2,241000175
1,618418464;-2,304000139;-8,919000626;2,397000074
1,635446794;-1,288050056;-8,847000122;2,208000183
1,652475097;-0,960000038;-8,122050285;1,864950061
1,669503341;-0,502950013;-7,167000294;1,291050076
1,68653164;-0,201000005;-6,784050465;1,183050036
1,70355975;-0,667950034;-6,561000347;1,621050119
1,720587957;-0,795000017;-6,847950459;2,29095006
1,737616257;-0,759000063;-6,919950485;2,368050098
1,754644309;0,66900003;-6,562950134;-1,423950076
1,771672521;-0,300000012;-6,40500021;2,61495018
1,78870067;0,102000006;-6,360000134;1,5160501
1,805728928;0,21405001;-6,259050369;0,876000047
1,822757221;-0,00795;-6,36495018;0,80400002
1,839785442;-0,381000012;-6,436050415;1,381950021
1,856813523;-0,562950015;-6,385950089;2,173950195
1,873841802;-1,255050063;-6,487050533;2,281949997
1,890870033;-2,656050205;-6,829050541;2,284050226
1,907898343;-4,27905035;-7,969050407;2,635950089
1,924926427;-5,716050148;-9,295050621;3,844950199
1,941954745;-7,305000305;-11,91705036;5,920950413
1,958983013;-9,697050095;-12,76695061;7,00605011
1,976011086;-7,600050449;-12,49200058;6,690000534
1,993039362;-5,047950268;-11,71800041;8,341950417
2,010067606;-2,422950029;-8,706000328;6,892950535
2,027095911;-0,460050017;-5,88105011;4,276050091
2,044123967;2,034000158;-7,633050442;3,679950237
2,061152276;3,241050243;-11,39295101;2,338950157
2,0781805;4,16505003;-14,60100079;0,328050017
2,095208575;4,990950108;-15,14205074;-1,38105011
2,112236895;4,408950329;-12,52305031;-0,610050023
2,129265128;0,409950018;-10,50705051;3,55095005
2,146293416;-4,207050323;-7,654950142;1,879950047
2,163321471;-4,080000401;-5,806950092;-1,134000063
2,180349796;-1,935000062;-6,106050491;-4,807050228
2,19737799;-0,124950007;-9,376950264;-6,151950359
2,214406295;1,177050114;-10,79205036;-3,945000172
2,231434389;-0,862050057;-10,4779501;-1,099950075
2,248462607;-4,954050064;-9,376950264;-0,126000002
2,265490942;-5,581050396;-8,898000717;0,153000012
2,282519048;-1,984950066;-9,29805088;-0,838950038
2,299547328;1,975950122;-9,697050095;-0,688950062
2,316575534;3,388950109;-9,407999992;1,173000097
2,333603852;1,732050061;-8,517000198;1,591950059
2,350631927;-0,646950007;-8,827950478;-0,423000008
2,36766016;-1,522950053;-9,253950119;-1,480950117
2,384688505;-1,83705008;-8,958000183;-2,005050182
2,401716833;-1,651950121;-9,052950859;-1,828050137
2,418744905;-2,028000116;-9,183000565;-1,351950049
2,435773134;-2,383050203;-9,537000656;-0,946950018
2,452801425;-2,470950127;-8,929050446;-0,527999997
2,469829486;-2,042999983;-8,626950264;-0,291000009
2,486857815;-1,777050138;-8,730000496;0,012
2,503886053;-1,795950055;-8,598000526;0,012
2,520914353;-2,476050138;-8,506950378;-0,657000005
2,537942442;-3,454950094;-8,530950546;-1,123950005
2,554970664;-3,970050097;-9,039000511;-1,275000095
2,571998947;-4,018050194;-9,436050415;-1,24605
2,589027015;-2,526000023;-9,367050171;-0,376950026
2,606055328;-0,42900002;-8,991000175;0,085950002
2,623083593;0,853050053;-8,662950516;-0,19995001
2,640111905;1,83705008;-9,052950859;0,721050024
2,657139957;0,961050034;-10,20300007;0,187050015
2,67416827;-1,117950082;-10,06605053;-1,414050102
2,691196482;-2,196000099;-9,975000381;-1,651050091
2,708224805;-3,106050253;-12,47700024;-0,49695003
2,725252851;-4,003950119;-13,34595108;1,923000097
2,742281171;-4,240950108;-11,34900093;1,975050092
2,759309424;-3,003000259;-11,30205059;2,353950024
2,776337497;-1,696050048;-9,597000122;4,525050163
2,793365794;-1,108950019;-9,06000042;4,627950191
2,810394011;0,619050026;-11,69205093;3,498000145
2,827422307;3,408000231;-14,44995022;3,301950216
2,844450611;5,053050041;-14,70600033;1,647000074
2,861478687;4,702950001;-12,90600014;-0,847050011
2,878507011;2,917050123;-11,76105022;-1,60800004
2,89553524;0,316950023;-10,06800079;0,634050012
2,912563323;-2,838000059;-8,344950676;2,562000036
2,929591625;-4,459050179;-7,770000458;2,787000179
2,946619817;-3,730950117;-8,080950737;2,458950043
2,96364814;-1,651950121;-9,131999969;3,067050219
2,980676429;-0,031050002;-9,1039505;3,043050051
2,997704524;0,861000061;-8,115000725;1,789050102
3,014732815;1,533000112;-7,207050323;1,501050115
3,031761049;1,627050042;-6,736050129;1,35495007
3,048789133;0,513000011;-6,324000359;1,968000054
3,065817671;-0,502950013;-6,118050098;2,752950191
3,082845741;-1,051050067;-5,950050354;2,404050112
3,099874001;-0,987000048;-5,779950142;1,879950047
3,116902309;-0,855000019;-5,301000118;1,123050094
3,13393039;-0,00795;-5,127000332;0,342000008
3,150958687;0,384000003;-5,368050098;0,583950043
3,167987;-0,063000001;-5,61495018;0,89805007
3,185015226;-1,23300004;-5,53605032;1,279050112
3,202043539;-2,754000187;-4,81305027;1,614000082
3,21907163;-3,93900013;-4,638000011;2,145000219
3,236099908;-5,15805006;-5,80395031;4,420050144
3,253128148;-6,430950165;-10,27005005;8,595000267
3,270156473;-11,04795074;-17,33505058;10,31505013
3,287184509;-12,8220005;-15,90600109;7,663950443
3,304212847;-4,948950291;-10,14495087;7,542000294
3,321241172;-3,103050232;-9,967950821;7,542000294
3,338269428;-1,861050129;-10,90605068;4,639950275
3,355297765;1,417950034;-10,5499506;5,08095026
3,372325837;4,107000351;-10,65705013;2,827950239
3,389354132;5,629950047;-13,90395069;0,031050002
3,406382366;4,407000065;-14,63400078;0,541050017
3,423410688;0,37500003;-12,22305012;0,181950003
3,440438784;-4,504050255;-8,292000771;-1,189050078
3,457467111;-4,402950287;-5,289000034;-3,720000267
3,47449541;-0,967950046;-5,637000084;-6,933000565
3,491523639;1,950000048;-8,437950134;-4,543050289
3,508551983;1,291950107;-9,894000053;-1,234050035
3,525580031;-2,473950148;-9,393000603;-1,692000031
3,542608298;-4,565999985;-9,034049988;-0,882000029
3,559636529;-2,428050041;-9,694950104;0,646050036
3,576664823;0,187950015;-9,913050652;3,151050091
3,593692886;1,476000071;-9,613950729;3,670050144
3,610721173;0,379050016;-8,634000778;0,553050041
3,627749467;-2,208000183;-8,380949974;-1,83795011
3,644777684;-4,501950264;-8,280000687;-1,534050107
3,661805762;-5,160000324;-8,376000404;0,261000007
3,678834053;-4,356000423;-8,637000084;1,40805006
3,695862337;-3,003000259;-8,965050697;0,907050014
3,712890597;-2,042999983;-9,147000313;0,553050041
3,729918925;-1,26000011;-8,721000671;1,374000072
3,746947221;-1,047000051;-8,368950844;2,299050093
3,763975308;-1,141950011;-8,317950249;0,84495002
3,781003632;-0,85800004;-7,636050224;0,160050005
3,798031955;-1,489950061;-7,080000401;4,360050201
3,815060179;-1,672050118;-7,21200037;4,990050316
3,832088467;-1,762950063;-7,312950134;1,045950055
3,849116563;-0,295050025;-6,922050476;-3,355950117
3,866144881;-0,039000001;-5,7520504;3,156000137
3,883173107;1,975950122;-6,724050522;4,71900034
3,90020142;1,282050014;-7,018050194;-1,318050027
3,917229684;-1,711950064;-9,250050545;-2,343000174
3,934257764;-4,674000263;-9,982050896;1,993950129
3,951286074;-4,456050396;-8,572050095;2,907000065
3,968314365;-3,376050234;-7,260000229;0,160050005
3,985342615;-3,060000181;-6,817050457;0,181950003
4,002370684;-3,994050264;-7,528050423;2,848950148
4,019398995;-3,264000177;-8,059950829;2,695950031
4,036427294;-1,717050076;-8,208000183;3,043050051
4,053455616;-1,482000113;-8,586000443;3,927000284
4,07048386;-2,57400012;-8,506950378;4,483950138
4,087512177;-3,83100009;-7,693050385;3,69900012
4,1045405;-3,730950117;-8,148000717;4,875
4,121568573;-2,896950245;-11,07900047;6,784950256
4,138596811;-0,910050035;-13,56705093;3,82095027
4,15562514;0,874950051;-15,12000084;3,603000164
4,172653449;3,018000126;-16,13805008;1,350000024
4,189681767;1,320000052;-12,54195023;1,894050121
4,20670987;0,954000056;-9,361950874;3,709050179
4,223738179;1,323000073;-9,987000465;4,93200016
4,240766391;0,430050015;-9,568050385;3,828000069
4,257794684;0,730950058;-7,927950382;2,758050203
4,274822752;1,134000063;-6,328950405;2,875950098
4,291851054;0,577950001;-6,244950294;3,733050108
4,308879371;-1,387050033;-5,473950386;3,868950129
4,325907661;-3,003000259;-4,759950161;2,382000208
4,342935904;-2,869050026;-5,191050053;3,22995019
4,359964208;7,699050426;-1,621050119;4,009950161
4,376992291;-0,754950047;-3,325950146;2,670000076
4,394020544;-1,59495008;-5,182050228;3,024000168
4,411048844;-3,253950119;-7,131000519;2,038050175
4,428077087;-4,348050117;-8,517000198;0,759000063
4,44510542;-4,312050343;-8,479050636;2,109000206
4,462133723;-2,929050207;-8,062050819;3,192000151
4,479161818;-2,078999996;-7,966050148;2,878050089
4,496190117;-1,437000036;-7,866000175;2,928000212
4,51321843;-1,384050012;-6,793050289;3,526950121
4,530246661;-1,360050082;-6,391050339;3,490950108
4,547274968;-1,108950019;-6,62100029;4,249950409
4,564303005;-1,135050058;-6,882000446;4,741050243
4,581331338;-1,750950098;-7,01295042;3,907050133
4,598359664;-2,149950027;-6,469950199;3,907050133
4,615387987;-1,717050076;-8,632050514;4,735949993
4,632416188;-0,874050021;-15,53700066;6,598950386
4,649444492;-2,446950197;-20,59605026;2,677050114
4,666472558;-3,429000139;-19,02600098;-7,752000332
4,683500866;-2,998050213;-15,54705048;-3,67200017
4,700529204;-1,195050001;-13,45905018;7,200000286
4,717557428;-6,561000347;-12,07695103;2,272050142
4,734585756;-4,89195013;-16,49205017;0,508050025
4,751614073;0,015000001;-15,90600109;-1,122000098
4,768642357;1,789950132;-11,05995083;-5,037000179
4,785670471;0,625950038;-8,574000359;-5,412000179
4,802698767;-0,807000041;-9,468000412;-2,518050194
4,819726983;-1,528050065;-10,49700069;0,211050004
4,836755303;-0,802050054;-9,973050117;1,906050086
4,853783612;0,559050024;-8,641050339;2,289000034
4,870811915;1,677000046;-7,837050438;1,555950046
4,887839975;1,717950106;-7,480050564;0,247050017
4,904868265;0,370050013;-6,751950264;-0,058950003
4,921896497;-0,714000046;-6,331050396;1,048950076
4,938924795;-2,253000021;-6,582000256;1,261950016
4,955953121;-3,130050182;-8,653050423;1,960950136
4,972981394;-3,55305028;-11,9100008;3,28305006
4,990009462;-4,011000156;-9,831000328;4,611000061
5,00703777;-4,180950165;-6,609000206;5,956950188
5,02406608;-3,27300024;-4,899000168;4,920000076
5,0410944;-1,522950053;-4,114050388;2,791950226
5,05812265;0,754950047;-5,184000015;2,173950195
5,07515097;2,836050034;-8,124000549;1,840950131
5,09217906;2,497950077;-9,168000221;-0,910950065
5,1092074;0,049050003;-8,601000786;-1,291950107
5,12623572;-2,434950113;-7,602000237;0,181950003
5,14326402;-3,880950212;-7,894050598;3,085950136
5,16029224;-3,892950296;-7,969050407;3,618000269
5,17732057;-3,433950186;-8,412000656;2,988000154
5,1943489;-3,697050095;-8,221950531;1,446000099
5,21137721;-3,586950064;-7,341000557;3,903000116
5,22840547;-4,140000343;-7,921050549;7,86000061
5,24543351;-3,568050146;-11,31405067;6,457050323
5,26246179;-1,411050081;-15,11595058;6,733050346
5,27949002;-1,506000042;-17,65095139;7,213950157
5,29651834;-0,987000048;-16,29600143;5,890050411
5,31354659;0,283950001;-11,55105019;3,436050177
5,3305749;-0,859950066;-7,897050381;4,93200016
5,34760296;-0,556050003;-6,786000252;4,077000141
5,36463124;0,906000018;-7,618950367;4,008000374
5,38165954;-0,573000014;-7,831950188;2,512050152
5,39868785;-2,277000189;-7,066050529;2,689050198
5,41571616;-2,46600008;-6,415050507;3,960000277
5,43274441;-1,281000018;-6,223050117;4,534950256
5,44977275;0,106050007;-6,048000336;4,54695034
5,46680104;0,181050003;-5,869050503;4,125
5,4838291;-0,838050067;-5,644050121;4,188000202
5,50085745;-1,582950115;-5,794950485;4,117949963
5,51788576;-1,174050093;-6,160950184;4,065000057
5,53491408;-0,79005003;-6,274050236;3,891000271
5,55194239;-0,81705004;-6,763950348;3,421050072
5,56897062;-1,264950037;-7,368000507;2,775000095
5,58599895;-1,759950042;-7,732050419;2,859000206
5,60302728;-2,751000166;-6,685050488;2,980950117
5,62005536;-2,608050108;-5,907000065;3,043050051
5,63708364;-1,94505012;-5,797050476;2,595000029
5,65411199;-1,474950075;-6,250050068;2,245950222
5,6711403;-1,075049996;-6,673050404;2,227050066
5,68816864;-0,541050017;-7,543050289;2,854050159
5,70519687;-0,204000011;-8,200950623;3,20595026
5,72222518;-0,082050003;-8,541000366;4,438950062
5,73925351;-1,32705009;-8,54295063;6,088950157
5,75628157;-2,208000183;-8,059950829;6,454950333
5,77330989;-2,359050035;-6,922050476;6,26295042
5,79033817;-1,719000101;-6,076950073;4,350000381
5,8073665;-0,867000043;-5,779950142;3,235050201
5,82439482;-0,312000006;-8,155050278;1,990050077
5,84142303;0,946950018;-11,78505039;1,8910501
5,85845134;1,225050092;-17,55105019;2,401050091
5,87547964;3,264000177;-24,22605133;3,223050117
5,89250794;1,183950067;-21,00300026;3,754050255
5,90953626;-3,549000263;-13,7530508;3,795000076
5,92656456;-6,910050392;-8,503050804;-5,980050087
5,94359262;-4,131000042;-9,532050133;-4,680000305
5,96062092;-0,948000073;-11,42400074;-1,740000129
5,97764924;-0,324000001;-12,63495064;0,273000002
5,99467746;-0,735000014;-13,02495098;0,369000018
6,01170575;-1,291050076;-11,53395081;-0,418050021
6,02873406;-2,518950224;-10,08300018;0,076950006
6,04576239;-4,177950382;-9,007950783;1,563000083
6,0627907;-4,960950375;-8,079000473;1,726050138
6,07981902;-4,501950264;-7,246050358;1,899000049
6,09684707;-3,244950056;-6,775950432;2,457000017
6,11387538;-1,885050058;-7,011000156;2,731950045
6,13090371;-0,786000013;-7,765050411;2,812950134
6,14793203;-0,891000032;-8,175000191;2,68200016
6,16496026;-1,717050076;-7,440000534;2,767950058
6,18198859;-2,620050192;-6,727950096;2,968950033
6,19901689;-3,34005022;-6,511050224;3,132000208
6,21604518;-3,904950142;-6,304950237;3,004950047
6,23307349;-3,549000263;-6,20595026;2,478000164
6,25010176;-2,335050106;-6,67800045;4,315050125
6,26713007;0,646950007;-7,060950279;4,101000309
6,28415813;1,204950094;-7,107000351;-0,282000005
6,30118642;-1,011000037;-7,861050606;-0,739050031
6,31821472;-3,843000174;-8,638950348;0,916950047
6,33524301;-4,708050251;-8,782950401;4,911000252
6,35227124;-2,671950102;-8,140950203;4,396049976
6,36929951;-0,360000014;-7,375050545;0,04095
6,38632782;-0,112950005;-7,317000389;1,345950007
6,40335611;-1,806000113;-7,650000572;2,836950064
6,4203842;-2,869050026;-7,806000233;3,675000191
6,43741256;-2,485950232;-6,834000111;5,073000431
6,45444084;-2,851950169;-6,793050289;6,441000462
6,47146915;-3,99600029;-8,773050308;7,671000481
6,48849748;-4,059000015;-12,36900043;7,255050182
6,50552579;-3,805050135;-13,35795021;4,180050373
6,52255411;-3,727950096;-13,29600048;2,866050243
6,53958237;-1,293000102;-14,32995033;4,615950108
6,55661069;3,219000101;-15,0510006;5,023050308
6,57363902;1,248000026;-12,9490509;6,694050312
6,59066733;-1,638000131;-12,06795025;5,200050354
6,60769564;-2,947950125;-10,69605064;4,618950367
6,62472394;-3,694950104;-8,869050026;4,350000381
6,64175225;-3,34005022;-7,498950481;4,741050243
6,65878033;-2,092950106;-7,204950333;5,13105011
6,67580863;-1,189950109;-6,685050488;4,338000298
6,69283696;-0,427050024;-6,300000191;3,453000069
6,70986525;0,103950001;-5,448000431;2,538000107
6,72689355;0,717000008;-5,335050106;2,68200016
6,74392185;1,203000069;-5,503050327;2,943000078
6,76095006;1,428000093;-5,581950188;2,57400012
6,77797837;1,19295001;-5,203050137;2,509050131
6,79500665;1,119000077;-5,092950344;2,59800005
6,81203495;0,886950016;-5,806950092;2,980950117
6,82906327;1,291950107;-6,918000221;2,21505022
6,84609154;1,609950066;-7,513950348;2,575950146
6,86311988;-0,288000017;-7,219050407;2,2120502
6,88014814;1,201050043;-6,384000301;1,738050103
6,89717646;-0,598950028;-4,795950413;1,750050068
6,91420454;-1,582950115;-3,775950193;2,13105011
6,93123286;-3,98205018;-3,534000158;2,334000111
6,94826116;-6,592050076;-4,696050167;3,04095006
6,9652895;-7,14495039;-5,61495018;4,504050255
6,98231781;-5,947950363;-7,024950504;6,639000416
6,99934611;-5,119050026;-8,179050446;6,904950142
7,01637441;-5,332050323;-8,068950653;4,00605011
7,03340273;-7,453950405;-7,363050461;2,550000191
7,05043101;-7,225950241;-7,273950577;0,487950027
7,06745927;-3,952950239;-8,275050163;1,993950129
7,08448757;-1,042050004;-11,53395081;4,911000252
7,10151585;0,183000013;-16,54305077;6,663000107
7,11854417;-1,264950037;-24,16605186;5,176050186
7,13557248;-0,252000004;-21,37905121;1,212000012
7,15260075;3,202050209;-11,97000027;-2,001000166
7,16962907;2,416950226;-12,32895088;-3,346050262
7,18665714;-1,036949992;-15,80505085;2,883000135
7,20368544;-5,29695034;-16,26300049;3,426000118
7,22071376;-4,801050186;-11,68005085;0,996000052
7,23774209;0,138000011;-9,634950638;-0,853950024
7,25477037;2,391000032;-8,457000732;-3,813000202
7,27179869;2,569950104;-8,239050865;-6,195000172
7,28882701;-0,427050024;-9,052950859;-3,103950262
7,30585531;-1,621050119;-8,641050339;-0,540000022
7,32288356;-1,303050041;-8,06400013;-0,187950015
7,33991186;-0,474000037;-7,485000134;0,742050052
7,35694015;-0,190050006;-7,519050121;0,559950054
7,37396848;0,484950036;-7,516050339;0,699000061
7,3909968;0,513000011;-6,913050175;1,378950119
7,40802513;0,340950012;-6,34305048;1,75695014
7,42505342;-0,903000057;-6,988950253;2,602950096
7,44208172;-1,569000125;-8,689050674;2,923050165
7,45911004;-1,66200006;-8,373000145;2,530950069
7,47613836;-1,918050051;-6,088950157;1,492050052
7,49316667;-1,936950088;-4,237950325;0,874050021
7,51019475;-1,315050006;-4,645050049;0,486000031
7,52722306;-1,426950097;-8,035950661;-0,076050006
7,54425141;-1,78395009;-11,24205017;-1,965000153
7,5612797;-3,343050241;-10,96395016;-1,383000016
7,57830797;-4,899000168;-9,913050652;4,884000301
7,59533626;-2,74695015;-9,451050758;4,422000408
7,61236458;0,336000025;-7,180950165;1,831950068
7,62939289;-0,337950021;-5,08095026;1,549050093
7,64642118;-1,882050037;-5,019000053;3,687000275
7,66344948;-1,522950053;-4,765050411;4,492050171
7,68047777;-2,056950092;-6,136950493;6,01695013
7,69750606;-3,031950235;-9,994050026;5,799000263
7,7145344;-4,485000134;-14,73495102;3,946050167
7,73156267;-6,157950401;-20,84805107;3,23205018
7,748591;-5,440050125;-20,99100113;4,108950138
7,76561931;-1,911000133;-13,89900112;4,888950348
7,78264757;-0,553050041;-12,01500034;3,265950203
7,79967587;-2,155050039;-13,17405033;5,856000423
7,81670419;-1,666950107;-12,30495071;4,923000336
7,83373251;0,339000017;-11,57205009;5,21505022
7,85076083;2,302050114;-10,32000065;3,98205018
7,86778914;1,380000114;-7,801050186;2,77305007
7,88481747;-1,389000058;-7,192950249;1,698000073
7,90184579;-2,968950033;-6,973050117;1,707000136
7,91887411;-3,004950047;-7,08795023;2,83005023
7,93590241;-2,340000153;-6,714000225;2,562000036
7,95293068;-1,2739501;-5,934000492;2,044950008
7,96995898;-0,163050011;-5,110050201;1,888950109
7,9869873;0,798000038;-4,642950058;1,714050055
8,00401561;1,735050082;-4,618950367;1,147050023
8,02104389;1,134000063;-5,232000351;1,183050036
8,03807216;0,481950015;-6,202050209;1,534950018
8,05510046;-0,688050032;-6,991950512;1,306950092
8,07212877;-1,590000033;-6,8770504;1,048950076
8,08915706;-3,076950073;-5,953050137;1,711950064
8,10618536;-3,369000196;-5,613000393;2,200050116
8,12321367;-3,817050219;-6,682950497;3,076950073
8,14024199;-5,701050282;-8,512050629;5,172000408
8,15727006;-8,335050583;-12,61800098;7,384050369
8,17429836;-14,3539505;-16,87800026;9,514950752
8,19132667;-19,30500031;-15,19005108;9,295050621
8,20835501;-11,22495079;-12,34995079;8,493000031
8,22538332;-3,964950085;-9,357000351;5,859000206
8,24241163;-0,120000005;-9,142050743;1,993950129
8,25943993;4,081050396;-11,52900028;-1,504950047
8,27646824;7,681950569;-16,55700111;-3,223950148
8,29349657;8,470050812;-16,34595108;-2,833950043
8,31052485;7,993050575;-12,53505039;5,839950085
8,32755316;2,017050028;-6,652050495;4,249950409
8,34458148;-2,566950083;-4,867950439;-0,697950006
8,36160978;-3,249000072;-4,711950302;-2,122950077
8,37863809;0,190050006;-7,452000141;-1,708950043
8,39566637;2,101050138;-10,55700016;-1,597950101
8,41269461;3,280950069;-11,11500072;-2,757000208
8,42972294;1,725000024;-10,79205036;-4,735050201
8,44675127;-1,042050004;-10,68900013;-5,025000095
8,46377959;-2,77305007;-9,088950157;-3,282000065
8,48080792;-1,240950108;-7,759950161;-2,803050041
8,49783624;1,500000119;-8,269950867;-1,834950089
8,51486457;3,259950161;-8,842950821;0,424050033
8,53189294;3,151950121;-9,637950897;1,221000075
8,54892118;0,97995007;-10,03995037;-1,024049997
8,56594948;-0,100950003;-10,4110508;-2,34795022
8,58297778;0,046950001;-9,798000336;-2,293050051
8,60000608;-0,082050003;-8,572050095;-1,998000145
8,61703438;-0,55095005;-7,972950459;-2,69295001
8,63406264;-2,05005002;-8,076000214;-2,64195013
8,65109094;-3,702000141;-8,42595005;-3,171000242
8,66811923;-5,068950176;-8,874000549;-3,183000088
8,68514754;-5,353950024;-9,319050789;-2,23995018
8,70217583;-3,726000071;-10,36095047;-0,090000004
8,71920415;-2,677050114;-9,982050896;0,751950026
8,73623247;-1,095000029;-9,439050674;1,252050042
8,75326079;0,351000011;-8,87100029;1,141950011
8,7702891;0,418050021;-9,094050407;-0,526050031
8,78731739;-0,055050004;-9,67800045;-2,203950167
8,8043457;-0,877050042;-8,622000694;-1,641000032
8,82137402;-1,687950134;-8,517000198;-0,492000014
8,83840232;-2,517000198;-9,420000076;-1,297050118
8,85543063;-1,782000065;-10,24305058;-0,796050012
8,87245893;0,111000009;-10,24305058;0,36195001
8,88948727;0,448950023;-12,03405094;1,329000115
8,90651558;-0,486000031;-10,88295078;1,720950127
8,92354391;-1,345950007;-11,60595036;0,271050006
8,94057221;-1,987950087;-12,24195099;0,781050026
8,95760051;-0,970050037;-10,70295048;2,707950115
8,97462882;1,456950068;-10,47300053;3,156000137
8,99165713;3,685950279;-11,48805046;3,709050179
9,00868546;3,111000061;-12,82695103;1,939050078
9,02571378;2,704050064;-13,3060503;0,867000043
9,04274208;2,878950119;-12,75495052;-1,170000076
9,0597704;2,247000217;-11,18895054;-1,684950113
9,07679869;0,559050024;-11,05305099;0,271050006
9,09382699;-0,196950004;-10,39695072;2,701050043
9,11085528;-2,497950077;-9,396000862;2,515950203
9,12788361;-3,745050192;-8,068950653;0,793050051
9,14491194;-2,164950132;-8,008950233;1,510950089
9,16194026;0,202050015;-8,589000702;2,277000189
9,17896857;1,476000071;-8,518950462;1,798050046
9,19599687;1,600050092;-8,026050568;1,306950092
9,21302518;0,195000008;-7,642950535;1,437000036
9,23005348;-1,699950099;-7,485000134;0,856950045
9,24708178;-1,542000055;-6,838950157;1,978050113
9,26411008;-0,513000011;-6,20895052;2,932950258
9,28113838;0,010950001;-5,766000271;2,842050076
9,29816668;0,202050015;-5,236950397;2,305950165
9,31519496;-0,015000001;-5,014050007;1,705050111
9,33222326;-0,757050037;-4,854000092;1,05795002
9,34925158;-1,518000126;-4,839000225;0,892950058
9,3662799;-2,674950123;-5,146050453;1,225950003
9,38330818;-4,236000061;-5,542950153;1,846050143
9,40033657;-5,659950256;-5,826000214;2,065950155
9,4173649;-6,160950184;-5,521950245;2,521050215
9,43439321;-5,968950272;-5,143050194;1,944000125
9,45142154;-5,316000462;-5,979000092;3,502950191
9,46844984;-5,478000164;-7,188000202;5,695950508
9,48547815;-6,106050491;-10,08495045;8,421000481
9,50250649;-7,786950588;-14,35200024;11,36100101
9,51953478;-8,584050179;-18,08505058;10,1209507
9,53656307;-4,534950256;-16,92794991;8,278950691
9,55359136;-2,803950071;-10,56600094;6,418950081
9,57061966;1,591050029;-8,899950027;4,009950161
9,58764799;6,355050087;-15,91800117;1,657050133
9,60467628;7,770000458;-18,99195099;0,060000002
9,62170457;6,777000427;-12,67095089;0,534000039
9,63873287;2,874000072;-6,094050407;-3,13800025
9,65576117;-0,235050008;-4,243050098;-6,849000454
9,67278948;-1,458000064;-4,309950352;-8,854949951
9,68981779;-1,429950118;-6,135000229;-5,532000065
9,70684611;-2,76300025;-9,079950333;-1,279950023
9,72387444;-2,572050095;-10,78200054;-0,772050023
9,74090275;-0,915000022;-11,91195011;-2,049000025
9,75793107;0,172950015;-10,90605068;-1,1410501
9,77495939;0,505950034;-9,781050682;1,105949998
9,7919877;0,339000017;-9,445950508;2,967000246
9,80901601;0,769950032;-9,139050484;3,274950266
9,82604432;1,654950023;-9,067950249;2,848950148
9,84307262;1,738950133;-9,301950455;1,884000063
9,86010093;0,802950025;-9,124950409;0,237000018
9,87712925;0,118050009;-9,183000565;-1,186950088
9,89415777;-0,532050014;-9,456000328;-1,890000105
9,91118605;-1,537050128;-9,4789505;-2,014950037
9,92821411;-2,742000103;-9,123000145;-1,789950132
9,9452424;-3,180000067;-8,93805027;-1,093050003
9,9622707;-2,821050167;-9,168000221;-0,87105006
9,97929922;-2,208000183;-9,025050163;0,085950002
9,99632756;-1,924950123;-9,123000145;1,027050018
10,01335586;-1,432050109;-9,130050659;2,080950022
10,03038418;-1,036949992;-8,979000092;2,950050116
10,04741247;-0,913050056;-8,73195076;2,643000126
10,06444077;-1,621050119;-8,634000778;2,121000051
10,0814691;-2,826000214;-8,365950584;1,900950074
10,09849743;-3,193950176;-7,825050354;0,796950042
10,11552576;-1,678950071;-7,480050564;-1,941000104
10,13255416;0,079950005;-6,300000191;-0,847050011
10,14958248;0,826950014;-6,084000111;7,176000118
10,16661071;0,801000059;-7,198050499;7,702050209
10,18363899;0,00795;-7,255050182;2,815950155
10,2006673;-1,954050064;-6,501000404;2,859000206
10,21769567;-0,058050003;-7,321950436;-2,197050095
10,23472397;2,130000114;-6,07005024;-0,406050026
10,25175227;1,897050142;-5,74695015;-2,044049978
10,26878057;-1,317000031;-5,847000122;-2,69505024
10,28580884;-3,84795022;-7,015950203;1,482000113
10,30283715;-5,634000301;-9,256950378;5,353950024
10,31986546;-7,236000538;-10,24800014;4,27905035
10,33689376;-7,293000221;-8,670000076;7,039050102
10,35392203;-4,243050098;-9,196950912;8,641050339
10,37095035;-1,609050035;-10,67205048;5,980950356
10,38797865;-2,28000021;-11,17500019;4,567950249
10,40500696;-3,352050066;-13,02300072;4,125
10,42203528;-3,175050259;-15,67095089;4,767000198
10,43906359;-1,954050064;-15,27105045;5,707950115
10,45609191;0,006;-12,41205025;3,579000235
10,47312021;-0,063000001;-10,3369503;4,852950096
10,49014875;-0,948000073;-9,669000626;3,316050053
10,50717705;-0,730950058;-8,536050797;2,919000149
10,52420534;-1,114050031;-7,61400032;2,449050188
10,54123366;-1,356000066;-7,516050339;4,080000401
10,55826199;-1,714950085;-7,68900013;4,18500042
10,57529031;-1,522950053;-7,738950253;3,424050093
10,59231863;-0,996000052;-7,19505024;3,44505024
10,60934695;-0,715950012;-6,444000244;3,298950195
10,62637525;0,328950018;-5,53605032;2,701050043
10,64340356;1,360950112;-4,645050049;2,74905014
10,66043189;1,615050077;-4,437000275;2,667000055
10,67746029;1,360950112;-4,507050037;2,515950203
10,69448861;0,649950028;-4,875;2,149950027
10,71151686;-0,112950005;-6,223050117;2,161950111
10,72854524;-2,13105011;-7,657050133;2,406000137
10,74557353;-4,888950348;-8,328000069;2,559000015
10,76260182;-6,007950306;-7,714950562;2,974050045
10,77963011;-5,665050507;-6,496050358;3,711000204
10,7966584;-4,642950058;-5,644050121;3,409050226
10,81368674;-3,285000086;-6,256950378;1,95600009
10,83071503;-2,428050041;-6,748050213;0,201000005
10,84774336;-1,593000054;-6,508050442;0,117000006
10,86477187;-1,15200007;-6,550950527;0,93900007
10,88180017;-0,472050011;-7,167000294;2,514000177
10,89882846;-0,349950016;-8,203050613;5,578950405
10,91585678;0,078000002;-11,25405025;9,649050713
10,93288508;-0,391050011;-15,10095024;9,25605011
10,94991339;-1,759950042;-17,98904991;4,828950405
10,96694171;-1,55400002;-18,32400131;-3,147000074
10,98397003;-0,771000028;-15,60900116;-4,123950005
11,00099834;-2,110050201;-12,50595093;1,384050012
11,01802663;-5,13105011;-13,44405079;3,129000187
11,03505499;-9,927000046;-11,90505028;-3,253050089
11,05208331;-7,911000252;-10,81800079;-2,839050055
11,06911161;-1,930050135;-10,26000023;-1,480950117
11,08613993;1,336950064;-9,970050812;-1,573950052
11,10316826;2,81400013;-10,15005016;-4,099950314
11,12019658;4,810950279;-11,44800091;-3,748050213
11,13722491;5,395050049;-10,49700069;-0,412950009
11,15425323;3,889050245;-9,280950546;-0,765000045
11,17128152;1,762950063;-9,664050102;0,259050012
11,18830982;-0,393000007;-11,41905022;2,356050014
11,20533835;-2,10495019;-10,66200066;2,386950016
11,22236667;-1,888950109;-8,407050133;1,135050058
11,23939476;-0,699000061;-7,701000214;-0,301050007
11,25642331;-1,035000086;-8,328000069;0,048
11,27345162;-1,569000125;-8,718000412;0,595950007
11,2904799;-2,481000185;-8,389950752;0,274950028
11,30750821;-3,094050169;-7,978050232;1,000950098
11,32453651;-3,393000126;-7,612050533;2,623950243
11,34156479;-3,166050196;-7,033050537;3,310950041
11,35859321;-2,782950163;-6,147000313;2,931000233
11,37562151;-2,629050016;-5,172000408;3,924000263
11,39264974;-1,47300005;-5,005050182;3,83100009
11,40967813;-0,331050009;-5,890050411;2,896950245
11,42670641;0,328950018;-7,638000488;-0,403950006
11,44373471;0,786000013;-9,178050041;-0,504000008
11,46076299;0,255000025;-9,34995079;-0,186000004
11,47779134;-1,636050105;-8,503050804;-1,333050013
11,49481963;-4,528050423;-8,119950294;-0,721950054
11,51184818;-6,106050491;-8,80395031;4,603950024
11,5288765;-5,778000355;-10,20495033;6,21600008
11,5459048;-3,157950163;-9,013050079;2,047049999
11,56293311;-2,044950008;-7,180950165;3,538950205
11,57996142;-2,032950163;-8,160000801;4,801050186
11,59698979;-3,088950157;-11,15100098;5,346000195
11,6140181;-4,810050011;-14,23905087;5,128950119
11,63104642;-5,845050335;-16,98795128;4,876950264
11,64807473;-3,460050106;-15,7140007;5,272050381
11,665103;0,211950004;-11,61000061;4,081950188
11,68213131;3,442050219;-9,361950874;1,270950079
11,69915961;2,170050144;-9,223050117;4,843950272
11,71618792;0,396000028;-10,31700039;6,160050392
11,73321624;-2,028000116;-9,726000786;4,249950409
11,75024479;-1,450950027;-8,827950478;2,155050039
11,7672731;0,41505003;-7,171050549;3,414000273
11,78430143;0,748050034;-6,444000244;4,486950397
11,80132973;-0,175050005;-6,523050308;4,366950035
11,81835805;-0,853050053;-6,910050392;3,069000244
11,83538634;-0,406950027;-6,676050186;2,518950224
11,85241466;0,387000024;-5,791950226;2,626950026
11,86944305;0,700050056;-5,392050266;3,514950275
11,88647133;1,105050087;-5,662950039;3,259050131
11,90349965;0,778950036;-6,15405035;2,983050108
11,92052794;0,825000048;-6,415050507;2,635950089
11,93755622;0,19995001;-6,8770504;1,855950117
11,95458455;-0,68295002;-6,858000278;1,618950129
11,97161286;-2,971950054;-6,690000534;2,527950048
11,98864118;1,275000095;-6,355050087;1,611000061
12,00566973;0,484950036;-5,554950237;2,823000193
12,02269805;-1,129950047;-5,710950375;2,683950186
12,03972636;-2,17200017;-5,992950439;2,326950073
12,05675466;-2,446950197;-6,444000244;3,181950092
12,07378297;-3,202050209;-6,834000111;4,683000088
12,09081127;-3,87405014;-7,417950153;4,908000469
12,10783958;-4,168950081;-7,971000195;4,237950325
12,12486796;-4,54695034;-7,878000259;3,321000099
12,14189627;-3,870000124;-7,236000538;3,163050175
12,1589246;-2,680050135;-7,33395052;3,04095006
12,17595288;-0,937050045;-9,55095005;2,392050028
12,1929812;0,463050008;-14,22300053;3,402000189
12,2100095;0,625950038;-23,68695068;4,960950375
12,22703802;0,298050016;-21,61905098;4,209000111
12,24406614;-0,92505002;-9,29805088;1,183050036
12,26109468;-2,397000074;-8,778000832;-5,467950344
12,27812301;-4,381950378;-14,26995087;-2,866950035
12,29515141;-8,584050179;-23,11500168;1,221000075
12,31217972;-8,128950119;-11,56500053;2,890050173
12,32920794;-2,53395009;-8,200950623;-3,265050173
12,34623632;0,85800004;-8,104949951;-4,099950314
12,36326464;4,332000256;-8,632050514;-3,09705019
12,38029293;5,986950397;-10,15005016;-2,238000154
12,39732124;4,593000412;-11,083951;-2,107950211
12,41434979;0,718950033;-10,58295059;-0,322050005
12,43137808;-0,288000017;-9,076950073;1,40805006
12,44840638;0,010950001;-7,987950325;1,935000062
12,4654347;0,757950008;-7,966050148;0,309000015
12,48246299;0,907950044;-7,867950439;-1,435950041
12,49949129;-0,136950001;-8,220000267;-0,519000053
12,51651961;-1,72905004;-9,772050858;1,237950087
12,53354797;-3,064950228;-10,37700081;2,047049999
12,55057625;-4,09005022;-9,180000305;2,197950125
12,56760456;-4,281000137;-7,108950138;1,045950055
12,58463288;-3,879000187;-5,341950417;-0,043950003
12,60166117;-3,355050087;-4,22205019;2,952000141
12,61868946;-2,086050034;-4,176000118;6,892950535
12,63571778;-0,295050025;-5,809050083;5,635950089
12,65274632;1,216950059;-7,296000481;2,575950146
12,66977462;1,882950068;-8,970000267;-0,054000001
12,68680293;1,7700001;-9,592050552;0,601050019
12,7038312;0,66900003;-7,782000542;0,196050003
12,72085959;-2,329950094;-7,638000488;0,109950006
12,73788783;-4,758000374;-8,344950676;2,428050041
12,75491616;-5,431050301;-8,850000381;2,562000036
12,77194457;-4,308000088;-7,662000179;2,860950232
12,78897288;-3,646950245;-7,303050518;2,575950146
12,80600121;-4,497000217;-9,585000038;6,667950153
12,82302952;-5,292000294;-13,25505066;6,682050228
12,84005806;-4,096950054;-16,61205101;7,171050549
12,85708636;-1,975950122;-17,66595078;4,030050278
12,87411467;0,748050034;-13,55700111;4,565999985
12,89114301;1,288950086;-10,01100063;1,966050148
12,90817131;1,906950116;-9,817050934;1,16595006
12,92519968;0,006;-10,85895061;4,731000423
12,94222797;0,190050006;-11,63700008;4,61400032
12,95925626;0,706950009;-10,29105091;4,024950027
12,97628458;0,492000014;-8,3539505;4,207050323
12,99331286;-0,178050011;-7,240950108;4,516050339
13,01034141;-1,059000015;-6,843000412;4,705049992
13,02736972;-0,847950041;-7,068000317;4,726050377
13,04439802;0,535050035;-6,784050465;3,991050243
13,06142635;0,978000045;-6,313950062;3,381000042
13,07845472;0,717000008;-6,106050491;3,280050039
13,09548305;0,45600003;-6,147000313;3,141000032
13,11251135;0,276000023;-6,028950214;3,477000237
13,12953966;0,085050002;-5,617950439;3,943050146
13,14656796;0,126000002;-5,823000431;3,481050253
13,16359647;-0,445950031;-6,037050247;2,731950045
13,1806248;-0,553050041;-6,538950443;2,397000074
13,19765309;-0,702000022;-6,819000244;2,725050211
13,2146814;-0,916950047;-6,991950512;2,658000231
13,2317098;-1,059000015;-7,003950119;2,68200016
13,24873803;-1,411050081;-6,724050522;2,992950201
13,26576641;-1,894050121;-6,658950329;3,520050049
13,2827947;-2,086050034;-7,317000389;4,096950054
13,29982302;-2,221950054;-8,047950745;4,180050373
13,31685134;-2,111999989;-8,878950119;4,618950367
13,3338799;-2,18204999;-9,127950668;4,303050041
13,35090821;-1,927950144;-8,761050224;3,655950069
13,36793654;-1,267050028;-7,950000286;3,546000242
13,38496485;-0,676050007;-7,225950241;3,967050076
13,40199317;-0,406950027;-7,132950306;4,152000427
13,41902146;-0,142050013;-7,284000397;4,819950104
13,43604982;-0,046050001;-8,176950455;4,468050003
13,45307813;0,322050005;-10,53105068;4,075050354
13,47010644;-0,109950006;-16,4640007;2,895000219
13,48713476;-2,122050047;-21,69795036;1,11105001
13,5041633;-1,447050095;-18,07995033;-0,792000055
13,5211916;-2,410950184;-8,574000359;-0,592950046
13,53821992;-3,514950275;-7,894050598;-0,475050032
13,55524823;-3,594000101;-13,21695042;-1,372950077
13,57227655;-2,968950033;-16,07595062;1,116000056
13,58930492;-1,545000076;-12,46995068;1,279050112
13,60633324;-0,72300005;-9,786000252;-3,094950199
13,62336155;0,478050023;-8,230050087;-4,558050156
13,6403901;0,637950003;-7,729050159;-3,696000099
13,65741841;0,585000038;-9,111000061;-1,645950079
13,67444671;-0,112950005;-10,0159502;-0,01305
13,69147501;-1,189950109;-9,637950897;0,832950056
13,70850337;-1,21905005;-8,875950813;1,34100008
13,72553174;0,010950001;-8,662950516;1,534950018
13,74256002;1,047000051;-8,608050346;0,618000031
13,7595883;0,68295002;-8,098050117;0,131999999
13,7766166;-0,538950026;-7,73595047;0,259050012
13,79364515;-1,309950113;-8,158050537;0,565050006
13,81067322;-1,723950028;-9,178050041;1,390950084
13,82770177;-2,34705019;-9,171000481;1,645050049
13,84473008;-2,779950142;-7,899000168;0,418950021
13,86175837;-2,719950199;-6,658950329;-0,171000004
13,87878673;-2,269950151;-6,925050259;0,643950045
13,89581502;-2,06400013;-9,372000694;2,406000137
13,91284331;-2,602950096;-11,18895054;4,789050102
13,92987161;-4,518000126;-8,488050461;3,759000063
13,94690012;-4,305000305;-5,89800024;1,255050063
13,96392844;-1,027950048;-4,270050049;2,968950033
13,98095674;3,577950239;-4,243050098;5,476050377
13,99798505;5,458050251;-7,321950436;-0,502050042
14,01501334;0,882000029;-9,433950424;-3,925950289
14,03204174;-2,947950125;-10,81095028;-1,681950092
14,04907005;-5,196000099;-10,7890501;7,318950176
14,06609842;-4,317000389;-9,787950516;7,408050537
14,08312672;-0,379050016;-8,503050804;1,201950073
14,10015529;0,408000022;-5,761050224;-0,463050008
14,11718359;-1,759950042;-6,340950489;1,147050023
14,1342119;-4,532999992;-10,22700024;7,699950218
14,15124021;-5,908950329;-16,48995018;9,66795063
14,16826853;-2,968950033;-17,13405037;5,689050198
14,18529689;0,109050006;-15,92295074;5,827950478
14,20232521;2,119950056;-15,28095055;5,373000145
14,21935349;2,284950018;-12,76395035;3,89805007
14,23638203;3,76695013;-10,52100086;1,918050051
14,25341008;2,464950085;-7,789050579;3,919050217
14,27043863;0,943950057;-6,964950562;3,366000175
14,28746693;-0,157950014;-7,119000435;2,353950024
14,30449524;-0,892950058;-6,637050152;2,461050034
14,32152363;-1,024950027;-5,518950462;2,610000134
14,33855195;0,208950013;-4,758000374;3,08100009
14,35558026;0,77700001;-4,930050373;3,357000113
14,37260857;-0,043050002;-5,440050125;2,851950169
14,38963712;-0,775950015;-5,989050388;2,559000015
14,40666544;-1,284000039;-6,268950462;2,932950258
14,42369374;-1,276950002;-6,49905014;3,5239501
14,44072211;-1,174050093;-6,501000404;3,928950071
14,45775044;-0,988950074;-6,232950211;3,490950108
14,47477876;-0,867000043;-6,217950344;3,424050093
14,49180703;-1,106999993;-6,130050182;3,22995019
14,50883536;-1,530000091;-6,316950321;3,673050165
14,52586391;-2,344050169;-6,123000145;4,101000309
14,54289221;-2,719950199;-6,20895052;4,354950428
14,55992053;-3,228000164;-7,009050369;3,972000122
14,57694882;-3,012000084;-8,206049919;4,294950008
14,5939772;-1,972950101;-8,743950844;5,59800005
14,61100552;-1,356000066;-8,467050552;6,67800045
14,62803382;-2,410950184;-7,440000534;6,34005022
14,64506212;-2,457000017;-8,083950043;5,848950386
14,66209043;-0,843000054;-9,919950485;5,289000034
14,679119;1,027950048;-10,19505024;6,618000507
14,6961473;1,620000124;-8,959950447;8,539950371
14,7131756;0,655050039;-7,01295042;7,081950188
14,73020401;0,376950026;-6,328950405;5,332050323
14,74723233;-0,574950039;-9,160950661;1,744950056
14,76426063;-3,823950291;-10,36995029;-1,531050086
14,78128892;-4,663950443;-12,65205097;-3,871050119
14,79831722;-3,019950151;-18,09900093;-2,116050005
14,81534552;0,039000001;-18,54405022;0,847950041
14,83237404;1,501950026;-11,82600021;0,880950034
14,84940234;1,207950115;-11,01405048;-0,328950018
14,86643063;1,299000025;-12,90300083;-3,133050203
14,883459;1,375050068;-11,69400024;-3,49695015
14,90048724;-0,913050056;-9,307050705;-5,508000374
14,91751561;-2,470950127;-10,67700005;-4,864050388
14,93454389;-0,163050011;-11,33295059;-1,396950126
14,95157221;2,872050047;-10,47600079;0,40200001
14,96860078;4,282050133;-9,817050934;-1,315950036
14,98562909;3,075000048;-10,29795074;-0,829950035
15,00265739;0,552000046;-11,19900036;-1,24605
15,0196857;-2,292000055;-10,40805054;-1,816050053
15,03671411;-3,570000172;-8,99805069;-2,428950071
15,05374242;-3,798000097;-8,098050117;-2,688000202
15,07077074;-3,421950102;-7,474950314;-2,407950163
15,08779925;-2,578950167;-7,569000244;-1,414050102
15,10482757;-1,501950026;-8,281949997;-1,026000023
15,12185589;0,102000006;-8,626950264;-1,267950058
15,13888418;1,405950069;-8,625;-0,823050022
15,1559125;1,08795011;-9,075000763;-0,607050002
15,17294089;0,058050003;-8,989050865;-1,004999995
15,18996921;-0,846000016;-8,503050804;-1,428000093
15,20699753;-1,866000056;-8,833050728;-1,72995007
15,22402582;-2,032950163;-9,706950188;-2,110949993
15,24105436;-1,894050121;-10,11600018;-1,94595015
15,25808243;-0,889050067;-10,32900047;-1,195950031
15,27511096;-0,606000006;-10,3560009;-1,524000049
15,29213927;-1,78395009;-10,25295067;-1,582050085
15,30916757;-3,084000111;-10,44000053;0,247050017
15,32619596;-2,377950191;-10,48695087;1,318950057
15,34322425;-1,489950061;-10,43505096;0,766050041
15,36025254;-2,389950037;-10,93305016;-0,970950067
15,37728084;-3,919950247;-11,50500011;-0,436950028
15,39430938;-4,048950195;-10,70805073;1,021950006
15,41133771;-2,968950033;-10,56600094;1,065000057
15,42836601;-1,650000095;-10,46595097;1,257000089
15,44539433;0,636000037;-10,20495033;1,719000101
15,46242264;2,81400013;-10,89495087;2,454000235
15,47945102;4,330049992;-11,69205093;3,058050156
15,49647934;4,231950283;-12,70695019;1,735950112
15,51350764;4,276950359;-13,21005058;-0,054000001
15,53053616;4,528950214;-13,07100105;-0,729000032
15,54756447;4,366050243;-11,8570509;-0,973050058
15,56459279;2,323050022;-10,98795033;-0,913950026
15,58162108;0,691050053;-10,42500019;-0,729000032
15,59864935;-1,0200001;-9,36495018;2,161950111
15,61567766;-4,231050014;-8,718000412;2,920950174
15,63270608;-3,534000158;-8,958000183;2,377950191
15,6497344;-1,59495008;-8,974050522;2,338950157
15,66676269;0,676050007;-8,61000061;1,896000147
15,68379121;1,966950059;-7,978050232;1,630950093
15,70081955;1,936050057;-6,748050213;1,843950033
15,71784789;1,414050102;-5,662950039;1,78395009
15,73487621;1,180950046;-5,328000069;2,631000042
15,75190453;0,304950029;-5,257950306;2,66505003
15,76893293;-0,259050012;-5,718000412;2,29095006
15,78596125;-0,891000032;-5,806950092;2,109000206
15,80298956;-1,156949997;-5,566950321;2,077950001
15,82001808;-1,482000113;-5,574000359;2,145000219
15,83704637;-1,851000071;-5,577000141;1,96995008
15,85407468;-2,308050156;-5,797050476;2,253000021
15,87110298;-2,983950138;-6,013050079;2,638950109
15,88813136;-3,477000237;-6,088950157;3,265950203
15,90515964;-4,024950027;-5,875950336;3,816000223
15,92218793;-4,237950325;-5,910000324;4,312050343
15,93921645;-4,504050255;-6,445950508;5,880000114
15,95624476;-4,777050018;-7,759950161;7,81305027
15,97327309;-5,260950089;-10,0710001;9,691950798
15,99030138;-6,486000538;-13,04505062;11,13105011
16,00732967;-7,164000511;-14,1820507;9,733050346
16,02435804;-3,235050201;-12,34800053;6,199050426
16,04138636;-0,297000021;-8,242050171;6,838050365
16,05841466;1,207950115;-4,315050125;5,293950081
16,0754432;3,061050177;-6,834000111;4,824000359
16,09247152;6,436950207;-12,81495094;3,808950186
16,10949986;7,948050499;-21,50595093;-0,661950052
16,12652818;5,56305027;-21,56805038;-1,67505002
16,14355649;1,119000077;-10,38705063;2,956950188
16,16058476;-3,97995019;-8,81400013;1,120950103
16,17761316;-5,14800024;-4,602000237;-1,804050088
16,19464147;-3,999000072;-1,678950071;-6,11400032
16,21166979;0,169050008;-3,628050089;-9,757950783
16,22869832;3,042000055;-10,71705055;-7,692000389
16,24572664;3,858000278;-12,64695072;-2,257050037
16,26275497;-0,514950037;-10,75800037;0,627000034
16,27978325;-5,93805027;-10,08495045;1,270950079
16,29681152;-6,658950329;-9,570000648;2,200050116
16,3138399;-0,883950055;-9,405000687;2,350950003
16,33086819;4,822950363;-8,562000275;2,583000183
16,3478965;7,987950325;-8,019000053;1,495950103
16,36492484;4,507050037;-8,026050568;-0,589950025
16,38195342;-0,328050017;-9,094050407;-2,355000019
16,39898176;-3,691950083;-10,00905037;-3,118950129
16,41601008;-5,263050079;-9,68295002;-3,363000154
16,43303846;-4,018050194;-9,094050407;-2,422049999
16,45006676;-2,742000103;-8,935950279;-1,43295002
16,46709505;-2,433000088;-8,980950356;-0,787050009
16,48412364;-2,068950176;-8,99805069;-0,427950025
16,50115172;-0,960000038;-8,919000626;-0,396000028
16,51818028;0,190050006;-8,935950279;-0,44205001
16,53520856;0,454050034;-9,526950836;-0,532950044
16,55223687;-0,010050001;-9,640050888;-0,945000053
16,5692652;-0,778950036;-9,345000267;-1,855050087
16,58629349;-0,814050019;-9,084000587;-2,194950104
16,6033218;-0,811950028;-8,317950249;-3,127950191
16,62035009;-0,403050005;-8,515049934;-3,078000069
16,63737842;-0,799950063;-8,779950142;-2,673000097
16,65440676;-0,81705004;-8,61495018;-2,101050138
16,67143529;-0,024;-9,562950134;-0,865950048
16,68846358;0,556950033;-9,838950157;-0,532950044
16,70549187;0,724050045;-10,37295055;-0,757950008
16,72252025;-0,13395001;-10,09200001;-1,021050096
16,73954856;-1,390950084;-9,562950134;-1,16505003
16,75657686;-2,560050011;-9,705000877;-0,604950011
16,77360517;-3,07005024;-10,15905094;-1,383000016
16,79063377;-3,606000185;-9,879000664;-1,512000084
16,807662;-3,484050274;-9,846000671;-0,568949997
16,8246903;-2,967000246;-9,718950272;0,472050011
16,8417186;-2,160000086;-9,652050018;1,518000126
16,8587469;-2,011950016;-10,10700035;1,189950109
16,87577529;-1,525950074;-10,99695015;1,032000065
16,89280358;0,949050069;-9,637950897;3,213000059
16,9098319;1,501950026;-9,717000008;1,779000044
16,92686045;0,68295002;-16,66500092;-0,697950006
16,94388853;6,28605032;-16,88505173;3,663000107
16,96091709;8,850000381;-15,97500038;4,306950092
16,9779454;9,954000473;-17,83605003;-1,596000075
16,99497371;8,977050781;-17,77605057;-2,875050068
17,01200209;7,057050228;-13,08795071;-2,175000191
17,0290304;2,311950207;-7,999950409;0,711000025
17,04605872;-1,854000092;-6,517950535;2,940000057
17,06308703;-4,039950371;-7,588050365;2,442000151
17,08011534;-4,447050095;-9,469950676;2,385000229
17,09714385;-0,421950012;-9,409950256;2,521050215
17,11417216;1,390050054;-8,031000137;1,398000121
17,13120047;1,228950024;-6,772050381;0,181950003
17,14822877;1,927950144;-6,373950481;-0,748050034
17,16525715;3,276000261;-6,001050472;-1,431000113
17,18228546;3,454050064;-5,341950417;-1,321050048
17,19931377;3,292950153;-4,498950005;-0,466050029
17,2163423;2,826000214;-3,886050224;0,120000005
17,23337057;1,690950036;-3,748050213;0,169950008
17,25039889;0,243000016;-3,664050102;0,022050001
17,26742723;-0,489000022;-3,573000193;-0,202950016
17,28445557;-0,958050072;-3,369000196;-0,337050021
17,30148394;-1,705050111;-3,760050297;-0,265050024
17,31851224;-3,144000053;-4,855950356;0,754050016
17,33554054;-4,617000103;-5,811000347;1,498950124
17,35256885;-5,931000233;-7,2289505;2,287050009
17,36959741;-6,673050404;-8,304000854;3,508050203
17,38662571;-6,349950314;-9,67095089;5,112000465
17,40365403;-4,909050465;-10,69095039;7,531950474
17,42068235;-3,400050163;-10,36800003;7,915950298
17,43771069;-2,257950068;-9,652050018;6,642000198
17,45473905;-0,585000038;-9,501000404;5,767950058
17,47176736;0,322050005;-8,866950035;4,626000404
17,48879566;0,982950032;-8,116950035;3,613050222
17,50582421;1,465950012;-7,365000248;3,571950197
17,52285252;1,809000134;-7,483050346;3,487950087
17,53988081;2,628000021;-13,06605053;4,983000278
17,5569091;2,757000208;-21,90105057;4,027050018
17,57393743;3,03000021;-24,99000168;1,293000102
17,59096576;-1,633050084;-12,86700058;-7,479000568
17,60799414;-4,276950359;-7,959000587;-11,4820509
17,6250224;-4,758000374;-6,063000202;-7,291950226
17,64205071;-2,227050066;-16,67205048;-2,305050135
17,65907925;-2,433000088;-17,88105011;1,732950091
17,67610757;-2,203050137;-8,320950508;5,566950321
17,69313589;3,58005023;-6,007950306;2,502000093
17,71016422;8,125050545;-8,590950012;-2,938950062
17,72719255;5,536950111;-9,657000542;-2,791050196
17,74422086;1,485000014;-9,472050667;-0,367950022
17,76124924;-0,582000017;-8,822999954;1,018050075
17,77827752;0,018000001;-10,00605011;2,659950018
17,79530582;-0,079050004;-10,46100044;3,180000067
17,81233436;-1,23300004;-9,415050507;1,522950053
17,82936268;-1,726950049;-9,130050659;-0,459000021
17,84639097;-2,06400013;-9,86700058;-1,680000067
17,86341925;-2,787000179;-8,929050446;-0,589950025
17,88044763;-3,522000074;-7,771950245;0,709050059
17,89747594;-2,941050053;-6,513000488;-0,978000045
17,91450419;-1,968000054;-4,521000385;0,117000006
17,93153274;-0,193950012;-4,938000202;4,61400032
17,94856081;1,806000113;-7,126050472;2,586000204
17,96558931;1,773000121;-7,249950409;1,651950121
17,98261764;2,601000071;-6,59400034;0,144000009
17,99964598;0,633000016;-8,641050339;-0,034950003
18,01667436;-5,826000214;-10,96905041;0,304050028
18,03370267;-5,947950363;-12,11295033;3,091050148
18,05073098;0,478050023;-9,654000282;3,084000111
18,06775927;1,693950057;-6,147000313;1,984950066
18,0847878;1,605000019;-5,115000248;2,59800005
18,10181588;-1,714950085;-5,239050388;1,317000031
18,11884445;-4,308000088;-5,674950123;2,440050125
18,13587273;-4,240950108;-6,34305048;3,145950079
18,15290105;-3,120000124;-8,163000107;5,524050236
18,16992941;-2,88105011;-11,44305038;6,115050316
18,1869577;-2,233950138;-13,75995064;4,630950451
18,203986;-1,798050046;-14,26995087;5,599950314
18,22101433;-1,405950069;-15,6280508;6,655950546
18,2380429;-0,807000041;-14,79495049;5,797050476
18,25507124;-1,200000048;-11,51895046;4,734000206
18,27209958;1,002000093;-9,184950829;4,468050003
18,28912789;1,312950015;-7,377000332;3,366000175
18,30615617;1,215000033;-5,902050495;1,815000057
18,32318458;1,294050097;-5,29695034;2,035050154
18,34021292;1,485000014;-5,857050419;3,642000198
18,35724123;0,861000061;-7,225950241;4,338000298
18,37426956;-0,072000004;-8,136000633;3,835950136
18,3912981;-0,333000004;-8,244000435;3,562950134
18,40832642;0,039000001;-7,566000462;3,745050192
18,42535471;0,826950014;-6,565950394;3,936000109
18,44238299;0,457950026;-6,130050182;4,2739501
18,4594113;-0,201000005;-6,36495018;3,577050209
18,47643971;-0,196950004;-6,954000473;2,980950117
18,49346799;-0,019950001;-7,341000557;2,719950199
18,51049631;0,637950003;-8,293950081;3,049950123
18,52752462;-0,403050005;-9,400050163;5,782050133
18,54455319;-3,07005024;-6,970050335;6,465000153
18,56158147;-4,200000286;-6,034050465;3,637050152
18,57860978;-2,739000082;-6,1270504;1,027050018
18,5956381;-0,136950001;-7,107000351;0,562950015
18,61266647;1,399050117;-7,858950138;2,056950092
18,62969481;1,990950108;-9,088950157;2,794050217
18,64672313;0,046950001;-8,826000214;3,867000103
18,66375145;-2,404050112;-8,095950127;3,748950243
18,68077978;-2,884950161;-8,171999931;4,731000423
18,69780809;-1,94505012;-8,206049919;5,773050308
18,71483664;-0,42900002;-8,116950035;5,311050415
18,73186494;1,324950099;-10,45905018;3,924000263
18,74889323;3,087000132;-15,60900116;2,308050156
18,76592155;3,693000078;-19,300951;0,151050001
18,78294993;3,573000193;-15,16395092;0,493050009
18,79997822;-0,075000003;-9,577950478;-2,839050055
18,81700652;-4,863000393;-8,293950081;-3,741000175
18,83403479;-5,008950233;-14,22000027;-1,636950135
18,85106307;-3,577050209;-23,68200111;0,558000028
18,8680916;-4,528050423;-13,26195049;7,875000477
18,88511991;-1,903950095;-6,496050358;6,711000443
18,90214817;-1,138050079;-6,192000389;-2,314050198
18,91917649;0,481950015;-7,351050377;-7,96200037
18,93620486;2,400000095;-7,984950542;-3,495000124
18,95323311;2,668050051;-6,949050426;-0,583050013
18,9702615;2,09100008;-7,111950397;-0,037050001
18,98728979;0,652050018;-8,335050583;-0,270000011
19,00431813;-0,699000061;-8,983950615;0,165000007
19,02134646;-2,016000032;-9,669000626;0,085950002
19,03837502;-2,514000177;-10,50195026;0,121950008
19,05540333;-3,304050207;-9,445950508;0,663000047
19,07243163;-3,292950153;-8,122050285;0,472050011
19,08945994;-3,32400012;-6,568050385;2,409000158
19,10648824;-3,817050219;-6,268950462;8,758049965
19,12351657;-1,948950052;-7,513950348;7,848000526
19,14054494;0,802950025;-8,361000061;1,519950032
19,15757321;2,668050051;-7,798950195;-1,126950026
19,17460153;3,244950056;-6,360000134;-0,495000035
19,1916298;2,662950039;-7,305000305;-0,906000018
19,20865834;-1,546950102;-8,431050301;-0,502050042
19,22568662;-4,939950466;-9,063000679;2,161950111
19,24271493;-4,441950321;-9,718950272;3,721050262
19,25974324;-1,557000041;-9,025050163;3,991050243
19,27677163;-0,277950019;-6,738000393;2,035050154
19,29379986;-1,759950042;-5,584050179;0,187050015
19,31082824;-2,874000072;-6,084000111;1,065000057
19,32785654;-3,541950226;-7,498950481;5,205000401
19,34488487;-4,288949966;-11,95995045;6,426000118
19,36191318;-2,620050192;-15,90600109;5,14800024
19,37894174;-0,229950011;-16,24095154;4,960950375
19,39597005;0,958950043;-15,69495106;5,205000401
19,41299837;1,021050096;-13,45905018;5,512050152
19,43002669;1,524000049;-11,32095051;3,448050261
19,44705501;2,167950153;-10,03995037;2,617050171
19,46408332;0,805950046;-8,505000114;2,155050039
19,4811117;0,745950043;-8,098050117;1,942050099
19,49814002;0,68295002;-8,776050568;3,322950125
19,51516832;-0,070050001;-8,650950432;2,926050186
19,53219663;0,181050003;-8,151000023;3,037950039
19,54922494;1,155000091;-7,46805048;2,890050173
19,56625348;1,332000017;-6,573000431;2,557050228
19,58328156;1,239000082;-6,099000454;2,413050175
19,60031013;0,466050029;-6,256950378;2,551950216
19,6173384;-0,328050017;-6,690000534;2,623950243
19,63436667;-0,526950002;-7,363050461;3,378000259
19,65139496;-1,687950134;-6,235050201;4,504050255
19,66842334;-0,477000028;-5,833050251;1,531950116
19,68545164;-0,582000017;-4,356000423;1,483950019
19,70247995;0,89895004;-3,975000143;0,84495002
19,71950826;0,418050021;-4,413000107;1,566000104
19,73653657;-1,075049996;-6,325950146;1,639950037
19,75356489;-1,035000086;-8,245950699;2,902050257
19,77059319;-0,204000011;-9,028950691;4,912950039
19,78762172;-2,056950092;-8,032950401;5,68200016
19,80465004;-4,731000423;-7,225950241;4,414950371
19,82167832;-4,48995018;-8,589000702;3,589050055
19,83870665;-1,771950126;-10,13805008;3,433050156
19,85573497;1,636050105;-10,59495068;4,972950459
19,87276336;1,746000051;-9,235050201;5,920950413
19,88979159;1,134000063;-10,89000034;4,839000225
19,90681997;0,982950032;-13,89705086;5,200050354
19,92384826;-0,916950047;-16,54005051;4,33095026
19,94087677;-2,914050102;-18,99195099;-2,245050192
19,95790483;-5,878050327;-16,54995155;-6,202950478
19,97493314;-5,974050522;-10,70505047;-0,691050053
19,99196167;-5,446950436;-9,693000793;-0,043950003
20,00898999;-3,735000134;-10,91595078;5,848950386
20,02601831;-0,393000007;-10,63605022;4,504050255
20,04304662;0,322050005;-11,55105019;-3,199950218
20,060075;0,552000046;-11,3230505;-5,725950241
20,07710332;1,660050035;-11,01195049;-4,870950222
20,09413163;1,726950049;-10,57800007;-0,73605001
20,11115996;-0,075000003;-9,62100029;2,31795001
20,1281883;-0,300000012;-9,277950287;2,047049999
20,14521661;0,102000006;-8,404050827;0,445050031
20,16224494;0,676050007;-7,810950279;-0,142950013
20,17927347;0,982950032;-8,104949951;0,286950022
20,19630179;0,231000006;-8,830950737;0,895050049
20,21333008;-1,066050053;-8,668050766;1,48695004
20,23035837;-1,911000133;-7,867950439;1,642050028
20,24738669;-2,068950176;-7,324950218;1,56795013
20,26441498;-2,311050177;-7,404000282;2,542950153
20,2814433;-2,409000158;-7,774950504;3,579000235
20,2984716;-1,602000117;-7,597950459;2,374950171
20,31549998;-0,462000012;-7,351050377;-0,41595003
20,33252828;-0,409950018;-7,296000481;0,715950012
20,34955659;-0,199050009;-7,576050282;4,345950127
20,36658492;0,508949995;-7,044000149;2,562000036
20,3836132;0,487050027;-6,805050373;-0,181050003
20,40064176;0,145050004;-8,163000107;-0,748050034
20,4176701;-1,672050118;-9,594000816;2,173950195
20,43469841;-2,907000065;-8,718000412;1,840950131
20,45172672;-2,404050112;-7,00605011;2,377950191
20,46875502;-1,545000076;-5,734950066;1,710000038
20,48578334;-2,116950035;-6,841050148;2,832000017
20,50281166;-2,185950041;-10,43505096;5,12100029
20,51983996;-2,701050043;-13,95195103;5,193000317
20,53686835;-1,753050089;-15,33105087;6,019050121
20,55389662;-0,661050022;-15,24300098;5,410950184
20,57092492;-0,537000001;-14,37795067;4,978050232
20,58795323;-0,100950003;-12,69000053;3,508050203
20,60498152;0,468000025;-10,87995052;2,325000048
20,62200978;-0,694950044;-8,74200058;4,461000443
20,63903808;-0,205950007;-7,726950169;3,100950241
20,65606663;0,463050008;-7,879950523;3,261000156
20,67309494;0,628050029;-7,891950607;2,943000078
20,69012325;0,463050008;-7,645050526;2,66505003
20,70715153;0,544950008;-7,296000481;2,77305007
20,72417984;0,424950033;-6,949050426;3,10800004
20,74120816;0,022950001;-6,886050224;3,876000166
20,75823655;-0,460050017;-7,01295042;3,499950171
20,77526486;-1,060950041;-6,987000465;3,852000237
20,79229314;-0,649050057;-7,024950504;3,910050154
20,80932149;0,553950012;-6,835950375;3,133950233
20,82634983;0,364950031;-6,898050308;3,598950148
20,84337815;-0,409950018;-6,43200016;2,703000069
20,86040642;-0,679950059;-6,022050381;2,026050091
20,87743496;-0,97995007;-5,716050148;2,065950155
20,89446329;-1,297950029;-5,790000439;1,981950045
20,91149159;-1,666950107;-6,453000069;2,310000181
20,92851991;-2,281949997;-6,87195015;2,689050198
20,94554822;-2,443050146;-6,8770504;2,808000088
20,96257653;-1,939950109;-7,642950535;2,563950062
20,97960484;-1,426950097;-9,42195034;2,770050049
20,99663313;-1,051050067;-10,32000065;3,625050068
21,01366141;-1,209000111;-9,751950264;4,831950188
21,03068979;-1,64805007;-9,163050652;5,038050175
21,04771808;-2,217000008;-9,064949989;5,12100029
21,06474639;-2,589000225;-9,151050568;4,851000309
21,08177468;-2,395050049;-9,75;4,753050327
21,098803;-1,678950071;-9,700050354;5,406000137
21,11583131;-0,309000015;-11,2150507;5,305950165
21,13285962;-0,112950005;-12,70200062;4,365000248
21,14988794;-0,082050003;-13,12800026;2,209950209
21,16691621;-1,00395;-14,96700096;-1,558050036
21,18394476;-4,09005022;-12,84795094;-6,918000221
21,20097308;-5,136000156;-10,23600006;-4,456950188
21,21800139;-3,373950243;-11,49495029;-0,00105
21,23502972;-2,289000034;-14,44500065;-0,01305
21,25205804;-0,145950005;-16,74600029;0,976950049
21,26908634;3,271950245;-13,84905052;1,432050109
21,28611462;5,343000412;-10,0159502;-2,55795002
21,30314292;5,079000473;-9,106050491;-5,958000183
21,32017128;3,694950104;-10,17105007;-3,150000095
21,33719959;2,580000162;-9,834000587;-0,729000032
21,35422792;1,198050022;-8,215050697;-1,225050092
21,37125622;1,129050016;-8,119950294;-0,439950019
21,38828455;1,873050094;-8,737050056;-0,613950014
21,40531287;1,438050032;-8,662950516;-1,24605
21,42234142;0,793950021;-8,199000359;-1,51695013
21,43936973;-0,217950016;-8,062050819;-2,161050081
21,45639781;-1,417950034;-7,666950226;-2,077050209
21,47342614;-2,119050026;-7,939950466;-1,785000086
21,49045467;-2,646000147;-8,254050255;-1,345050097
21,50748299;-1,861050129;-8,722949982;-1,198950052
21,52451132;-0,522000015;-9,214050293;-1,096050024
21,54153965;0,556950033;-9,973050117;-0,17400001
21,55856794;0,901050031;-10,06395054;0,175050005
21,5755963;0,619050026;-9,68100071;-0,130950004
21,59262449;0,178050011;-9,180000305;-0,568949997
21,60965277;-0,024;-9,529950142;-1,323000073
21,62668115;-0,046050001;-10,30095005;-0,957000017
21,64370946;-0,83100003;-10,55505085;-0,595050037
21,66073777;-1,593000054;-10,71495056;-0,624000013
21,67776609;-1,356000066;-10,33905029;-0,181050003
21,69479438;-0,508050025;-10,0159502;1,21905005
21,71182269;-0,292050004;-9,970050812;1,959000111
21,72885121;-1,597050071;-9,433950424;1,390950084
21,74587926;-3,244950056;-9,760050774;-0,151950002
21,7629076;-4,188000202;-9,819000244;-0,222000018
21,77993617;-3,769050121;-9,685050011;0,922050059
21,7969645;-2,161950111;-8,907000542;1,747950077
21,81399284;-0,292050004;-9,072000504;2,458950043
21,83102114;1,066050053;-9,582000732;2,674050093
21,84804942;1,519050121;-12,58995056;2,071050167
21,86507772;3,214050055;-15,72600079;1,875000119
21,88210612;4,366050243;-14,3760004;2,220000029
21,89913438;5,532000065;-13,36095047;0,357000023
21,91616277;6,439050198;-13,09995079;-0,937950015
21,93319105;6,121050358;-12,5010004;-1,249050021
21,95021936;3,991950274;-11,62200069;0,79005003
21,96724768;2,089050055;-10,54305077;2,361000061
21,98427597;-1,456050038;-8,979000092;0,595950007
22,00130428;-4,54005003;-8,079000473;2,907000065
22,01833282;-2,152950048;-8,68500042;3,721050262
22,03536113;0,517949998;-9,184950829;2,9620502
22,05238922;1,684050083;-8,770950317;1,816950083
22,06941774;1,773000121;-7,573950291;0,781050026
22,086446;1,717950106;-5,785050392;0,730050027
22,1034743;1,477950096;-4,990050316;1,240050077
22,12050263;0,904050052;-5,107950211;2,635950089
22,13753096;-0,120000005;-5,677050114;2,313000202
22,15455933;-0,879000068;-6,106050491;1,281000018
22,17158764;-1,138050079;-5,581950188;0,742050052
22,18861594;-0,561000049;-5,227050304;0,397050023
22,20564423;-0,382950008;-5,344950199;0,472050011
22,22267258;-0,570000053;-5,845050335;1,105949998
22,23970112;-1,024950027;-6,228000164;1,723950028
22,25672943;-1,990050077;-6,118050098;2,148000002
22,27375752;-2,950050116;-6,096000195;2,686050177
22,29078606;-3,841050148;-6,751950264;4,240050316
22,30781435;-6,240000248;-9,637950897;7,822050571
22,32484264;-9,184950829;-13,35300064;9,462000847
22,34187097;-10,43895054;-14,65095043;9,370950699
22,35889928;-8,974050522;-12,34995079;8,149950027
22,37592758;-5,482950211;-10,23405075;6,490950108
22,39295597;-1,321950078;-8,315999985;3,784950256
22,40998428;0,295950025;-7,2289505;2,571000099
22,42701258;0,954000056;-8,61000061;3,223050117
22,44404089;0,730950058;-11,31405067;3,948000193
22,4610692;1,773000121;-12,73305035;4,068000317
22,4780975;2,362050056;-14,78505039;2,866050243
22,49512583;2,686950207;-14,15805054;1,531950116
22,51215439;3,3910501;-10,08795071;0,453000009
22,52918266;2,640000105;-8,032950401;-0,88500005
22,54621099;1,981050134;-6,834000111;-1,40895009
22,56323928;1,828050137;-5,911950111;-1,321050048
22,58026758;0,897000015;-6,36495018;-1,785000086
22,59729588;-0,160950005;-7,972950459;-4,486050129
22,6143242;-1,023000002;-10,98495007;-5,90805006
22,6313525;-1,67595005;-11,77605057;-3,994950294
22,64838082;-2,893050194;-10,03995037;-0,916050017
22,66540921;-3,984000206;-9,271050453;1,578000069
22,68243753;-2,377950191;-9,144000053;1,765050054
22,69946581;1,857000113;-9,597000122;1,474950075
22,71649414;5,038950443;-9,457950592;1,719000101
22,73352243;4,027950287;-8,883000374;1,15200007
22,75055075;0,336000025;-8,710950851;-0,162000001
22,76757904;-1,249950051;-9,417000771;-0,997050047
22,78460759;-1,672050118;-9,259050369;-2,07494998
22,80163589;-1,612050056;-8,716050148;-2,34795022
22,81866417;-1,236000061;-8,958000183;-1,267950058
22,83569244;-1,95600009;-8,845050812;-0,337050021
22,85272075;-2,248950005;-8,770950317;-0,022950001
22,86974903;-1,650000095;-8,730000496;-0,142950013
22,88677736;-0,879000068;-8,974050522;-0,151950002
22,90380573;-0,505950034;-8,577000618;-0,49695003
22,92083403;-0,931950033;-9,07005024;-0,090000004
22,93786235;-1,071000099;-9,325950623;-0,19995001
22,95489068;-1,177950025;-9,159000397;-0,63105005
22,97191896;-1,083000064;-9,147000313;-1,030950069
22,98894725;-0,867000043;-9,295050621;-1,231950045
23,00597559;-1,08705008;-9,286050797;-1,510050058
23,0230039;-0,13395001;-9,136950493;-0,942000032
23,04003246;1,119000077;-9,247050285;0,316050023
23,05706077;1,672050118;-10,31700039;0,265950024
23,0740891;0,592050016;-9,823950768;-1,488000035
23,0911174;-0,109950006;-9,786000252;-2,034000158
23,1081457;0,034950003;-11,29395008;-0,472950012
23,125174;-0,762000024;-11,14395046;1,843950033
23,14220232;-2,725050211;-11,05005074;1,149000049
23,15923062;-3,592050076;-11,88300037;0,910050035
23,17625896;-3,160950184;-10,57395077;2,416050196
23,19328734;-2,06400013;-9,80505085;3,87405014
23,21031566;-1,506000042;-9,256950378;3,991050243
23,22734399;-0,747000039;-10,34400082;4,792950153
23,24437232;1,428000093;-12,36705017;4,2739501
23,26140062;6,241050243;-15,12000084;2,872950077
23,27842892;9,097050667;-17,78505135;0,922050059
23,29545727;8,395050049;-15,76200104;-2,950950146
23,31248557;5,026950359;-11,93805027;-2,704950094
23,32951411;1,852050066;-9,658950806;-0,751050055
23,34654241;-0,666000009;-8,644050598;1,188000083
23,36357074;-2,542950153;-8,076000214;2,100000143
23,38059901;-1,435050011;-8,146050453;3,40500021
23,39762733;-0,534000039;-8,505000114;2,527950048
23,41465561;0,643050015;-7,882050514;1,699950099
23,4316839;1,474050045;-7,267050266;0,784950018
23,44871217;1,576050043;-6,28605032;1,024950027
23,46574058;1,474050045;-5,754000187;1,008000016
23,48276886;1,006950021;-5,710950375;1,978050113
23,49979717;0,949050069;-5,524050236;1,984950066
23,5168255;0,667050004;-5,164950371;2,397000074
23,53385381;0,364950031;-5,160000324;1,924950123
23,55088212;0,037050001;-5,232000351;1,345950007
23,56791066;-0,343050003;-5,251050472;0,706050038
23,584939;-1,279050112;-5,653050423;0,835950017
23,60196732;-2,7900002;-6,379050255;0,886050046
23,61899564;-3,649050236;-6,970050335;0,852000058
23,63602394;-4,159049988;-7,285950184;1,438950062
23,65305223;-4,987950325;-7,677000523;2,478000164
23,67008052;-5,827950478;-8,524050713;5,224050045
23,68710881;-6,834000111;-10,79400063;8,923950195
23,70413716;-8,07404995;-13,25295067;10,82505035
23,72116546;-8,044950485;-13,6579504;10,14195061
23,73819375;-6,264000416;-15,95595074;8,907000542
23,75522206;-2,893050194;-15,38400078;7,638000488
23,77225036;-1,08705008;-9,532050133;5,083050251
23,78927893;0,481950015;-7,55700016;1,815000057
23,80630698;2,0239501;-9,407999992;0,748950064
23,8233353;2,817000151;-12,93405056;-0,327000022
23,84036384;3,039000034;-13,48995018;0,994050026
23,85739216;1,984050035;-7,879950523;-0,226050004
23,8744205;0,160950005;-4,906050205;-3,376950264
23,89144882;0,547049999;-5,143050194;-5,082000256
23,90847714;1,375050068;-8,107950211;-3,31305027
23,92550546;0,051000003;-10,49895096;-0,595050037
23,9425338;-1,207050085;-10,69095039;-0,45600003
23,9595621;-1,651950121;-10,27395058;-1,333050013
23,97659046;-1,626000047;-9,42195034;-1,167000055
23,99361875;-0,41505003;-8,449950218;-0,52305001
24,01064703;1,279950023;-8,634000778;-0,826950014
24,02767532;3,454050064;-9,694950104;-0,26700002
24,04470363;3,079950094;-10,0159502;0,450000018
24,06173196;0,685950041;-9,391050339;0,951000035
24,07876024;-0,793050051;-9,241950035;0,433050007
24,09578858;-1,066050053;-9,240000725;-0,241050005
24,11281712;-0,618000031;-9,633000374;-0,565950036
24,12984541;-0,556050003;-9,262050629;-1,000050068
24,14687373;-0,670950055;-9,049050331;-1,366050124
24,16390204;-0,903000057;-8,883000374;-1,402050018
24,18093038;-1,296000004;-9,007950783;-1,041000009
24,1979587;-1,384050012;-9,325950623;-0,823050022
24,2149871;-1,015950084;-9,340950012;-0,055950001
24,23201541;-0,975000024;-9,202050209;0,064950004
24,24904372;-1,402950048;-9,357000351;0,649050057
24,26607199;-1,99695015;-9,424050331;0,139050007
24,28310026;-2,184000015;-9,457950592;1,036949992
24,30012858;-2,328000069;-9,160950661;1,99695015
24,31715689;-2,361000061;-9,172950745;2,707950115
24,33418517;-2,529000044;-9,172950745;2,590950012
24,35121348;-2,715000153;-8,385000229;1,8910501
24,36824201;-2,586000204;-7,73595047;1,726050138
24,3852703;-2,301000118;-7,794000149;1,900950074
24,40229861;-1,513950109;-8,529000282;1,450950027
24,41932689;-0,277950019;-10,47600079;1,264050007
24,43635519;1,852050066;-14,76405048;1,651950121
24,45338352;2,932050228;-14,77800083;4,828950405
24,47041189;0,966000021;-10,95705032;9,220050812
24,48744019;-0,292050004;-11,84700012;6,805050373
24,5044685;2,386050224;-13,82805061;0,346950024
24,52149689;3,858000278;-13,91100025;-4,488000393
24,53852518;-0,391050011;-11,92905045;-0,562050045
24,5555535;-4,018050194;-11,20800018;-0,63105005
24,57258181;-2,770950079;-9,451050758;0,880950034
24,58961014;-2,269950151;-8,395050049;4,125
24,60663847;-1,066050053;-7,554000378;3,649050236
24,62366677;0,283950001;-6,601950169;1,984950066
24,64069504;0,808050036;-5,424000263;0,325950027
24,65772334;0,805950046;-4,684050083;-0,006
24,67475185;1,428000093;-4,474950314;0,012
24,69178018;1,864050031;-4,677000046;0,544050038
24,70880849;1,83705008;-5,734950066;1,036949992
24,7258368;0,997050047;-6,690000534;2,275050163
24,74286512;-0,115050003;-6,654000282;2,389050007
24,75989341;-0,823950052;-6,271050453;1,807950139
24,77692171;-0,835950017;-5,527050495;1,180050015
24,79395002;-0,92505002;-5,136000156;0,607950032
24,81097834;-1,705050111;-5,566950321;0,079050004
24,82800677;-2,842050076;-6,658950329;0,238950014
24,84503506;-2,803950071;-7,102050304;1,525050044
24,86206337;-2,15805006;-7,612050533;3,313950062
24,87909165;-1,272000074;-8,020950317;5,047050476
24,89611994;-1,132950068;-8,35695076;6,856950283
24,91314827;-2,143050194;-8,179050446;6,646950245
24,93017656;-2,494950056;-7,861050606;4,756950378
24,94720487;-1,698000073;-8,095950127;3,487950087
24,96423339;-0,156000003;-8,701050758;2,808000088
24,98126171;0,688050032;-8,494950294;3,358950138
24,99828977;0,645000041;-7,722000599;3,910050154
25,01531833;0,178050011;-6,988950253;3,534000158
25,03234662;-0,381000012;-7,033050537;2,421000004
25,04937492;0,81705004;-9,29295063;1,935000062
25,06640325;3,882000208;-15,57495117;2,538000107
25,08343158;3,862950087;-22,38000107;1,681050062
25,10045989;-2,119050026;-18,91995049;0,654000044
25,1174883;-10,41795063;-11,65395069;-1,024049997
25,13451655;-10,84395027;-9,098999977;-2,649000168
25,15154488;-5,59800005;-8,602950096;3,007050037
25,16857326;-0,586950004;-13,16400051;7,18500042
25,18560158;0,70995003;-15,15600109;1,055999994
25,20262988;0,964050055;-12,46995068;-3,777000189
25,2196582;1,474050045;-10,18605042;-4,052999973
25,23668652;0,673950017;-9,53895092;0,378000021
25,25371482;0,520950019;-8,0020504;2,305950165
25,27074311;-0,052950002;-6,400050163;1,453050017
25,28777141;-0,217950016;-6,067950249;0,205950007
25,30479971;-0,130050004;-7,461000443;-0,693000019
25,321828;-1,317000031;-8,421000481;-1,054949999
25,33885653;-2,742000103;-7,713000298;-0,319950014
25,35588482;-2,893050194;-5,839950085;1,618950129
25,37291313;-1,390950084;-4,363049984;3,204000235
25,3899414;-0,055050004;-4,545000076;4,019999981
25,4069697;0,175950006;-8,646000862;4,255050182
25,42399802;-2,538000107;-13,07805061;3,594000101
25,44102634;-3,225000143;-10,90605068;5,18805027
25,45805464;0,918000042;-7,933050156;4,573050022
25,47508296;2,437950134;-6,20895052;1,879950047
25,49211126;-0,070050001;-6,340950489;0,895050049
25,50913963;-2,28000021;-8,005050659;1,222950101
25,52616796;-3,649050236;-9,822000504;-0,217050016
25,54319626;-4,174050331;-9,685050011;1,645050049
25,56022456;-3,994050264;-8,632050514;4,507950306
25,57725289;-3,241950035;-9,439050674;5,695950508
25,59428122;-2,66505003;-11,23200035;7,918050289
25,61130951;0,552000046;-13,03005028;6,499950409
25,62833806;2,776050091;-14,23500061;3,940950155
25,64536635;3,235950232;-14,24400043;0,666000009
25,66239468;4,89495039;-14,62500095;0,601050019
25,67942295;5,674950123;-14,17200089;4,33095026
25,69645128;2,308950186;-12,66600037;3,565050125
25,7134796;1,156949997;-12,24000072;1,747950077
25,73050792;-0,699000061;-9,973050117;3,903000116
25,74753624;-2,431050062;-6,646950245;2,368050098
25,76456461;-1,305000067;-5,21805048;2,038050175
25,78159283;-1,19295001;-5,509950161;2,257950068
25,79862114;-2,035950184;-7,272000313;2,404050112
25,81564953;-2,902050257;-8,340000153;3,301950216
25,83267785;-2,610000134;-7,353000164;1,626000047
25,84970615;-5,896950245;-5,761050224;2,26695013
25,86673447;9,065999985;-2,203050137;0,859950066
25,88376278;5,520000458;-2,986050129;2,305950165
25,9007913;1,417950034;-4,429950237;1,67595005
25,91781939;0,70995003;-5,488050461;2,622000217
25,93484769;0,628050029;-6,799950123;2,767950058
25,95187622;-0,532050014;-8,167050362;2,575950146
25,96890451;-0,039000001;-8,646000862;2,629050016
25,98593284;-1,7700001;-9,151050568;2,148000002
26,00296114;-3,417000055;-8,974050522;3,594000101
26,01998941;-2,277000189;-10,67700005;5,73900032
26,03701778;0,63105005;-11,94105053;8,54295063
26,0540461;0,508949995;-9,439050674;6,430950165
26,07107432;-1,525950074;-7,237950325;3,835950136
26,08810273;-1,432050109;-6,681000233;2,251049995
26,10513102;-0,36195001;-6,942000389;2,233950138
26,12215934;-0,703950048;-7,264950275;2,176050186
26,13918767;-1,317000031;-7,638000488;1,834050059
26,15621601;-1,123050094;-8,791950226;3,322950125
26,17324453;-0,331050009;-11,67705059;4,647000313
26,19027281;-0,46995002;-15,208951;3,991050243
26,20730111;-4,849050045;-16,74900055;-1,804050088
26,22432942;-5,706000328;-14,59800053;-6,337050438
26,24135775;-1,570950031;-12,68505096;-2,161050081
26,25838609;-1,126049995;-11,68905067;2,80095005
26,27541437;-4,537950039;-18,79095078;2,167050123
26,29244276;-6,1270504;-14,62200069;5,607000351
26,30947106;-2,569050074;-8,080950737;0,486000031
26,32649937;2,697000027;-6,798000336;-4,102950096
26,34352766;5,224950314;-8,206049919;-5,737950325
26,36055596;7,086000443;-9,987000465;-3,598050117
26,37758451;4,050000191;-12,28800011;-0,171000004
26,39461285;-2,380050182;-11,40705013;2,442000151
26,41164115;-3,561000109;-8,661000252;3,048000097
26,42866944;-0,679950059;-7,726950169;1,249950051
26,44569771;-0,393000007;-7,231050491;1,032000065
26,46272603;-1,771950126;-7,413000584;0,555000007
26,47975434;-2,998050213;-7,696050167;0,685050011
26,49678273;-3,592050076;-8,088000298;2,53305006
26,51381104;-3,655950069;-8,42595005;5,734050274
26,53083936;-1,614000082;-7,849050522;4,39800024
26,54786765;-0,360000014;-6,292950153;1,269000053
26,56489618;-0,181950003;-5,167050362;0,139050007
26,58192447;-0,232950017;-5,488050461;0,247050017
26,59895277;0,853050053;-6,670950413;1,302000046
26,61598108;0,655050039;-8,328000069;3,687000275
26,63300939;-0,379050016;-8,329950333;2,143050194
26,65003772;-1,060950041;-7,726950169;0,546000004
26,6670661;-2,11500001;-7,216950417;-0,949950039
26,6840944;-3,934050083;-8,005050659;0,103050008
26,70112271;-4,957050323;-8,61000061;4,068000317
26,71815099;-4,368000031;-8,827950478;4,125
26,73517953;-3,343050241;-8,104949951;3,249000072
26,75220763;-2,434950113;-9,982050896;5,896950245
26,76923617;-1,94505012;-13,0570507;4,939050198
26,78626448;-0,573000014;-15,66900063;4,930050373
26,80329279;0,322050005;-16,27695084;4,336050034
26,82032113;1,438050032;-14,87895107;3,991050243
26,83734948;2,173050165;-12,79800034;3,642000198
26,85437781;4,08795023;-11,04495049;-0,837000012
26,87140611;3,600000143;-9,798000336;1,714050055
26,8884344;1,414050102;-9,082050323;3,141000032
26,90546294;-0,637050033;-9,979950905;2,698050022
26,92249104;-1,497000098;-9,778950691;2,386950016
26,93951956;-0,664050043;-8,062050819;2,406000137
26,95654787;0,151950002;-5,778000355;2,610000134
26,97357621;0,778950036;-4,582950115;2,332050085
26,99060453;-0,654000044;-5,992950439;4,879950047
27,00763289;-1,171050072;-6,634950161;5,457000256
27,02466121;-2,287050009;-6,190050125;2,928000212
27,04168951;-2,103000164;-3,961050272;2,497050047
27,05871779;0,532950044;-2,554950237;1,330950022
27,07574632;3,070950031;-2,787000179;0,828000069
27,09277462;2,103000164;-4,978050232;1,525050044
27,10980294;-0,585000038;-7,095000267;0,892950058
27,12683131;-2,233950138;-9,111000061;1,450950027
27,14385962;-2,137950182;-11,17695045;3,474000216
27,16088794;-0,256950021;-11,55495071;6,826050282
27,17791623;-2,959950209;-8,593950272;7,183050156
27,19494454;-4,413000107;-6,520050526;4,33095026
27,21197286;-2,31795001;-6,202050209;1,663950086
27,22900138;-0,127050012;-6,336000443;2,464050055
27,2460297;0,493950009;-7,056000233;4,429050446
27,26305801;0,472950012;-8,329950333;4,855950356
27,28008642;2,443050146;-14,58195114;5,46900034
27,29711464;2,067000151;-19,48500061;5,586000443
27,31414305;-3,991950274;-17,73000145;-5,424000263
27,33117132;-6,580050468;-15,36495113;-9,021000862
27,34819961;-0,301950008;-16,25100136;-0,589950025
27,36522792;-4,321950436;-11,97900105;5,689050198
27,38225648;-5,179050446;-14,30205059;3,33795023
27,39928479;-0,688050032;-13,38705063;2,808000088
27,41631313;1,806000113;-10,07595062;-2,209050179
27,43334152;1,885050058;-9,790950775;-7,395000458
27,45036975;2,941050053;-10,61895084;-6,43200016
27,46739815;2,212949991;-11,02605057;-1,67505002
27,48442647;-0,196950004;-9,628050804;1,135050058
27,50145477;-1,068000078;-8,605950356;2,689050198
27,51848332;-0,100950003;-7,768050194;2,325000048
27,53551164;0,382050008;-6,670950413;1,231050014
27,55253994;0,636000037;-6,526950359;1,302000046
27,56956831;0,424950033;-7,984950542;2,053950071
27,58659662;-0,853050053;-8,789999962;1,422000051
27,60362493;-2,494950056;-8,388000488;0,796950042
27,62065322;-3,747000217;-6,546000481;1,530000091
27,63768152;-3,058050156;-5,040000439;3,7660501
27,65471004;-1,213950038;-5,160000324;6,385950089
27,67173834;0,907950044;-6,673050404;2,859000206
27,68876664;1,375050068;-8,323050499;-1,60800004
27,70579506;0,28095001;-8,625;0,205950007
27,72282335;-0,079050004;-7,80300045;1,918050051
27,73985165;-2,72295022;-7,296000481;0,778050065
27,75687994;-4,405950069;-7,723950386;-0,202950016
27,77390827;-5,967000484;-9,271050453;4,458000183
27,79093682;-4,233000278;-8,983950615;3,805050135
27,80796518;-1,747950077;-6,372000217;4,27905035
27,82499343;-2,047049999;-5,590950489;3,910050154
27,84202183;-3,561000109;-7,405950546;4,117949963
27,85905015;-4,774950027;-12,68100071;5,473050117
27,87607848;-4,003950119;-17,76105118;5,643000126
27,89310701;-1,353000045;-19,09005165;4,374000072
27,91013534;2,66595006;-16,31505013;3,760950089
27,92716362;3,115950108;-12,14895058;3,775950193
27,94419194;2,046000004;-9,645000458;1,551000118
27,96122032;0,901050031;-8,883000374;3,454950094
27,97824863;1,450050116;-8,617950439;2,089950085
27,99527694;1,480950117;-8,098050117;1,56795013
28,0123055;0,274050027;-7,768050194;1,738050103
28,02933382;-0,532050014;-8,050050735;3,393000126
28,0463621;-0,940950036;-8,035950661;3,883950233
28,06339046;-0,835950017;-7,486950397;4,044000149
28,08041869;-0,57705003;-6,166050434;4,113000393
28,09744706;0,19995001;-5,325000286;4,223999977
28,11447538;0,745950043;-5,244000435;3,651000261
28,1315037;0,958950043;-5,850000381;3,418950081
28,14853222;1,030950069;-5,40405035;1,614000082
28,16556053;0,448950023;-5,55300045;0,424050033
28,18258892;0,636000037;-6,757050514;-0,037050001
28,1996172;0,358050019;-7,147050381;0,850050032
28,21664551;-0,076950006;-7,114050388;2,494950056
28,23367384;-0,172950015;-7,01295042;3,076950073
28,25070216;-0,027000001;-7,264950275;3,426000118
28,2677307;0,904050052;-7,48995018;3,603000164
28,28475902;0,46995002;-7,030050278;3,988950253
28,30178729;-1,609050035;-6,361950397;3,1650002
28,31881569;-3,460050106;-5,713050365;2,193000078
28,33584403;-3,835950136;-6,529950142;2,097000122
28,35287233;-3,112950087;-8,586000443;2,950050116
28,36990085;-1,132950068;-10,95705032;4,99695015
28,38692916;0,916050017;-14,96205044;7,008000374
28,40395747;1,131000042;-17,89095116;7,456050396
28,42098575;-0,34800002;-17,04300117;2,836950064
28,43801413;-3,096000195;-17,20095062;-4,242000103
28,45504244;-2,905050039;-11,96205044;-5,515050411
28,47207072;-0,606000006;-13,61700058;1,864950061
28,48909929;-3,225000143;-20,3179512;3,910050154
28,50612758;-6,051000118;-10,89705086;2,610000134
28,52315585;-1,94505012;-7,605000496;-4,789950371
28,54018422;1,79400003;-7,276950359;-7,270050526
28,55721254;5,095950127;-7,216950417;-4,230000019
28,57424086;7,15500021;-9,645000458;-1,735050082
28,5912694;4,687050343;-11,95500088;-0,628950059
28,60829773;0,418050021;-11,15805054;0,783000052
28,62532604;-1,225950003;-9,268950462;1,398000121
28,64235436;-1,353000045;-7,903950214;1,249950051
28,65938276;-0,987000048;-7,236000538;0,298950017
28,67641104;-0,333000004;-6,879000187;0,105000004
28,69343936;-0,273000002;-8,011950493;1,05795002
28,71046793;-0,960000038;-9,544050217;2,029950142
28,72749623;-1,638000131;-9,019950867;1,815000057
28,74452464;-2,0400002;-7,702950478;1,566000104
28,76155286;-1,875000119;-6,690000534;0,081
28,77858122;-1,609050035;-5,953050137;0,505050004
28,7956095;-1,498950124;-6,742950439;5,572050095
28,81263804;0,37500003;-9,357000351;4,690050125
28,82966635;2,047950029;-9,328950882;0,796950042
28,84669466;2,33100009;-8,740050316;0,036000002
28,86372305;2,058000088;-7,021050453;-1,864050031
28,88075136;0,765000045;-4,987950325;-0,708000004
28,89777965;-0,703950048;-6,523050308;-0,159000009
28,91480797;-3,261000156;-10,24995041;-0,126000002
28,93183649;-5,33700037;-11,47395039;1,54005003
28,94886481;-4,387050152;-9,55395031;3,679950237
28,96589312;-2,431050062;-8,317950249;5,107050419
28,9829215;-2,143050194;-7,722000599;6,499950409
28,9999498;-1,546950102;-9,501000404;7,051050186
29,01697811;-1,414950013;-14,8570509;6,031050205
29,03400665;-1,344000101;-16,06904984;4,84800005
29,05103494;-1,209000111;-15,40095043;4,963050365
29,06806327;0,138000011;-16,40100098;1,603950024
29,08509159;2,328000069;-16,56405067;1,650000095
29,10211995;3,400950193;-13,2840004;2,35800004
29,11914827;3,742950201;-9,6060009;0,739950061
29,13617681;1,081050038;-9,61095047;1,78395009
29,15320513;-0,991950035;-9,802950859;1,252050042
29,17023344;-0,805050015;-8,7520504;1,228050113
29,18726182;-0,466950029;-7,971000195;2,434950113
29,20429012;-1,030050039;-8,586000443;3,103050232
29,22131842;-0,156000003;-8,497950554;3,900000095
29,23834697;1,552950025;-7,605000496;4,918050289
29,25537527;1,900050044;-6,544050217;4,177950382
29,27240363;1,557000041;-5,569950104;3,402000189
29,28943195;0,994950056;-4,777050018;3,117000103
29,30646022;0,38895002;-4,777050018;2,9620502
29,32348852;-0,829050064;-5,419050217;2,442000151
29,34051704;-2,042999983;-5,875950336;2,265000105
29,35754534;-2,902050257;-6,891000271;2,500050068
29,37457365;-3,067050219;-7,939950466;2,58795023
29,39160202;-2,569050074;-8,821050644;3,049950123
29,40863034;-1,858050108;-9,324000359;4,105950356
29,42565889;-1,999950051;-9,456000328;5,818050385
29,44268718;-2,905050039;-10,14000034;6,880950451
29,4597155;-3,721050262;-11,03100014;7,855950356
29,47674382;-3,879000187;-11,45505047;7,348050117
29,49377225;-3,345000267;-11,05695057;8,98800087
29,51080056;-3,115050077;-10,29405022;5,241000175
29,52782889;-2,761050224;-9,502950668;3,639000177
29,54485745;-1,255050063;-7,959000587;4,875
29,56188576;-0,168000013;-6,658950329;3,843000174
29,57891415;1,438050032;-8,388000488;3,184050083
29,59594245;3,387000084;-11,86905098;3,397050142
29,61297078;3,36495018;-14,21805096;3,378000259
29,6299991;3,5400002;-15,39600086;2,02305007
29,64702764;3,943950176;-12,80505085;1,99695015
29,66405594;2,143949986;-8,320950508;2,241000175
29,68108425;0,547049999;-6,658950329;1,801050067
29,69811262;1,236000061;-6,702000141;1,23300004
29,71514092;2,125050068;-5,565000057;-3,133050203
29,73216945;2,071950197;-7,570950508;-8,203949928
29,74919776;-0,297000021;-11,40195084;-6,98595047
29,76622608;-2,536050081;-11,8380003;-3,396000147
29,7832544;-5,229000092;-9,68805027;0,333000004
29,80028278;-5,179050446;-8,317950249;1,657050133
29,81731107;-0,880950034;-8,686950684;-0,150000006
29,83433939;3,568950176;-9,262050629;-0,48300001
29,85136794;5,484000206;-8,74200058;-0,231000006
29,86839623;3,073050261;-8,815950394;-0,067950003
29,88542461;-0,13395001;-9,544050217;-0,532950044
29,9024529;-1,363050103;-9,67800045;-0,487050027
29,91948122;-0,205950007;-9,490950584;-0,946950018
29,93650975;0,693000019;-9,052950859;-1,728000045
29,95353807;0,597000003;-8,941050529;-1,972050071
29,97056642;-0,268950015;-9,226050377;-2,046000004
29,98759463;-1,120950103;-9,321000099;-2,122950077
