Time(s);X(rad/s);Y(rad/s);Z(rad/s)
0,008036523;1,640650034;-0,75721252;-0,085524999
0,025064823;1,810462475;-0,609399974;-0,079475001
0,042092923;1,873987436;-0,400399983;-0,085524999
0,059121227;1,957037449;-0,595924974;-0,081950001
0,076149213;1,724937439;-0,356537491;-0,229762495
0,093177509;1,481837511;-0,547112525;-0,370287508
0,11020573;1,578362465;-0,534874976;-0,387337506
0,127234063;1,779937506;-0,790212512;-0,184524998
0,144262134;1,910562515;-1,267887473;0,2138125
0,161290391;1,946037531;-1,091887474;0,814824998
0,178318696;1,9765625;-0,462825;1,199687481
0,195346739;1,829987526;-0,004675;1,106874943
0,212374968;1,787225008;0,433950007;0,729300022
0,22940324;1,496412516;0,784574986;0,618200004
0,246431319;1,213024974;0,817574978;0,649962485
0,263459564;0,916162491;0,759000003;0,588774979
0,280487845;0,537487507;0,580524981;0,40191251
0,297515927;0,074387498;0,317900002;0,069574997
0,314544207;-0,305525005;0,091849998;-0,117287502
0,331572437;-0,546287477;-0,0584375;-0,168712497
0,348600487;-0,757624984;-0,091437496;-0,136812493
0,365628752;-1,023962498;0,0100375;-0,133237496
0,382657081;-1,309824944;0,2226125;-0,243237495
0,399685172;-1,547974944;0,416900009;-0,384862512
0,4167135;-1,700737476;0,433950007;-0,521674991
0,433741711;-1,809499979;0,30318749;-0,64762497
0,450770034;-1,877974987;0,28490001;-0,676912487
0,46779813;-1,865737438;0,239662498;-0,602387488
0,48482637;-1,789975047;0,267850012;-0,494862497
0,501854701;-1,681212544;0,42295;-0,271287501
0,518882783;-1,679975033;0,550000012;-0,092950001
0,535911024;-1,653162479;0,543950021;0,167337492
0,55293906;-1,565162539;0,541474998;0,357912511
0,569967376;-1,428349972;0,455949992;0,422674984
0,586995567;-1,242587447;0,419237495;0,450724989
0,604023852;-1,019012451;0,493762493;0,44591251
0,621051914;-0,789387524;0,619712472;0,41415
0,638080149;-0,52305001;0,785812497;0,387199998
0,655108217;-0,321474999;0,758862495;0,278437495
0,672136534;-0,228662506;0,444949985;0,0793375
0,689164764;-0,184662506;0,269087493;-0,218762502
0,70619307;-0,085662499;0,459662497;-0,413049996
0,723221169;0,0451;0,795575023;-0,515625
0,740249424;0,185487494;0,971575022;-0,469150007
0,757277724;0,553300023;0,782100022;-0,581624985
0,774305818;-0,051424999;1,317250013;-0,455812484
0,791334144;-0,573099971;2,093024969;-0,01595
0,80836216;-1,012962461;1,638587475;0,34443751
0,82539047;-1,09353745;1,232962489;0,084287502
0,842418688;-0,678149998;0,270187497;-0,183287501
0,859446998;-0,272525013;-0,026675001;-0,163762495
0,876475053;-0,173662499;-0,203775004;-0,387337506
0,8935033;-0,414287508;-0,060775001;-0,584100008
0,910531572;-0,709912479;0,773575008;-0,467912495
0,927559658;-0,72338748;1,334300041;-0,300574988
0,944587905;-0,692862511;1,546875;-0,331099987
0,961616202;-0,626862526;1,467537522;-0,518100023
0,978644283;-0,552337468;1,441825032;-0,69024998
0,995672521;-0,488812506;1,479774952;-0,854012489
1,012700818;-0,476574987;1,476062536;-0,928537488
1,029728894;-0,527862489;1,338012457;-0,944487512
1,046757203;-0,676912487;1,127912521;-0,829537511
1,063785408;-0,753912509;0,888387501;-0,675674975
1,080813459;-0,685437501;0,61847502;-0,549862504
1,097841763;-0,419099987;0,651475012;-0,361624986
1,114869966;-0,166237503;0,922625005;-0,239525005
1,131898062;0,021862499;1,01433754;-0,254099995
1,14892638;0,144099996;1,097387552;-0,402049989
1,165954629;0,162387505;0,966624975;-0,586437523
1,182982924;0,089100003;0,679525018;-0,691487491
1,200010994;-0,057475001;0,419237495;-0,603625
1,217039256;-0,279949993;0,377712488;-0,35186249
1,234067572;-0,464337498;0,633050025;-0,128287494
1,251095693;-0,430099994;0,954387486;0,015812499
1,268124001;-0,226187497;1,022862554;0,051287498
1,285152256;-0,067374997;1,226912498;0,124574997
1,302180346;0,00715;1,545774937;0,114812501
1,319208632;0,203912497;1,705824971;0,062287498
1,336236842;0,448249996;1,898737431;0,00605
1,353264925;0,552062511;2,309312582;0,161287502
1,370293227;0,699874997;2,286074877;0,271149993
1,387321467;0,907637477;2,072262526;0,484962493
1,404349533;1,018737435;1,656875014;0,778249979
1,421377838;1,376787543;1,061912537;1,035925031
1,438406043;1,761649966;0,711287499;1,203400016
1,455434376;2,128087521;0,740575016;1,259500027
1,472462452;2,498374939;0,94462502;1,345024943
1,48949067;2,739000082;1,226912498;1,11787498
1,506518951;2,696237564;1,88045001;0,717062473
1,523547057;2,504425049;2,335025072;0,343337506
1,540575283;2,339425087;2,096737385;0,145337492
1,557603596;2,007225037;1,339249969;0,0122375
1,574631673;1,574650049;1,160912514;-0,0232375
1,591659982;1,260737538;1,064387441;0,255337507
1,608688215;1,232687473;0,916575015;0,455675006
1,625716541;1,231449962;0,651475012;0,510675013
1,642744635;1,131212473;0,164037496;0,475199997
1,659772863;1,021212459;-0,021724999;0,444674999
1,676800959;0,840399981;0,159087494;0,360387504
1,693829281;0,593725026;0,364374995;0,232099995
1,710857519;0,359149993;0,499949992;0,172287494
1,727885795;0,180675;0,487712503;0,131862506
1,744913861;0,014575;0,444949985;0,116049998
1,761942155;-0,310337484;0,701524973;-0,02695
1,778970381;-0,234712496;0,214087501;-0,098999999
1,795998445;-0,350762487;0,261662513;-0,261525005
1,813026759;-0,592625022;0,645287514;-0,376337498
1,83005498;-0,832012475;1,027675033;-0,450862497
1,84708329;-1,041012526;1,309962511;-0,520437479
1,864111365;-1,194875002;1,407724977;-0,598675013
1,881139648;-1,287824988;1,283012509;-0,647487521
1,898167879;-1,319587469;1,019150019;-0,590149999
1,915196183;-1,260874987;0,772337496;-0,442337483
1,932224273;-1,087350011;0,691762507;-0,229762495
1,949252617;-0,740437508;0,829812467;0,01705
1,966280631;-0,182187498;1,15843749;0,509437501
1,983308917;0,195387498;1,177962542;0,874637485
2,000337131;0,574062526;0,625762522;0,932112515
2,017365449;0,649824977;0,325187504;0,680487514
2,034393505;0,41277501;0,766287506;0,205149993
2,051421813;0,109862499;1,182912469;-0,371387512
2,068450049;-0,036712501;1,179199934;-0,838199973
2,085478116;-0,218762502;0,802862525;-1,041012526
2,102506443;-0,505862474;0,505999982;-1,094637513
2,119534664;-0,642812491;0,623287499;-1,170400023
2,136562953;-0,457049996;1,166962504;-1,114300013
2,15359103;-0,249287501;2,264075041;-0,895537496
2,170619332;-0,013612499;2,733224869;-0,668387473
2,187647548;0,075625002;2,284837484;-0,675674975
2,204675836;-0,267712504;1,215912461;-0,575437486
2,221703937;-0,669624984;0,584237516;-0,585200012
2,238732158;-0,884674966;0,529237509;-0,59138751
2,255760481;-0,91891247;1,098624945;-0,299337506
2,272788557;-0,571862519;1,962262511;0,117287502
2,289816866;-0,312949985;2,436362505;0,202812493
2,306845086;-0,347050011;2,083262444;0,103812501
2,323873389;-0,299474984;1,372249961;-0,144237503
2,340901457;-0,02695;1,141387463;-0,443574995
2,357929699;0,078099996;1,141387463;-0,481387496
2,374958018;0,113437496;1,373487473;-0,443574995
2,391986122;0,036575001;1,578637481;-0,322575003
2,409014423;-0,075900003;1,702112436;-0,273762494
2,426042676;-0,171187505;1,761924982;-0,233337492
2,443070962;-0,198137492;1,877974987;-0,201712504
2,46009904;-0,207900003;1,860924959;-0,160050005
2,477127351;-0,216425002;1,731400013;-0,189475
2,494155579;-0,183424994;1,612874985;-0,275000006
2,511183899;-0,163900003;1,330724955;-0,398337483
2,528212211;-0,235949993;1,138912439;-0,488812506
2,545240288;-0,345950007;0,956862509;-0,514387488
2,5622685;-0,454575002;0,740575016;-0,526624978
2,579296795;-0,557287514;0,677049995;-0,381287485
2,596324875;-0,460762501;0,646525025;-0,295762509
2,613353176;-0,244474992;0,620812476;-0,288337499
2,630381442;-0,067374997;1,096150041;-0,204050005
2,647409741;0,27472499;1,483350039;-0,231000006
2,664437803;0,651062489;1,632400036;-0,217525005
2,681466111;0,812212467;1,697162509;-0,136950001
2,698494328;0,751162469;1,88045001;0,0353375
2,7155224;0,621637523;2,067312479;0,271149993
2,732550697;0,896637499;2,061262608;0,581487477
2,74957904;1,315600038;1,840162516;0,798874974
2,766607254;1,547700047;1,394250035;0,934587479
2,783635562;2,224612474;0,514524996;1,093400002
2,800663625;2,84886241;0,00385;1,415837526
2,817691908;3,134725094;0,377712488;1,605312467
2,834720154;3,256962538;1,45282495;1,426837444
2,851748235;3,216537476;2,300787449;1,096974969
2,868776534;2,628999949;1,897500038;0,632775009
2,885804781;1,891037464;1,396724939;0,345674992
2,902833081;1,412124991;0,981337488;0,311437488
2,9198614;1,287549973;0,975149989;0,52648747
2,936889451;1,274075031;1,028912544;0,842875004
2,953917757;1,172600031;0,474237502;1,126262546
2,970945962;1,104262471;-0,222062498;1,173974991
2,987974046;1,084737539;-0,288062513;0,97240001
3,00500237;0,929499984;0,02585;0,728062511
3,02203066;0,75721252;0,174899995;0,564300001
3,0390589;0,576399982;0,337424994;0,42019999
3,056087224;0,453062505;0,547524989;0,25643751
3,07311528;0,36877501;0,562237501;0,186862499
3,090143517;0,141487494;0,531712472;0,114812501
3,107171849;-0,147949994;0,471762508;0,0133375
3,12420017;-0,448525012;0,449762493;-0,130762503
3,141228236;-0,791862488;0,546287477;-0,343337506
3,158256535;-1,093675017;0,648999989;-0,595099986
3,175284768;-1,353824973;0,78828752;-0,835725009
3,192313077;-1,614112496;0,866387487;-1,047062516
3,209341394;-1,767974973;0,959337473;-1,224300027
3,226369471;-1,868212461;1,066725016;-1,292637467
3,24339768;-1,644637465;0,906674981;-0,994537473
3,260426009;-1,03125;0,2446125;-0,415524989
3,277454308;-0,761337519;0,387474984;0,368912488
3,294482355;-0,398474991;0,947099984;0,648587525
3,311510683;-0,0026125;0,311712503;0,429962486
3,328538942;0,329724997;-0,305249989;0,147674993
3,345567305;0,327250004;0,260425001;-0,174762502
3,362595603;0,190437496;0,554949999;-0,470387489
3,379623683;-0,206662506;0,126087502;-0,475337505
3,396651972;-0,490049988;-0,334537506;-0,670862496
3,413680213;-0,351999998;-0,424874991;-0,916437507
3,430708555;-0,209137499;0,56099999;-1,006775022
3,447736649;0,0303875;1,675162435;-0,869962513
3,464764959;0,267437488;1,715450048;-0,712387502
3,481793193;-0,227424994;0,633050025;-0,477812499
3,498821487;-0,741812468;-0,413874984;-0,343337506
3,515849798;-0,845624983;-0,638687491;-0,287237495
3,532877855;-0,837099969;0,127324998;-0,232237503
3,549906067;-0,608574987;0,947099984;0,148912504
3,56693436;-0,365474999;1,318487525;0,313912511
3,583962668;-0,108899996;1,110725045;0,155100003
3,600990711;0,212437496;0,801625013;-0,114950001
3,61801901;0,283250004;0,728337467;-0,364100009
3,635047237;0,020624999;0,739337504;-0,380050004
3,65207552;-0,261662513;0,631812513;-0,158950001
3,669103608;-0,329999983;0,668524981;0,083049998
3,686131901;-0,216425002;0,634287477;0,241862506
3,703160184;-0,136950001;0,497474998;0,275962502
3,720188453;-0,177375004;0,356949985;0,235674992
3,737216771;-0,171187505;0,215187505;0,173387498
3,754245079;0,0303875;0,124849998;0,146575004
3,771273168;0,2050125;0,129799992;0,208862498
3,788301464;0,218487501;0,111374997;0,162387505
3,805329719;0,516587496;-0,0572;0,190437496
3,822358006;1,118837476;-0,433537483;0,247912496
3,839386083;1,43659997;-0,565400004;0,328487486
3,856414401;1,342412472;-0,341825008;0,269912511
3,873442726;1,343649983;0,255612493;0,0573375
3,890470957;1,807987452;-0,185487494;-0,268812507
3,907499007;1,553887486;-0,200062499;-0,706200004
3,92452753;1,050500035;0,491425008;-0,722149968
3,941555624;0,97845;0,805337489;-0,453337491
3,958583918;1,099312544;0,521950007;-0,278575003
3,975612154;0,924687505;0,255612493;-0,261525005
3,992640448;0,798874974;0,050324999;-0,26523751
4,009668529;0,986975014;0,012512499;-0,183287501
4,026696838;1,209312439;-0,040150002;-0,150425002
4,043725139;1,280125022;-0,0352;-0,232237503
4,060753394;1,380362511;-0,206249997;-0,307999998
4,077781708;1,614937544;-0,257537484;-0,350762487
4,094809808;1,946037531;-0,294250011;-0,201712504
4,111838125;2,286900043;-0,330825001;0,177100003
4,128866425;2,536050081;-0,439587504;0,566775024
4,145894664;2,363762379;-0,069437496;0,762300015
4,162922988;1,880037546;0,080849998;0,803825021
4,179951303;1,107837439;0,294662505;0,50077498
4,19697938;0,373587489;0,387474984;0,393249989
4,214007717;-0,039324999;0,701524973;0,203912497
4,231035932;-0,207900003;0,837099969;0,0683375
4,248064236;-0,421712488;1,143725038;0,021862499
4,265092536;-0,681862474;1,428349972;-0,116187498
4,282120596;-0,889625013;1,44677496;-0,322575003
4,299148911;-1,089962482;0,987387478;-0,610912502
4,316177203;-1,229249954;0,639237523;-0,704962492
4,333205429;-1,31477499;0,964150012;-0,686675012
4,350233738;-1,382012486;0,668524981;-0,164999992
4,367261824;-1,419824958;-0,834212482;-1,041012526
4,384290118;-1,394112468;-1,077312469;-1,041012526
4,40131839;-1,422299981;-0,995499969;-0,91148752
4,418346626;-1,643399954;-0,478637487;-0,844250023
4,435374944;-1,89268744;0,155375004;-0,641437471
4,452403265;-1,763162494;0,430237502;-0,131999999
4,469431584;-1,637349963;0,382662505;0,085387498
4,486459664;-1,592112541;0,312949985;0,089100003
4,503487968;-1,435775042;0,33495;-0,036712501
4,520516212;-1,210962534;0,299612492;-0,109999999
4,537544505;-1,021625042;0,237187505;-0,0881375
4,554572781;-0,817574978;0,129662499;-0,068475001
4,571600876;-0,625762522;-0,120724998;-0,058712501
4,588629194;-0,474237502;-0,26730001;-0,078237496
4,605657525;-0,337424994;-0,312537491;-0,078237496
4,62268576;-0,339899987;-0,514112473;0,043862499
4,639714036;-0,0441375;-0,784162521;0,163625002
4,656742097;0,680212498;-0,175724998;0,208862498
4,673770404;0,118249998;0,56704998;0,432437509
4,690798741;-0,067374997;0,275137484;0,596062481
4,70782704;0,615587473;-0,016912499;0,167199999
4,724855275;0,986975014;-0,560587525;0,357912511
4,741883603;0,553162515;-0,842737496;0,478774995
4,758911896;0,208725005;-0,765737474;0,365199983
4,775939993;-0,351999998;-0,0902;0,098862499
4,792968299;-0,852912486;0,196899995;-0,100237496
4,809996592;-1,104674935;0,350899994;-0,234712496
4,827024904;-1,080199957;0,442474991;-0,337287486
4,84405315;-0,964150012;0,094324999;-0,4472875
4,861081457;-0,751574993;-0,048675001;-0,525387526
4,878109514;-0,551237524;0,069849998;-0,588912487
4,895137818;-0,551237524;0,206662506;-0,632912517
4,91216611;-0,617237508;0,350899994;-0,607337475
4,92919441;-0,495000005;0,435187489;-0,538862526
4,946222639;-0,321474999;0,56704998;-0,361762494
4,963250963;-0,28490001;0,708812475;-0,195525006
4,980279009;-0,149324998;0,515762508;-0,045375001
4,997307308;0,218487501;0,0638;0,244199991
5,01433562;0,962499976;-0,040150002;0,440962493
5,03136393;1,630749941;-0,413874984;0,53253752
5,04839219;2,135375023;-0,539825022;0,469012499
5,0654205;2,338187456;-0,290537506;0,322437495
5,08244882;2,418762445;-0,75721252;0,200199992
5,09947715;2,1011374;-0,438349992;-0,063662499
5,11650525;1,811562538;0,039324999;-0,112475
5,13353356;1,616037488;0,217662498;-0,075900003
5,15056186;1,605037451;0,295899987;0,048812501
5,16759011;1,564749956;-0,0009625;0,122099996
5,18461841;1,622225046;-0,123199999;0,082912497
5,20164675;1,567224979;-0,102437496;0,042624999
5,21867503;1,751749992;-0,306487501;0,128150001
5,23570309;2,173187494;-0,454299986;0,4824875
5,25273135;2,550762415;-0,622874975;0,900349975
5,26975956;2,56052494;-0,464062512;1,041975021
5,28678788;2,190237522;-0,497062504;0,96016252
5,30381614;1,713799953;-0,752399981;0,830637515
5,32084444;1,179887533;-0,349249989;0,770824969
5,33787274;1,005262494;-0,620400012;0,583824992
5,35490078;0,675400019;-0,02915;0,450724989
5,37192911;0,206249997;0,675812483;0,3944875
5,38895738;-0,388712496;1,318487525;0,354200006
5,4059857;-0,888387501;1,589637518;0,426250011
5,42301401;-1,231724977;1,366062522;0,460487485
5,44004228;-1,483350039;1,065487504;0,308962494
5,45707058;-1,64835;0,733287513;0,0011
5,47409864;-1,687399983;0,347187489;-0,323812485
5,49112696;-1,689875007;-0,197724998;-0,595099986
5,5081553;-1,649449944;-0,631399989;-0,806437492
5,52518361;-1,531062484;-0,918500006;-0,988487482
5,54221193;-1,35877502;-1,121312499;-1,09353745
5,55924024;-1,320824981;-1,198312521;-1,10701251
5,57626849;-1,388062477;-0,853737474;-0,98724997
5,59329681;-1,473587513;-0,328350008;-0,91148752
5,61032491;-1,432062507;0,154137492;-0,686675012
5,6273532;-1,379537463;0,261662513;-0,438625008
5,64438152;-1,36482501;0,214087501;-0,226050004
5,66140984;-1,37706244;0,168850005;-0,158950001
5,67843817;-1,403874993;0,166374996;-0,070950001
5,69546639;-1,43453753;-0,0094875;-0,092950001
5,71249472;-1,367300034;-0,073012501;-0,196762502
5,72952303;-1,110725045;-0,071912497;-0,268812507
5,74655112;-0,711287499;-0,0132;-0,2578125
5,76357943;-0,293424994;0,171324998;-0,190712497
5,78060773;0,107249998;0,044275001;-0,057475001
5,79763604;0,335774988;-0,0059125;0,113574997
5,81466436;0,417587489;-0,060912501;0,293150008
5,8316926;0,256300002;-0,176962495;0,486200005
5,84872088;-0,034375001;-0,120724998;0,537487507
5,86574917;-0,180950001;0,139562503;0,542299986
5,88277748;0,0193875;0,738099992;0,267437488
5,89980557;0,836687505;1,217012525;-0,062424999
5,91683387;2,088900089;0,758862495;-0,226050004
5,93386216;1,715037465;0,294662505;0,150150001
5,95089046;0,674162507;0,306899995;0,377437502
5,96791877;0,131724998;0,581762493;0,222200006
5,98494699;-0,134612501;0,969099999;0,095150001
6,0019753;-0,414424986;1,273249984;-0,179712504
6,0190036;-0,768625021;1,357537508;-0,47905001
6,03603193;-0,90543747;1,318487525;-0,623149991
6,05306023;-0,747862518;1,146199942;-0,63538748
6,07008854;-0,626999974;0,7051;-0,542575002
6,08711686;-0,591525018;0,308137506;-0,42157501
6,10414492;-0,510812521;0,185900003;-0,326287508
6,12117323;-0,433950007;0,2006125;-0,273762494
6,13820157;-0,329999983;0,261662513;-0,3018125
6,15522979;-0,194425002;0,300712496;-0,338524997
6,17225811;-0,067374997;0,36066249;-0,323812485
6,1892864;0,00715;0,413187504;-0,276237488
6,20631473;0,154962495;0,474237502;-0,201712504
6,22334303;0,473825008;0,580524981;-0,0551375
6,24037131;0,708400011;0,439999998;0,158675
6,2573996;0,969787478;0,108899996;0,273624986
6,27442767;1,311887503;-0,349112511;0,180675
6,29145597;1,099312544;-0,538587511;0,031624999
6,30848427;0,831737518;-0,378537506;0,216150001
6,32551256;0,746212483;0,319137484;0,493487507
6,34254078;0,99673748;0,706337512;0,737824976
6,35956908;1,187312484;0,0418;0,713349998
6,37659735;0,974737465;-0,399300009;0,334674984
6,39362565;0,997974992;-0,853737474;0,010862499
6,41065396;1,216599941;-0,780449987;-0,138187498
6,4276823;1,377887487;-0,519062519;-0,177237496
6,44471063;1,696750045;-0,527587473;-0,245712504
6,4617387;2,184187412;-0,840262473;-0,140524998
6,478767;2,53481245;-0,985737503;0,230862498
6,49579533;2,807337523;-0,898975015;0,541062474
6,51282364;2,674099922;-1,088312507;0,774537504
6,52985196;2,130424976;-1,425462484;1,060400009
6,54688028;1,462175012;-0,881787479;1,231449962
6,56390854;0,887974978;0,265374988;0,952875018
6,58093687;0,50682497;0,708812475;0,929637492
6,59796517;0,0193875;1,037437439;0,973637521
6,61499348;-0,298237503;1,329487443;1,007874966
6,63202177;-0,579287469;1,137675047;0,947924972
6,64904986;-0,727100015;0,453474999;0,851400018
6,66607817;-0,790624976;-0,360112488;0,703587472
6,68310648;-0,867624998;-0,842737496;0,609537482
6,7001348;-0,946962476;-0,953975022;0,59482497
6,7171631;-1,03125;-0,790212512;0,444674999
6,73419139;-1,05696249;-0,598399997;0,240624994
6,75121961;-1,069200039;-0,412637502;0,053624999
6,76824799;-1,093675017;-0,1012;-0,128425002
6,78527627;-1,11924994;0,183424994;-0,252999991
6,80230457;-1,153487444;0,471762508;-0,340999991
6,81933283;-1,184012532;0,580524981;-0,400812507
6,83636111;-1,258537531;0,906812489;-0,47905001
6,85338942;-1,307350039;0,932387471;-0,67938751
6,87041772;-1,329349995;0,953149974;-0,836962521
6,88744599;-1,369774938;0,984912515;-1,209587455
6,9044743;-1,378299952;1,014199972;-1,488162518
6,92150262;-1,334300041;0,932387471;-1,84126246
6,93853092;-1,336774945;0,662337482;-1,918125033
6,95555924;-1,353962541;0,444949985;-1,617687464
6,97258735;-1,345299959;0,301950008;-1,252349973
6,98961565;-1,308724999;-0,156199992;-0,932250023
7,00664395;-1,22677505;-1,078549981;-0,676912487
7,02367225;-1,028912544;-1,253312469;-0,480287492
7,04070058;-0,667287469;-0,875737488;-0,061187498
7,0577288;-0,652575016;-0,066962503;0,41277501
7,07475712;-0,903100014;0,237187505;0,62658751
7,09178541;-1,118149996;0,211612493;0,730399966
7,1088137;-1,208487511;0,029562499;0,768350005
7,12584202;-0,711287499;0,433950007;0,781825006
7,14287031;-0,130899996;0,657525003;0,941874981
7,1598986;0,004675;-0,0682;0,390774995
7,1769267;-0,106562503;0,25918749;0,027912499
7,19395499;0,217250004;0,471762508;-0,218762502
7,2109833;0,626450002;0,762574971;-0,163900003
7,22801161;0,385825008;0,255612493;0,041387498
7,24503992;0,0254375;-0,082912497;-0,145475
7,26206822;-0,37895;-0,060912501;-0,488812506
7,27909654;-0,971437514;0,294662505;-0,811387479
7,29612487;-1,20243752;0,415662497;-0,703862488
7,31315309;-1,10838747;0,283662498;-0,451000005
7,33018141;-1,048437476;0,328900009;-0,333712488
7,3472097;-0,798049986;0,671000004;-0,305525005
7,364238;-0,553712487;0,79914999;-0,207762495
7,38126633;-0,281187505;0,699050009;-0,133237496
7,39829467;0,0584375;0,922625005;-0,079475001
7,41532295;0,319824994;1,560349941;-0,0661375
7,43235126;0,59345001;1,770449996;0,052387498
7,44937959;0,868312478;1,636112452;0,151387498
7,46640789;1,232412457;1,521299958;0,139149994
7,48343621;1,569700003;1,521299958;0,180675
7,50046454;1,584275007;1,300062537;0,230725005
7,5174926;1,422987461;1,34048748;0,280912489
7,53452093;1,199412465;1,581112504;0,201437503
7,55154926;0,957549989;1,670349956;0,0303875
7,56857753;0,75721252;1,549350023;0,169674993
7,58560581;1,204362512;1,190199971;0,734112501
7,60263412;1,827374935;0,261662513;1,026162505
7,61966243;1,901899934;0,725862503;0,67058748
7,63669074;1,723562479;0,940912485;0,129387498
7,65371902;1,901899934;0,545050025;-0,252999991
7,67074732;2,081475019;0,364237487;-0,470524997
7,6877756;2,357712507;0,442474991;-0,392287493
7,70480392;2,584862471;0,673337519;-0,0539
7,72183224;2,489574909;1,065487504;0,415250003
7,73886052;1,859137535;1,334300041;0,649824977
7,75588876;1,311887503;1,124199986;0,62053752
7,7729171;0,769450009;0,714862526;0,459250003
7,78994548;0,179299995;0,958100021;0,395725012
7,80697371;-0,023512499;1,104674935;0,476300001
7,82400204;-0,216562495;1,08267498;0,417724997
7,84103037;-0,210374996;0,927437484;0,172150001
7,85805867;-0,238425002;1,258537531;-0,195662499
7,87508698;-0,255612493;1,360012531;-0,498575002
7,89211534;-0,251899988;1,155962467;-0,606100023
7,90914363;-0,289849997;0,951912522;-0,55962497
7,92617195;-0,272662491;0,583000004;-0,507099986
7,94320024;-0,330137491;0,337424994;-0,477812499
7,96022853;-0,405900002;0,349662513;-0,46557501
7,97725684;-0,53047502;0,451000005;-0,477812499
7,99428515;-0,672237515;0,61105001;-0,493762493
8,01131343;-0,853049994;0,954387486;-0,584100008
8,02834172;-1,025337458;1,228012443;-0,672100008
8,04537001;-1,124199986;1,325775027;-0,738099992
8,06239809;-1,21467495;1,357537508;-0,826099992
8,07942639;-1,275725007;1,379537463;-0,989724994
8,09645467;-1,338012457;1,114437461;-1,069200039
8,11348298;-1,341724992;0,808912516;-1,104537487
8,13051129;-1,322199941;0,331237495;-1,070437551
8,1475396;-1,236675024;-0,417587489;-0,812624991
8,16456792;-1,113337517;-0,988212466;-0,518100023
8,1815962;-0,479187489;-0,125674993;-0,058849998
8,19862455;0,354062498;0,797912478;0,753637493
8,21565285;0,509162486;0,315425009;1,024787545
8,23268116;0,468874991;-0,427349985;0,657112479
8,24970948;0,374825001;-0,106150001;0,192912504
8,26673778;-0,0540375;0,922625005;-0,132137492
8,2837661;-0,458424985;1,47111249;-0,281187505
8,30079441;-0,78828752;1,323300004;-0,328762502
8,3178227;-0,568425;-0,0303875;-0,37895
8,33485102;-0,076037496;0,084562503;-0,633050025
8,35187931;0,021724999;0,928674996;-0,674574971
8,36890763;0,206112504;1,544399977;-0,458287507
8,38593591;0,467637509;1,413774967;-0,421712488
8,40296422;0,394349992;0,628099978;-0,339762509
8,41999256;-0,022275001;0,209137499;-0,439999998
8,4370208;-0,563475013;0,957962513;-0,493762493
8,45404921;-1,010625005;2,243312597;-0,416762501
8,47107744;-1,044862509;2,782037497;-0,156474993
8,48810576;-0,905574977;2,789324999;-0,117425002
8,50513409;-0,813862503;2,349600077;-0,268949986
8,52216242;-0,615999997;1,543162465;-0,558525026
8,53919079;-0,205562502;1,122962475;-0,838199973
8,55621907;0,044962499;1,347774982;-0,866387487
8,57324739;0,157299995;1,895025015;-0,801625013
8,59027571;0,176825002;2,433887482;-0,756387472
8,60730393;0,104774997;2,631749868;-0,650099993
8,6243322;-0,099275;2,668462515;-0,568287492
8,64136049;-0,260562509;2,510887384;-0,486337483
8,65838877;-0,398612499;2,391124964;-0,329999983
8,67541708;-0,481662512;2,273837566;-0,190712497
8,69244538;-0,536662519;2,0942626;-0,0661375
8,70947367;-0,509712517;1,719162464;-0,105187498
8,726502;-0,465712488;1,356299996;-0,232237503
8,74353033;-0,426662505;1,15843749;-0,386237502
8,76055862;-0,299612492;0,866387487;-0,573099971
8,77758695;-0,207900003;0,650099993;-0,684337497
8,79461525;-0,254375011;0,949437499;-0,558525026
8,81164354;-0,211612493;1,440587521;-0,295762509
8,82867186;0,01925;1,747212529;-0,024612499
8,84570017;0,062012501;2,133312464;0,277199984
8,86272846;0,03025;2,446125031;0,51424998
8,87975677;0,145062506;2,701462507;0,571587503
8,89678512;0,291774988;2,621987581;0,597299993
8,91381345;0,82555002;2,387412548;0,581349969
8,93084176;1,176174998;2,217599869;0,522774994
8,94787006;1,355887532;1,814450026;0,673062503
8,96489836;1,936137438;1,513875008;0,940500021
8,98192666;2,38328743;1,236537457;1,023687482
8,99895499;2,747387409;1,042387486;0,874637485
9,01598331;2,903724909;1,562824965;0,786637485
9,03301163;2,930537462;2,184599876;0,735350013
9,05003992;2,576337576;2,425362587;0,604587495
9,06706824;1,80537498;2,008737564;0,385962486
9,08409654;1,196937442;1,350250006;0,286962509
9,10112481;1,072362542;0,966624975;0,288199991
9,11815312;1,044312477;0,788150013;0,489775002
9,13518147;0,89526248;0,928674996;0,837925017
9,15220978;0,898837507;1,066725016;1,16050005
9,16923811;0,929499984;0,86886251;1,215499997
9,18626642;0,929499984;1,003200054;1,096974969
9,20329472;0,846312523;1,235299945;0,876975
9,220323;0,75721252;1,598162532;0,774399996
9,23735133;0,610637486;1,819262505;0,845212519
9,25437963;0,518925011;1,544399977;0,85263747
9,27140801;0,426112503;0,995912492;0,753637493
9,28843624;0,357637495;0,563475013;0,560587525
9,30546453;0,270875007;0,370424986;0,338250011
9,3224928;0,170774996;0,420475006;0,128150001
9,33952112;-0,0039875;0,569525003;-0,038087498
9,35654943;-0,245849997;0,695337474;-0,178474993
9,37357773;-0,535425007;0,761337519;-0,300712496
9,39060611;-0,785812497;0,86886251;-0,435050011
9,40763445;-1,01433754;0,975149989;-0,556050003
9,42466275;-1,217149973;0,882337511;-0,619575024
9,441691;-1,487062454;0,68681252;-0,701387525
9,45871932;-1,588537455;0,105324999;-0,745387495
9,47574761;-1,433300018;-0,746212483;-0,665912509
9,49277601;-1,067962527;-1,567224979;-0,518100023
9,50980434;-0,270187497;-2,1646626;-0,163900003
9,52683261;0,395587504;-1,682037473;0,143962503
9,5438609;0,587400019;-1,347362518;0,135437504
9,56088921;0,64487499;-0,646112502;0,095150001
9,57791752;0,476162493;0,78086251;-0,149187505
9,59494584;0,288062513;1,367300034;-0,768625021
9,6119741;0,451824993;0,374000013;-0,856487513
9,62900243;0,550687492;-0,870925009;-0,753912509
9,64603071;0,323537499;-0,775637507;-0,93720001
9,66305902;-0,183562502;0,283662498;-1,132587552
9,68008732;-0,967862487;1,08267498;-1,444162488
9,69711564;-1,364962459;0,816337466;-1,512637496
9,71414396;-1,141387463;0,383762509;-1,100824952
9,73117229;-1,165724993;-0,175724998;-0,425287485
9,7482006;-1,281774998;0,040562499;0,0193875
9,76522892;-1,302537441;0,823624969;0,153862506
9,78225724;-1,21467495;1,576162457;0,230725005
9,79928554;-0,746762514;2,022212505;0,225912496
9,81631386;-0,207900003;2,283600092;0,159912497
9,83334217;0,132962495;2,01850009;0,043862499
9,85037047;0,344300002;1,400300026;-0,139424995
9,8673988;0,454162508;1,069200039;-0,338524997
9,88442733;0,426112503;0,931150019;-0,490049988
9,90145562;0,2930125;0,798049986;-0,579287469
9,91848366;0,081675;0,719812512;-0,519337475
9,93551193;-0,1211375;0,801625013;-0,288475007
9,95254024;-0,242137492;0,876150012;-0,085662499
9,96956877;-0,355850011;0,994674981;0,0303875
9,9865971;-0,389950007;1,083912492;0,073150001
10,00362541;-0,339899987;1,067962527;0,092675
10,0206537;-0,173799992;0,920149982;0,071912497
10,03768202;0,084012501;0,668524981;0,085387498
10,05471031;0,336874992;0,512049973;0,087862499
10,07173862;0,533637524;0,453474999;0,117150001
10,08876695;0,796262503;0,504762471;0,212437496
10,10579528;1,076074958;0,620812476;0,414012492
10,12282361;1,24712503;1,07525003;0,502012491
10,13985195;1,03331244;1,423537493;0,436012507
10,15688025;1,694275022;0,923862517;0,480012506
10,17390853;2,539624929;0,217662498;0,519062519
10,19093685;2,605624914;0,464475006;0,295487493
10,20796522;2,698437452;0,270187497;0,422537506
10,22499343;2,336812496;0,956862509;0,113437496
10,24202174;2,059474945;0,951912522;-0,389812499
10,25905003;1,499987483;0,193187505;-0,794200003
10,2760784;0,850024998;0,443712503;-0,940912485
10,29310669;0,540925026;0,893337488;-0,769862473
10,310135;0,762024999;1,114437461;-0,476574987
10,32716331;1,087074995;1,199962497;-0,059950002
10,34419159;1,581799984;1,230487466;0,410299987
10,36121988;2,064424992;0,538999975;0,749925017
10,37824818;2,347812414;-0,161012501;0,914924979
10,39527649;2,219525099;-0,349249989;1,052974939
10,41230481;1,878662467;-0,843975008;1,214262486
10,42933337;1,433987498;-0,776737511;1,329074979
10,44636143;1,148125052;-0,3370125;1,301025033
10,46338976;0,823074997;0,199375004;1,213024974
10,48041806;0,620262504;0,382524997;1,10302496
10,49744659;0,278299987;0,9629125;0,947924972
10,51447488;-0,161562502;1,294012547;0,786637485
10,53150319;-0,573237479;1,2890625;0,599637508
10,54853153;-0,729712486;1,07525003;0,429825008
10,56555983;-0,845762491;0,830912471;0,301537484
10,58258817;-0,971575022;0,724624991;0,150150001
10,5996165;-1,036337495;0,480287492;-0,063662499
10,61664487;-1,10233748;0,204187498;-0,289712489
10,63367311;-1,196387529;0,196899995;-0,536525011
10,6507014;-1,236675024;0,160187498;-0,828437507
10,66772975;-1,219624996;0,0075625;-1,10096252
10,68475814;-1,18896246;-0,148912504;-1,370875001
10,70178645;-1,159675002;-0,283250004;-1,555400014
10,71881477;-1,179199934;-0,500637472;-1,699499965
10,73584309;-1,247674942;-0,697399974;-1,673925042
10,75287136;-1,378437519;-0,730399966;-1,418587446
10,76989967;-1,529824972;-0,537349999;-1,10701251
10,78692794;-1,465062499;-0,330825001;-0,753912509
10,80395626;-1,175624967;-0,43106249;-0,326424986
10,82098458;-1,132862449;-0,622874975;-0,163900003
10,8380129;-1,182912469;-0,196487501;-0,108899996
10,85504119;-1,209725022;0,050324999;-0,163900003
10,87206972;-1,318487525;0,097900003;-0,268949986
10,889098;-1,356437445;0,063662499;-0,306762487
10,90612631;-1,280674934;-0,043724999;-0,323949993
10,92315461;-0,91286248;-0,330825001;-0,310474992
10,94018293;-0,228799999;-0,409062505;-0,173662499
10,95721125;0,303874999;-0,053487498;0,1012
10,97423956;-0,164037496;0,587812483;0,139149994
10,99126788;-0,243375003;0,320237488;-0,212712497
11,00829617;0,109724999;-0,459112495;-0,254237503
11,02532448;0,697262526;-0,791450024;-0,073425002
11,04235284;0,246537492;-0,991787493;0,56911248
11,05938116;-0,248325005;-0,586162508;0,94668752
11,07640946;-0,275137484;-0,933212519;0,936924994
11,09343778;-0,331375003;-1,049262524;0,723112524
11,11046612;-0,761474967;-0,635112524;0,436012507
11,12749444;-1,196387529;0,140662506;-0,039187498
11,14452277;-1,185387492;0,051562499;-0,435050011
11,16155107;-1,077862501;0,375237495;-0,742912471
11,17857936;-0,961812496;0,337424994;-0,907912493
11,19560767;-0,790762484;0,0100375;-0,907912493
11,21263621;-0,547662497;-0,112199999;-0,733150005
11,22966452;-0,295899987;0,093087502;-0,535287499
11,24669284;-0,228799999;0,317900002;-0,466812491
11,26372118;-0,160325006;0,369187504;-0,399712503
11,28074947;-0,034512501;0,466949999;-0,350762487
11,29777775;0,021724999;0,389950007;-0,235949993
11,31480604;0,1145375;0,356949985;-0,057612501
11,33183436;0,325874984;0,329999983;0,114675
11,34886264;0,729025006;0,245712504;0,236912504
11,36589106;1,178650022;0,0539;0,3370125
11,38291935;1,532987475;-0,031624999;0,444537491
11,39994766;1,828612447;0,0050875;0,429825008
11,41697597;1,991137505;-0,200199992;0,385962486
11,43400426;1,791900039;-0,213537499;0,277199984
11,45103253;1,449937463;0,171187505;0,0133375
11,46806085;1,214125037;0,224950001;-0,116187498
11,48508918;0,938024998;0,130899996;-0,108899996
11,50211772;0,835312486;0,395999998;0,170912504
11,51914603;1,154175043;0,856625021;0,596062481
11,53617435;1,658800006;0,156612501;0,881924987
11,55320265;1,601325035;0,0319;0,673062503
11,57023096;1,728374958;-0,341825008;0,554537475
11,58725928;2,011899948;-1,002787471;0,654637516
11,60428756;2,202475071;-0,999212503;0,737687469
11,62131588;2,223237514;-1,220312476;0,95273751
11,63834419;2,04489994;-1,32288754;1,110312462
11,65537256;1,832324982;-1,302124977;1,106737494
11,67240084;1,658800006;-1,307075024;0,968687475
11,68942915;1,174937487;-0,763400018;0,674162507
11,70645745;0,80121249;-0,118249998;0,654637516
11,72348577;0,485924989;0,625762522;0,602112472
11,74051433;0,109724999;0,999624968;0,64487499
11,75754264;-0,414424986;0,830912471;0,549587488
11,77457073;-0,695474982;0,245712504;0,301537484
11,79159932;-0,760237515;0,086899996;0,069437496
11,80862758;-0,805337489;0,047849998;-0,067374997
11,82565588;-0,85057497;0,128425002;-0,176137492
11,84268421;-0,937337518;0,093087502;-0,277474999
11,85971251;-1,033862472;0,064899996;-0,383762509
11,87674088;-1,118149996;-0,042624999;-0,515762508
11,89376919;-1,136437535;-0,041387498;-0,628099978
11,91079747;-1,125437498;0,0308;-0,690387487
11,92782579;-1,132862449;0,0881375;-0,725862503
11,94485409;-1,267199993;0,272662491;-0,786912501
11,9618824;-1,426012516;0,502287507;-0,767387509
11,97891071;-1,427250028;0,534049988;-0,646387518
11,99593904;-1,606824994;0,765049994;-1,129012465
12,01296759;-1,575062513;0,538999975;-1,379537463
12,0299959;-1,545774937;0,30923751;-1,296350002
12,04702421;-1,581249952;0,235949993;-1,078962445
12,06405253;-1,559249997;0,02585;-0,880962491
12,08108082;-1,36619997;-0,201437503;-0,653812468
12,09810912;-1,185387492;-0,168437496;-0,455812484
12,11513741;-1,055862546;-0,076724999;-0,381287485
12,13216581;-0,810287476;0,090612501;-0,270187497
12,14919412;-0,481662512;0,141900003;-0,061187498
12,16622245;-0,366849989;0,240899995;0,220962495
12,18325074;-0,49871251;0,304425001;0,357775003
12,20027904;-0,740712524;0,0661375;0,449487507
12,21730758;-0,693000019;0,468050003;0,454299986
12,23433565;0,156062499;1,407587528;0,470250011
12,25136398;0,845075011;0,583000004;0,222200006
12,26839254;0,421162486;0,53047502;0,106150001
12,28542085;-0,061324999;0,644050002;-0,028324999
12,30244918;0,0363;0,1431375;0,322437495
12,31947749;0,355162501;-0,796400011;0,71458751
12,33650586;0,066962503;-1,175074935;0,635112524
12,35353417;-0,264137507;-0,901449978;0,469012499
12,37056248;-0,499949992;-0,462825;0,148912504
12,38759078;-0,80052501;-0,283250004;-0,284762502
12,40461908;-1,099862456;-0,148912504;-0,666050017
12,42164764;-1,142624974;0,097900003;-0,653812468
12,43867592;-0,974049985;0,4472875;-0,580524981
12,45570422;-0,734525025;0,391187489;-0,574337483
12,47273254;-0,578187525;0,235949993;-0,645287514
12,48976083;-0,557425022;0,254375011;-0,746625006
12,50678915;-0,487712503;0,460762501;-0,773575008
12,52381743;-0,277612507;0,501049995;-0,66109997
12,5408458;-0,091987498;0,325187504;-0,432712495
12,5578741;0,150012493;0,162662506;-0,119900003
12,5749024;0,367399991;0,156612501;0,189199999
12,59193072;0,439449996;0,231137499;0,421299994
12,608959;0,774262488;0,388712496;0,629062474
12,62598732;1,386274934;-0,132962495;0,730399966
12,64301563;1,907950044;-0,167199999;0,660825014
12,66004415;2,089999914;0,107662499;0,388300002
12,67707247;1,915374994;-0,033962499;0,214912504
12,69410074;1,746662498;0,211612493;0,064625002
12,71112906;1,647799969;0,157849997;-0,135849997
12,72815743;1,443750024;0,249424994;-0,039324999
12,74518577;1,382699966;0,910387516;0,085387498
12,76221408;1,476750016;0,619575024;0,115912497
12,77924241;1,514562488;0,075900003;0,088962503
12,79627072;1,622087479;-0,352824986;0,201437503
12,81329906;2,149950027;-0,911212504;0,661925018
12,8303276;2,69114995;-1,232550025;1,248362541
12,84735591;2,869487524;-1,205600023;1,649175048
12,8643842;2,38933754;-1,241075039;1,489125013
12,88141252;2,180474997;-1,801800013;1,073737502
12,89844093;1,910424948;-1,730987549;0,831874967
12,91546923;1,414462447;-0,799974978;0,603349984
12,93249751;1,13341248;0,095425002;0,676637471
12,94952581;0,648450017;0,727100015;0,615587473
12,9665541;0,231824994;0,928674996;0,428725004
12,98358242;-0,175037503;0,722287476;0,283250004
13,00061094;-0,487712503;0,45471251;0,2490125
13,01763926;-0,781000018;0,374000013;0,332199991
13,03466756;-0,975149989;0,278712511;0,404249996
13,05169588;-1,113199949;0,139424995;0,283250004
13,06872427;-1,230487466;0,0551375;0,02915
13,08575251;-1,297724962;-0,038912501;-0,296999991
13,10278089;-1,35877502;-0,165962502;-0,578050017
13,1198092;-1,364962459;-0,426112503;-0,739337504
13,13683774;-1,362487435;-0,747449994;-0,812624991
13,15386604;-1,388200045;-0,797637522;-0,832149983
13,17089434;-1,498062491;-0,531300008;-0,793099999
13,18792264;-1,51030004;-0,091437496;-0,731912494
13,20495093;-1,400300026;0,257950008;-0,641574979
13,22197924;-1,323437452;0,521812499;-0,537762523
13,23900765;-1,360012531;0,521812499;-0,47905001
13,25603596;-1,422299981;0,270187497;-0,416762501
13,27306424;-1,421062469;-0,0572;-0,33495
13,29009255;-1,339249969;-0,186725006;-0,216425002
13,30712088;-1,312437534;-0,129250005;-0,138187498
13,32414917;-1,170675039;0,047849998;-0,128425002
13,34117774;-0,953149974;0,216425002;-0,0661375
13,35820606;-0,693000019;0,298237503;-0,0099
13,37523439;-0,503662527;0,195662499;0,0243375
13,39226271;-0,359425008;0,170087501;0,010862499
13,40929108;-0,282424986;0,193187505;-0,013612499
13,42631939;-0,1786125;0,0198;-0,007425
13,44334766;-0,2226125;-0,156199992;0,075625002
13,46037597;-0,413187504;-0,228249997;0,069437496
13,4774043;-0,542850018;-0,143962503;0,020624999
13,49443286;-0,4560875;0,314187497;0,053487498
13,51146115;-0,316799998;0,345950007;0,088962503
13,52848944;0,093774997;-0,225775003;-0,0881375
13,54551776;0,314875007;-0,273487508;0,0364375
13,56254616;0,136537492;-0,698637486;0,108487502
13,57957447;-0,117699996;-1,089550018;0,190437496
13,59660277;0,000825;-0,760924995;0,180675
13,61363109;-0,247087494;-0,326012492;0,197724998
13,6306594;-0,642949998;0,067374997;0,112199999
13,64768771;-0,93857497;0,298237503;-0,0075625
13,66471626;-0,941049993;0,250662506;-0,1211375
13,68174455;-0,840950012;-0,026675001;-0,206662506
13,69877288;-0,685712516;0,029562499;-0,220137492
13,71580121;-0,55013752;0,207900003;-0,179849997
13,73282957;-0,38032499;0,337424994;-0,188374996
13,74985786;-0,225087494;0,42899999;-0,255474985
13,76688615;-0,073699996;0,411949992;-0,320237488
13,78391444;0,024062499;0,370424986;-0,325187504
13,80094277;0,02035;0,439999998;-0,320237488
13,81797132;0,01925;0,42295;-0,344712496
13,83499962;0,099825002;0,33495;-0,329999983
13,85202791;0,138874993;0,292187512;-0,264137507
13,86905621;0,149875;0,305662513;-0,122374997
13,88608458;0,127875;0,298237503;0,031624999
13,90311286;0,074112497;0,194425002;0,120724998
13,92014115;0,460212499;0,1786125;0,134200007
13,93716944;1,053937435;0,173662499;0,313775003
13,95419774;1,343512535;0,174899995;0,532400012
13,97122628;1,479225039;0,370424986;0,428587496
13,98825457;1,579324961;-0,455537498;0,218487501
14,0052829;1,475512505;-0,660825014;-0,282424986
14,02231128;0,985599995;-0,187962502;-0,42295
14,03933959;0,751025021;0,648862481;-0,012375
14,05636793;1,224987507;1,612874985;0,379774988
14,07339626;1,776087523;0,938437522;0,523874998
14,09042457;1,629374981;0,637862504;-0,001375
14,1074529;1,508512497;-0,1012;-0,499812484
14,12448144;1,586612463;-0,604587495;-0,572000027
14,14150977;1,866425037;-0,26730001;-0,040562499
14,15853806;2,355099916;-0,714450002;0,70235002
14,17556646;2,653199911;-0,773162484;0,901449978
14,19259474;2,598200083;-0,574062526;0,674162507
14,20962303;2,391812563;-0,443300009;0,372487485
14,22665134;1,968999982;-0,315012485;0,327250004
14,24367965;1,462037444;0,504762471;0,140249997
14,26070816;1,096699953;0,758862495;0,051150002
14,27773647;0,698499978;0,741812468;-0,0088
14,29476477;0,223299995;0,772337496;-0,030662499
14,31179308;-0,277612507;0,885912478;-0,050324999
14,32882147;-0,664950013;0,788150013;-0,075900003
14,34584979;-0,828712523;0,476712495;-0,152899995
14,36287808;-0,912999988;0,198137492;-0,28490001
14,37990665;-1,037575006;0,129662499;-0,355712503
14,39693475;-1,176862478;0,115087502;-0,405762494
14,41396329;-1,317387462;-0,0011;-0,457049996
14,43099157;-1,426012516;-0,130487502;-0,451000005
14,44801989;-1,492012501;-0,271012485;-0,393525004
14,46504829;-1,584962487;-0,209962502;-0,325187504
14,48207659;-1,641199946;-0,109724999;-0,273900002
14,49910488;-1,719300032;0,090612501;-0,195662499
14,51613321;-1,697299957;0,168712497;-0,127324998
14,53316175;-1,545774937;0,1101375;-0,039324999
14,55019006;-1,428487539;0,0050875;0,073150001
14,56721836;-1,452962518;-0,0254375;0,273487508
14,58424674;-1,494487524;-0,043862499;0,482349992
14,60127504;-1,36619997;-0,266200006;0,533637524
14,61830336;-1,055999994;-0,593587518;0,39311251
14,63533168;-0,639374971;-0,734112501;0,36877501
14,65235996;-0,440137506;-0,749925017;0,52511251
14,66938851;-0,418137491;-0,718162477;0,622874975
14,68641685;-0,250800014;-0,665637493;0,514112473
14,70344514;0,152349994;-0,693825007;0,208725005
14,72047346;0,485924989;-0,696162522;-0,0441375
14,73750186;0,487024993;-0,582587481;-0,210374996
14,75453016;0,085112497;-0,416487485;-0,2446125
14,77155848;-0,672375023;-0,3370125;0,0059125
14,78858676;-1,494487524;0,67938751;0,359012485
14,80561506;-1,971062541;0,570762515;0,487300009
14,82264359;-1,928300023;-0,173250005;0,379774988
14,83967188;-1,57396245;-0,820874989;-0,035612501
14,85670018;-1,145099998;-1,071262479;-0,246950001
14,87372846;-1,091337442;-0,619300008;-0,391187489
14,89075683;-1,01433754;-0,354062498;-0,377712488
14,90778514;-1,130524993;-0,091437496;0,011962499
14,92481344;-1,302675009;0,424050003;0,411537498
14,94184197;-1,081575036;1,081437469;0,433537483
14,95887007;-0,555087507;1,49682498;0,241724998
14,97589862;-0,286274999;1,953737497;-0,049087498
14,99292692;0,031487498;2,08078742;-0,311712503
15,00995523;0,157299995;2,156549931;-0,463237494
15,02698363;0,134062499;2,007499933;-0,443712503
15,04401194;0,0595375;1,605450034;-0,33495
15,06104027;-0,0638;1,31477499;-0,198137492
15,07806857;-0,232512504;1,305012465;-0,078374997
15,09509687;-0,366849989;1,16929996;-0,035612501
15,11212542;-0,434087485;1,166962504;-0,133375004
15,12915373;-0,429137498;1,541924953;-0,271425009
15,14618203;-0,453612506;1,620162487;-0,415524989
15,16321034;-0,394899994;1,566400051;-0,589049995
15,18023874;-0,388850004;1,458874941;-0,747862518
15,19726708;-0,40466249;1,214537501;-0,846862495
15,21429537;-0,436425;1,201062441;-0,729574978
15,23132391;-0,443850011;1,59692502;-0,552337468
15,24835221;-0,475612491;2,002549887;-0,312949985
15,2653805;-0,337562501;2,016025066;-0,135849997
15,28240881;-0,133512497;1,833974957;-0,111374997
15,29943719;-0,067512497;2,067312479;-0,154137492
15,31646542;0,027775001;2,430175066;0,0022
15,33349378;0,279399991;2,665987492;0,156199992
15,35052208;0,535974979;2,549937487;0,054724999
15,36755039;0,540925026;2,326362371;0,041387498
15,3845789;0,59345001;2,012312412;0,225775003
15,40160723;0,969649971;1,626350045;0,447012484
15,41863555;1,328937531;1,185250044;0,633875012
15,43566387;1,683137536;0,8614375;0,884262502
15,45269226;2,184050083;0,56704998;1,055312514
15,46972055;2,66543746;0,363000006;1,087212443
15,48674888;3,063775063;0,535287499;0,874637485
15,50377718;3,26287508;1,610399961;0,734112501
15,52080548;3,178587437;2,610987425;0,591112495
15,53783403;2,908537388;3,008087397;0,323537499
15,55486231;2,612912416;3,033662558;0,054862499
15,57189062;2,19381237;2,256649971;0,0341
15,58891899;1,72961247;1,879212499;0,0584375
15,60594728;1,424224973;1,743637443;0,159912497
15,62297559;1,309412479;1,290300012;0,549587488
15,64000392;1,281224966;1,087487459;0,820874989
15,65703223;1,226225019;0,668524981;0,944212496
15,67406054;1,119937539;0,584237516;0,842737496
15,69108909;1,003887534;0,733287513;0,607062519
15,70811741;0,884262502;0,804099977;0,462825
15,72514573;0,743737519;1,010487437;0,344300002
15,74217414;0,634975016;1,02038753;0,235674992
15,75920246;0,506687522;1,02038753;0,109724999
15,77623078;0,319824994;1,043487549;-0,062424999
15,7932591;0,159775004;0,984912515;-0,206662506
15,8102874;0,0070125;0,832149983;-0,32752499
15,82731592;-0,167750001;0,672100008;-0,407000005
15,84434421;-0,407137483;0,668524981;-0,458287507
15,86137253;-0,672237515;0,762574971;-0,496237487
15,87840091;-0,955624998;0,910387516;-0,532812476
15,89542918;-1,168200016;0,960437477;-0,584100008
15,91245748;-1,292912483;0,889625013;-0,604862511
15,92948577;-1,360012531;0,72338748;-0,607337475
15,94651407;-1,296487451;0,327662498;-0,540099978
15,9635426;-1,099862456;-0,179437503;-0,457049996
15,98057093;-0,791999996;-0,577637494;-0,377712488
15,99759922;-0,155512497;-0,554399967;-0,156612501
16,0146275;0,405212492;-0,277199984;0,242962495
16,0316559;0,316112489;-0,059675001;0,341962487
16,04868421;0,27335;-0,377299994;0,190437496
16,0657125;-0,055275001;-0,042624999;-0,0001375
16,08274105;-0,403425008;0,923862517;-0,347187489
16,09976916;-0,488949984;1,610399961;-0,992200017
16,11679771;-0,671000004;1,610399961;-1,316012502
16,13382603;-0,459662497;0,758862495;-1,00691247
16,15085434;-0,056512501;-0,151250005;-0,966487467
16,16788269;0,049775001;0,343474984;-0,767387509
16,184911;-0,005225;1,537112474;-0,680625022
16,20193932;-0,419375002;2,559700012;-0,483999997
16,21896762;-0,919049978;2,188312531;-0,651337504
16,23599617;-1,328387499;0,862675011;-0,529237509
16,25302449;-1,643537521;0,061324999;-0,171187505
16,2700528;-1,801112533;0,602524996;-0,162662506
16,28708109;-1,619062543;2,328700066;0,114675
16,30410937;-0,983812511;3,592050076;0,552062511
16,32113774;-0,475612491;3,669049978;0,497062504
16,33816603;-0,2666125;2,741750002;0,379774988
16,35519437;-0,132275;1,651924968;-0,189612493
16,37222296;0,027775001;1,638450027;-0,706337512
16,3892513;0,0375375;2,040499926;-0,833387494
16,4062796;-0,027224999;2,235887527;-0,656287491
16,42330793;-0,220275;2,326362371;-0,286000013
16,44033623;-0,372900009;2,240837574;-0,072324999
16,45736459;-0,469424993;2,040499926;0,010862499
16,47439292;-0,470662504;1,876737475;0,0572
16,49142126;-0,408374995;1,725212455;0,064625002
16,50844957;-0,269087493;1,859687448;0,049912501
16,52547812;-0,212850004;1,857212543;-0,0441375
16,5425064;-0,171324998;1,733737469;-0,237187505
16,5595347;-0,151800007;1,498062491;-0,460762501
16,57656297;-0,228799999;1,396587491;-0,624525011
16,59359126;-0,306899995;1,356299996;-0,741675019
16,61061965;-0,45471251;1,423537493;-0,724624991
16,62764796;-0,606237471;1,361250043;-0,788150013
16,64467626;-0,668524981;1,522400022;-0,703862488
16,66170484;-0,669762492;1,645874977;-0,558525026
16,67873311;-0,563475013;2,077075005;-0,505999982
16,69576142;-0,325325012;2,229837418;-0,444812506
16,71278979;-0,184799999;2,309175014;-0,4912875
16,7298181;-0,072324999;2,254312515;-0,46557501
16,7468464;-0,011275;2,306837559;-0,451000005
16,7638747;0,0815375;2,123549938;-0,354474992
16,78090301;0,087724999;1,926787496;-0,322712511
16,79793131;0,076724999;1,890212536;-0,248187497
16,81495985;0,146300003;1,771687508;-0,144374996
16,83198816;0,270875007;1,649449944;-0,071087502
16,84901645;0,64349997;1,578637481;-0,008662499
16,86604482;1,088174939;1,307487488;0,161149994
16,88307311;1,110175014;0,942149997;0,737687469
16,90010143;2,058237553;0,646525025;1,087212443
16,91712976;2,925724983;0,448525012;1,407312512
16,93415806;2,58967495;0,058849998;2,107325077
16,95118662;2,831675053;0,708812475;2,267374992
16,96821492;3,557262421;1,700875044;1,968037486
16,98524325;3,383737564;2,913899899;1,48664999
17,00227156;2,66543746;3,193712473;0,752399981
17,01929994;1,97518754;3,170475006;0,297962487
17,03632825;1,570799947;2,612225056;0,203775004
17,05335657;1,512087464;2,178550005;0,308962494
17,07038488;1,364274979;1,439350009;0,574062526
17,08741317;1,411987543;0,690387487;0,942974985
17,1044417;1,595275044;0,073425002;0,922212482
17,12147;1,688087463;-0,592350006;0,605825007
17,13849832;1,664849997;-0,859924972;0,404249996
17,15552668;1,607375026;-0,405487508;0,234437496
17,172555;1,367987514;0,300712496;-0,0221375
17,18958331;0,979412496;0,819912493;-0,189612493
17,20661163;0,587262511;1,042250037;-0,294662505
17,22364012;0,192637503;1,000725031;-0,465712488
17,24066842;-0,168987498;0,949437499;-0,681862474
17,25769677;-0,467087507;0,926199973;-0,84315002
17,27472511;-0,769999981;0,863912523;-0,933624983
17,29175341;-1,143862486;0,786912501;-1,014199972
17,30878178;-1,578775048;0,551237524;-1,039912462
17,32581009;-1,908637524;0,122374997;-1,009387493
17,34283841;-2,086975098;0,01485;-0,889625013
17,35986693;-2,072400093;0,136950001;-0,678287506
17,37689525;-1,912349939;0,591525018;-0,300712496
17,39392356;-1,76206255;1,116775036;0,097487502
17,41095189;-1,468775034;1,335537434;0,345537484
17,42798029;-1,192674994;1,329349995;0,3944875
17,44500861;-0,910525024;0,934724987;0,400537491
17,46203689;-0,459662497;0,30923751;0,261249989
17,4790652;-0,131037504;-0,074387498;0,126912504
17,49609352;-0,0210375;-0,3504875;-0,0111375
17,51312206;-0,099275;-0,75721252;-0,195662499
17,53015035;-0,625762522;-1,209312439;-0,319000006
17,54717866;-1,02038753;-1,300887465;-0,59276247
17,56420702;-0,585474968;-1,156787515;-1,099725008
17,58123535;-0,146850005;-1,394937515;-1,15101254
17,59826368;-0,490187496;-1,622225046;-0,790624976
17,61529197;-0,900762498;-0,52511251;-0,482762486
17,63232024;-1,110862494;0,345950007;0,136675
17,64934856;-1,373487473;0,083324999;0,244199991
17,66637712;-1,441962481;0,179849997;0,169674993
17,68340542;-0,745525003;0,249424994;0,382250011
17,70043373;-0,315562487;-0,31872499;0,494587511
17,71746214;-0,324087501;-0,383487493;0,0242
17,73449046;-0,361900002;-0,479874998;-0,319000006
17,75151879;-0,227562502;0,094324999;-0,365474999
17,76854708;-0,157849997;0,94462502;-0,322712511
17,78557536;-0,077275001;1,197487473;-0,287237495
17,80260367;0,143824995;1,050912499;-0,317762494
17,81963222;0,325874984;0,89319998;-0,288475007
17,83666053;0,424874991;0,647762477;-0,206662506
17,85368879;0,314875007;0,176137492;-0,056375001
17,87071718;0,284350008;0,126087502;0,143962503
17,88774547;0,6191625;0,559762478;0,316249996
17,90477375;1,361937523;0,464475006;0,421299994
17,92180204;1,196937442;0,551237524;0,445775002
17,93883035;1,499987483;0,256712496;0,416487485
17,95585886;1,710087538;-0,746212483;0,2050125
17,97288717;1,835899949;-1,344887495;-0,012375
17,9899155;2,037474871;-1,394937515;-0,376475006
18,00694382;1,940950036;-1,305837512;-0,536525011
18,0239722;1,656324983;0,1651375;-0,013612499
18,04100052;1,728374958;1,248775005;0,426250011
18,05802881;1,83108747;1,089962482;0,299199998
18,07505735;1,76137495;0,411949992;0,0144375
18,09208565;1,839612484;0,231137499;-0,266474992
18,10911397;1,669800043;0,411949992;-0,325187504
18,12614227;1,628275037;0,469287485;-0,152899995
18,14317065;1,780900002;0,118662499;0,009625
18,1601989;1,898187518;-0,195250005;0,301537484
18,17722727;1,92513752;-0,150012493;0,649824977
18,19425555;1,816375017;0,046612501;0,839162469
18,21128387;1,592800021;-0,095150001;0,903925002
18,22831243;1,387512445;-0,305249989;0,941737473
18,24534078;1,061362505;-0,586162508;0,912450016
18,2623691;0,666737497;-0,726687491;0,989449978
18,27939742;0,302637488;-0,605825007;0,850162506
18,29642573;-0,076037496;-0,220962495;0,621637523
18,31345404;-0,466949999;0,292187512;0,444537491
18,33048245;-0,757762492;0,464475006;0,291774988
18,34751076;-0,860337496;0,387474984;0,161149994
18,36453907;-0,909287512;0,320237488;0,075625002
18,38156741;-1,068099976;0,399712503;0,062150002
18,39859596;-1,291674972;0,475474984;0,049912501
18,41562426;-1,440724969;0,421712488;-0,00385
18,43265255;-1,505487442;0,237187505;-0,151662499
18,44968082;-1,432199955;-0,060912501;-0,294662505
18,46670915;-1,360012531;-0,142725006;-0,384999991
18,48373753;-1,318624973;-0,156199992;-0,486474991
18,50076586;-1,353962541;-0,189199999;-0,56704998
18,51779416;-1,606824994;-0,420062512;-0,762574971
18,53482247;-1,896399975;-1,221549988;-0,979962468
18,55185103;-1,368674994;-0,415250003;-0,818674982
18,56887908;-0,925237477;0,045375001;-0,462000012
18,58590764;-0,991100013;-0,048675001;-0,0270875
18,60293594;-1,189100027;-0,2490125;0,125674993
18,61996424;-1,331962466;-0,608162522;0,0352
18,63699266;-1,382149935;-0,806162477;-0,276237488
18,65402099;-1,226912498;-0,630162478;-0,531575024
18,67104929;-1,024099946;0,147949994;-0,37895
18,68807763;-0,794475019;0,696574986;-0,124849998
18,70510619;-0,497612506;0,777149975;0,0462
18,72213448;-0,359562486;0,591525018;0,164725006
18,73916277;-0,458424985;0,206662506;0,2050125
18,75619109;-0,52442497;-0,01815;-0,0026125
18,77321947;-0,659999967;-0,157437503;-0,304425001
18,79024764;-0,589187503;-0,288199991;-0,772337496
18,80727605;-0,552612484;-0,211199999;-0,984912515
18,82430436;-0,210512504;-0,271012485;-0,552337468
18,84133263;-0,137225002;-0,338250011;-0,0111375
18,85836092;-0,387612492;-0,312537491;0,146437496
18,87538945;0,358875006;-0,059675001;0,559350014
18,89241774;1,10165;0,161424995;0,70235002
18,90944602;1,157887459;0,228662506;0,669349968
18,92647432;0,347874999;0,497474998;0,543537498
18,94350263;-0,069987498;0,672100008;0,264962494
18,96053096;-0,247087494;0,486474991;-0,023375001
18,97755934;-0,486612499;0,356949985;-0,281187505
18,99458767;-0,703999996;0,597575009;-0,441237509
19,01161598;-0,766287506;0,607337475;-0,481525004
19,02864431;-0,744287491;0,146850005;-0,394762486
19,04567287;-0,691762507;-0,143962503;-0,319000006
19,06270118;-0,536662519;-0,164725006;-0,188374996
19,07972946;-0,366849989;-0,206249997;-0,049087498
19,09675779;-0,215324998;0,267712504;0,073150001
19,11378611;0,604449987;0,521812499;0,365062505
19,13081442;1,612324953;-0,300300002;0,610637486
19,14784278;1,777325034;-0,233199999;0,421299994
19,16487107;1,543849945;0,193187505;0,0572
19,18189938;1,382699966;-0,339487493;-0,106425002
19,19892764;1,248224974;-0,3504875;-0,374000013
19,21595618;1,056412458;-0,196487501;-0,250662506
19,23298424;1,273937464;0,600049973;0,172012493
19,25001277;1,554849982;0,828575015;0,459250003
19,26704108;1,600087523;0,254237503;0,294250011
19,28406939;1,553750038;-0,150012493;-0,072324999
19,3010977;1,398512483;-0,357775003;-0,253137499
19,31812608;1,306937456;-0,625349999;-0,171187505
19,33515438;1,652612448;-0,648587525;0,209962502
19,35218271;1,850612521;-0,426250011;0,83297497
19,36921103;1,992237449;-0,156199992;1,181262493
19,38623959;1,868899941;-0,1012;1,129837513
19,40326788;1,644087434;0,1101375;0,864737511
19,42029622;1,554849982;-0,114675;0,756112516
19,43732455;1,178650022;0,129662499;0,687637508
19,45435285;0,71321249;0,28490001;0,503112495
19,47138124;0,351587504;0,452237487;0,418825001
19,48840956;-0,184799999;0,453474999;0,209962502
19,50543787;-0,535425007;0,432712495;0,0584375
19,52246616;-0,889762521;0,59276247;0,099962503
19,53949446;-1,148674965;0,739337504;0,156199992
19,55652302;-1,325912476;0,689287484;0,085387498
19,57355134;-1,462725043;0,526762486;-0,086899996
19,59057964;-1,573825002;0,321474999;-0,350762487
19,60760794;-1,626350045;0,0198;-0,574337483
19,62463625;-1,620299935;-0,250250012;-0,662337482
19,64166452;-1,620299935;-0,770687521;-0,794337511
19,65869279;-1,339249969;-0,972262502;-0,690387487
19,67572118;-1,397962451;-0,669349968;-0,760100007
19,69274949;-1,373487473;-0,75721252;-0,549862504
19,7097778;-1,487062454;-0,462825;-0,745387495
19,72680611;-1,367437482;-0,494587511;-0,680625022
19,74383465;-1,281912446;0,001375;-0,47299999
19,76086295;-1,259912491;0,540237486;-0,322712511
19,77789127;-1,142624974;0,310474992;-0,372762501
19,79491956;-0,793237507;0,0331375;-0,37152499
19,81194786;-0,374137491;0,356949985;-0,1431375
19,82897618;-0,105324999;0,845624983;0,2270125
19,8460045;-0,149324998;0,82486248;0,422537506
19,8630329;-0,260562509;0,223712504;0,267437488
19,8800612;-0,155512497;-0,113437496;0,062150002
19,89708952;-0,151800007;0,0308;-0,018424999
19,91411781;-0,023512499;-0,0462;-0,036849998
19,93114611;0,363824993;0,137087494;-0,0771375
19,94817437;0,117012501;0,106425002;0,0144375
19,96520269;-0,066275001;0,141900003;0,447012484
19,98223121;0,063249998;0,91286248;0,588774979
19,99925951;0,098724999;0,563475013;0,610637486
20,01628783;0,350349993;-0,222200006;0,550825
20,03331616;0,595924974;-1,552649975;0,317487508
20,05034447;0,0815375;-1,280125022;-0,0111375
20,06737286;-0,60018748;-0,635112524;-0,0539
20,08440115;-1,173149943;-0,0254375;-0,202950001
20,10142947;-1,269675016;0,115087502;-0,39723751
20,11845782;-1,008149981;0,163900003;-0,462000012
20,13548615;-0,811524987;-0,026675001;-0,446049988
20,15251447;-0,700287521;-0,087724999;-0,455812484
20,16954279;-0,681999981;0,029562499;-0,495000005
20,18657133;-0,64418751;0,0026125;-0,558525026
20,20359963;-0,547662497;-0,010725;-0,576812506
20,22062793;-0,376612485;0,122374997;-0,496100009
20,23765623;-0,160325006;0,304425001;-0,344712496
20,25468452;0,0352;0,268949986;-0,208999991
20,27171292;0,241587505;0,281187505;-0,097900003
20,28874122;0,661925018;0,329999983;-0,0026125
20,3057695;0,997837484;0,198137492;0,0902
20,32279782;1,113887548;0,1101375;0,153724998
20,33982612;1,120074987;0,213949993;0,250250012
20,35685444;1,459699988;0,246950001;0,196487501
20,37388274;1,689324975;-0,011962499;0,0303875
20,39091128;1,612324953;-0,074387498;-0,024612499
20,40793961;1,40951252;0,156612501;-0,00385
20,42496795;1,375412464;0,562237501;0,059675001
20,44199626;1,349699974;0,398474991;0,0083875
20,45902456;1,452275038;0,182187498;-0,086899996
20,47605287;1,611087441;-0,351587504;-0,0209
20,4930812;1,799324989;-0,346774995;0,163487494
20,51010948;2,080237389;-0,123199999;0,527587473
20,52713788;2,180474997;0,279949993;0,908737481
20,54416616;2,309999943;0,531575024;1,06645
20,56119446;2,12547493;0,160187498;0,983262479
20,57822277;1,878662467;-0,060912501;0,859924972
20,59525107;1,342412472;-0,0462;0,806162477
20,61227934;0,503112495;0,157849997;0,709637523
20,62930763;0,184249997;-0,098724999;0,640062511
20,64633594;-0,149324998;0,035612501;0,43106249
20,6633645;-0,45471251;0,0075625;0,262487501
20,68039279;-0,750474989;0,167612493;0,192912504
20,69742109;-0,976387501;0,405762494;0,180675
20,71444938;-1,123100042;0,433950007;0,108625002
20,7314777;-1,235437512;0,294662505;0,0193875
20,74850601;-1,27215004;-0,0059125;-0,071087502
20,76553432;-1,268437505;-0,031624999;-0,161424995
20,78256263;-1,174387455;-0,252725005;-0,1871375
20,79959102;-1,094912529;-0,406587511;-0,144374996
20,81661937;-1,113337517;-0,294250011;-0,234712496
20,83364769;-1,053387523;-0,255199999;-0,296999991
20,850676;-1,048575044;0,024612499;-0,315425009
20,86770425;-1,092437506;0,374000013;-0,374000013
20,88473258;-1,115674973;0,534049988;-0,457049996
20,90176115;-1,149912477;0,56099999;-0,52305001
20,91878944;-1,155962467;0,495000005;-0,582862496
20,93581776;-1,091337442;0,242137492;-0,557287514
20,95284607;-1,025337458;-0,093912497;-0,431474984
20,96987437;-1,064387441;-0,32477501;-0,312949985
20,98690269;-1,236675024;-0,43711251;-0,256712496
21,00393098;-1,389437437;-0,407824993;-0,292187512
21,02095925;-1,346675038;-0,234437496;-0,356949985
21,03798762;-1,142624974;-0,052387498;-0,369187504
21,05501593;-0,814000011;0,100374997;-0,350762487
21,07204422;-0,47437501;0,255474985;-0,273762494
21,08907252;-0,171324998;0,568287492;-0,183424994
21,10610085;0,057062499;0,635524988;-0,071087502
21,12312916;0,0485375;0,470524997;-0,049087498
21,14015746;-0,091987498;0,232374996;-0,036849998
21,15718577;-0,493900001;0,174899995;0,0243375
21,17421407;-0,816337466;0,47905001;0,0121
21,19124261;-0,815237522;0,426524997;0,080437496
21,20827093;-0,605000019;0,239662498;0,2930125
21,22529924;-0,176275;-0,348012507;0,434774995
21,24232757;-0,252037495;-0,796400011;0,510537505
21,25935588;-0,590425015;-0,715687513;0,542299986
21,27638417;-0,580662489;-0,836687505;0,421299994
21,29341246;-0,256850004;-0,591112495;0,145199999
21,31044074;-0,338662505;-0,02915;-0,150425002
21,32746912;-0,38637501;0,277474999;-0,222474992
21,34449744;-0,267850012;0,574337483;-0,295762509
21,36152577;-0,223849997;0,992200017;-0,224950001
21,37855409;-0,189612493;1,322062492;-0,204187498
21,3955824;-0,151800007;1,498062491;-0,281187505
21,41261072;-0,171324998;1,670212507;-0,350762487
21,42963903;-0,230037496;1,683687449;-0,454575002
21,44666735;-0,36066249;1,441825032;-0,534049988
21,46369568;-0,485374987;1,160774946;-0,552337468
21,48072421;-0,59276247;1,004437447;-0,549862504
21,49775252;-0,659999967;0,888387501;-0,42899999
21,51478086;-0,694237471;0,766149998;-0,369049996
21,53180917;-0,739475012;0,710049987;-0,392287493
21,54883749;-0,7382375;0,583000004;-0,512049973
21,56586579;-0,667287469;0,670862496;-0,648862481
21,5828941;-0,570762515;0,867624998;-0,779624999
21,59992241;-0,433950007;0,954387486;-0,816200018
21,61695069;-0,369187504;0,909150004;-0,734387517
21,63397899;-0,273900002;1,041149974;-0,657387495
21,65100731;-0,121275;1,262249947;-0,509575009
21,66803563;0,022962499;1,499300003;-0,294524998
21,68506394;0,091299996;1,736212492;-0,113712497
21,70209223;0,190300003;1,84126246;-0,067374997
21,71912074;0,396824986;1,767974973;-0,173662499
21,73614905;0,649687469;1,743637443;-0,314187497
21,75317736;0,774262488;1,774162531;-0,272662491
21,77020568;0,688737512;1,660449982;0,062150002
21,78723404;0,834074974;1,396587491;0,377299994
21,80426237;1,129837513;1,054487467;0,62658751
21,82129069;1,493800044;0,575574994;0,857450008
21,83831896;2,058237553;0,075900003;1,070024967
21,85534726;2,358812571;-0,326012492;1,344887495
21,87237566;2,493149996;0,229900003;1,368124962
21,88940399;2,837724924;1,215775013;1,281362534
21,90643231;2,972062588;2,245650053;1,167787552
21,92346059;2,584862471;2,575512409;0,889212489
21,94048889;1,900662541;2,402124882;0,535012484
21,95751721;1,493800044;2,33859992;0,406724989
21,97454553;1,317937493;2,298175097;0,360249996
21,99157382;0,87559998;2,200550079;0,66316247
22,00860213;0,92702502;2,096600056;1,111549973
22,02563067;1,118837476;1,814450026;1,338837504
22,04265897;1,137125015;0,942149997;1,164075017
22,05968729;1,160362482;0,415524989;0,825687468
22,07671556;1,121175051;0,488812506;0,539825022
22,09374384;1,00759995;0,668524981;0,282012492
22,11077217;0,858550012;0,834625006;0,021862499
22,12780051;0,736450017;0,783337474;-0,188374996
22,1448288;0,485924989;0,854149997;-0,343474984
22,16185716;0,180537492;0,990962505;-0,422812492
22,17888548;-0,118799999;0,995912492;-0,476574987
22,19591377;-0,462137491;0,942149997;-0,600049973
22,21294209;-0,822525024;0,898149967;-0,758862495
22,22997042;-1,109624982;0,878624976;-0,915199995
22,24699897;-1,292912483;0,884674966;-1,071537495
22,26402705;-1,419962525;0,909150004;-1,154724956
22,28105537;-1,507825017;0,967724979;-1,148537517
22,29808391;-1,473724961;0,827337503;-1,036200047
22,31511217;-1,035099983;0,305662513;-0,685575008
22,3321405;-0,580662489;0,402187496;-0,239662498
22,34916882;-0,338662505;0,725862503;0,150150001
22,36619712;-0,320374996;0,524287522;0,332199991
22,38322551;-0,089512497;-0,136675;0,252725005
22,40025383;-0,000275;-0,769450009;0,092675
22,41728213;-0,123750001;-1,193362474;-0,089374997
22,43431043;-0,302087486;-1,171362519;-0,261662513
22,45133873;-0,399850011;-0,478774995;-0,443712503
22,46836705;-0,609950006;0,641574979;-0,58533752
22,48539536;-0,80052501;1,097249985;-0,442474991
22,50242368;-0,579424977;0,915199995;-0,188237503
22,51945222;-0,156612501;0,801625013;-0,279949993
22,53648051;0,011962499;1,099725008;-0,402049989
22,55350882;-0,099275;1,185250044;-0,639100015
22,57053712;-0,317900002;0,893337488;-0,961674988
22,58756542;-0,349662513;0,564575017;-1,240249991
22,60459372;-0,59276247;0,126087502;-1,223062515
22,62162212;-1,061912537;-0,229487494;-0,79914999
22,63865036;-1,438249946;0,256712496;-0,30923751
22,65567875;-1,625112534;1,186487436;0,026675001
22,67270706;-1,247674942;2,340937376;0,208725005
22,68973538;-0,664950013;2,706274986;0,280775011
22,70676367;-0,457187504;1,980549932;0,377299994
22,72379198;-0,441374987;0,568287492;0,126912504
22,74082029;-0,205562502;0,509712517;-0,350762487
22,75784859;-0,089512497;1,15101254;-0,449762493
22,77487689;0,0094875;1,593349934;-0,391050011
22,79190549;-0,068750001;1,636112452;-0,222474992
22,80893373;-0,28490001;1,559112549;-0,108899996
22,825962;-0,413187504;1,425874949;-0,101612501
22,84299029;-0,441374987;1,362349987;-0,0441375
22,86001858;-0,402187496;1,450350046;-0,018424999
22,87704688;-0,364374995;1,399062514;-0,0539
22,89407519;-0,330137491;1,014199972;-0,151662499
22,91110349;-0,353374988;0,791862488;-0,317762494
22,9281318;-0,303324997;0,695337474;-0,416762501
22,9451602;-0,281325012;0,59276247;-0,504762471
22,96218853;-0,361900002;0,556050003;-0,536525011
22,97921679;-0,413187504;0,550000012;-0,593862474
22,99624511;-0,38637501;0,471762508;-0,613387525
23,01327344;-0,264137507;0,417999983;-0,475337505
23,03030175;-0,184799999;0,776049972;-0,278712511
23,04733031;0,0009625;1,087487459;-0,163900003
23,06435864;0,385825008;1,008149981;-0,223712504
23,08138693;0,484687507;0,965387523;-0,194425002
23,09841525;0,274587512;1,214537501;-0,056375001
23,11544355;0,126774997;1,545637488;-0,036849998
23,13247185;0,487162501;1,970787525;-0,141900003
23,14950016;0,823212504;2,01107502;-0,083187498
23,16652847;0,909837484;1,793687463;0,176962495
23,18355688;1,266649961;1,421062469;0,3944875
23,20058518;1,929949999;0,762574971;0,608299971
23,21761351;2,53481245;0,061324999;0,922212482
23,23464185;3,02472496;-0,390774995;1,368124962
23,25167017;3,501162529;0,068612501;1,517174959
23,26869846;3,646499872;0,982437491;1,20449996
23,28572678;3,448637486;1,756974936;0,572825015
23,30275512;2,719199896;2,077075005;-0,163900003
23,31978342;2,033900023;2,257887602;-0,304425001
23,33681196;1,473037481;1,758212447;-0,250662506
23,35384027;1,205600023;2,310412407;0,118387498
23,37086855;1,008837461;2,366650105;0,574062526
23,38789686;0,972262502;2,13826251;0,825687468
23,40492517;0,883024991;1,461349964;0,942974985
23,42195346;0,821974993;1,290300012;0,854974985
23,43898171;0,716787517;1,357537508;0,614350021
23,45601002;0,568974972;1,219487548;0,385962486
23,47303842;0,389400005;1,02038753;0,184387505
23,4900667;0,307587504;0,793099999;0,032862499
23,50709502;0,191537499;0,817574978;-0,157712504
23,52412334;0,011962499;0,793099999;-0,337287486
23,54115165;-0,248325005;0,948199987;-0,446049988
23,55817997;-0,520712495;1,132725;-0,501049995
23,57520829;-0,820050001;1,261012435;-0,553574979
23,59223661;-1,132862449;1,230487466;-0,587812483
23,60926516;-1,439487457;1,15843749;-0,593862474
23,62629348;-1,716825008;1,028912544;-0,630575001
23,64332177;-1,911112547;0,827337503;-0,707575023
23,66035006;-1,996637464;0,889625013;-0,731912494
23,67737837;-1,863399982;0,772337496;-0,709912479
23,69440673;-1,402775049;0,388712496;-0,595099986
23,71143493;-0,68076247;0,458287507;-0,356949985
23,72846329;-0,0210375;0,658762515;0,129387498
23,7454916;0,284350008;0,217662498;0,378537506
23,7625199;0,540925026;-0,841499984;0,296725005
23,7795482;0,75721252;-1,24712503;0,073150001
23,79657675;0,564162493;-0,453062505;-0,232237503
23,81360483;0,198825002;0,354474992;-0,65504998
23,83063338;-0,140799999;0,779624999;-0,777149975
23,84766169;-0,155512497;0,411949992;-0,507237494
23,86469001;-0,165274993;0,224950001;-0,393525004
23,88171835;-0,377849996;0,829675019;-0,415524989
23,89874667;-0,763812482;1,250012517;-0,609812498
23,91577499;-0,937337518;1,217012525;-0,992200017
23,93280341;-0,787050009;0,664812505;-1,114300013
23,94983172;-0,718712509;-0,022962499;-0,896912515
23,96686;-0,881099999;-0,093912497;-0,652575016
23,98388829;-0,974049985;0,507237494;-0,460762501
24,00091659;-0,83228749;0,909150004;-0,372762501
24,01794486;-0,633187473;0,862675011;-0,241999999
24,03497317;-0,482899994;0,647762477;-0,301950008
24,0520015;-0,385137498;0,580524981;-0,446049988
24,06903002;-0,216562495;1,072912455;-0,454575002
24,08605835;-0,0088;1,539587498;-0,39723751
24,10308666;0,095012501;1,709399939;-0,32752499
24,12011497;0,104774997;1,451587439;-0,322712511
24,13714327;0,052249998;1,070437551;-0,319000006
24,15417158;-0,060224999;0,795575023;-0,332475007
24,17119991;-0,194562495;0,710049987;-0,331237495
24,18822823;-0,295899987;0,728337467;-0,279949993
24,20525656;-0,363137484;0,876150012;-0,226187497
24,22228495;-0,3546125;0,77481252;-0,250662506
24,23931326;-0,369325012;0,690524995;-0,284762502
24,25634155;-0,314325005;0,699050009;-0,311712503
24,2733698;-0,337562501;0,714862526;-0,305662513
24,29039812;-0,302087486;0,631812513;-0,29095
24,30742643;-0,193324998;0,580524981;-0,166374996
24,32445472;0,016775001;0,578050017;0,009625
24,34148301;0,357637495;0,692862511;0,197724998
24,35851131;0,663025022;0,845624983;0,407824993
24,37553985;0,942837477;0,933624983;0,62658751
24,39256815;1,248224974;0,971437514;0,830637515
24,40959644;1,528037548;1,00691247;0,966212511
24,42662474;1,696612477;0,977625012;1,10302496
24,44365306;1,879899979;0,91286248;1,187312484
24,4606814;2,272049904;0,943387508;1,127499938
24,47770981;3,170062542;1,074012518;1,200787544
24,49473804;3,800499916;1,297587514;1,263074994
24,51176635;3,408212423;1,540825009;0,917400003
24,52879473;2,219525099;1,950024962;0,253962487
24,54582302;1,668562531;0,951912522;0,156199992
24,56285135;1,326462507;0,576812506;0,399300009
24,57987968;0,938024998;1,077725053;0,453062505
24,59690799;0,829262495;0,228662506;0,389537484
24,61393632;0,711974978;-0,0792;0,269775003
24,63096483;0,634975016;-0,284487486;0,112199999
24,64799289;0,399162501;-0,294250011;-0,012375
24,6650214;0,115774997;-0,152487502;-0,112612501
24,6820497;-0,135849997;0,100374997;-0,255474985
24,69907803;-0,364374995;0,242137492;-0,384999991
24,71610633;-0,546424985;0,235949993;-0,502287507
24,73313466;-0,648999989;-0,097487502;-0,571862519
24,75016295;-0,760237515;-0,304012507;-0,56704998
24,76719126;-0,960574985;-0,449349999;-0,569525003
24,78421963;-1,159675002;-0,464062512;-0,667287469
24,80124787;-1,342962503;-0,348012507;-0,812624991
24,8182762;-1,53601253;-0,114675;-0,88714999
24,83530462;-1,637349963;0,149187505;-0,78086251
24,8523329;-1,611775041;0,448525012;-0,590287507
24,86936122;-1,440724969;0,666050017;-0,430237502
24,88638948;-1,213437438;0,562237501;-0,391050011
24,9034178;-0,875050008;0,100374997;-0,409474999
24,92044611;-0,484137505;-0,345537484;-0,326424986
24,93747441;-0,176275;-0,351725012;-0,161424995
24,95450272;0,0375375;-0,163487494;-0,012375
24,97153102;0,115774997;-0,060912501;0,0474375
24,98855931;0,150012493;-0,130487502;0,0132
25,00558786;0,208587498;-0,0462;-0,140662506
25,02261615;0,245299995;-0,0462;-0,262899995
25,03964447;-0,0015125;-0,129250005;-0,151662499
25,05667277;-0,403425008;-0,106150001;0,0022
25,07370109;-0,717474997;-0,059675001;-0,113849998
25,09072943;-0,481662512;0,504762471;-0,462000012
25,10775776;-0,165274993;0,47299999;-0,409474999
25,12478607;0,680212498;0,338662505;0,085387498
25,14181439;0,818262518;1,059437513;0,774399996
25,15884273;0,620262504;0,716099978;1,005262494
25,17587112;0,542162478;-0,50682497;0,843975008
25,19289943;0,533637524;-0,781687498;0,505587518
25,20992772;0,208587498;-0,384587497;0,284487486
25,22695605;-0,319137484;0,0441375;0,051150002
25,24398437;-0,481662512;0,393525004;-0,104087502
25,26101268;-0,457187504;0,124849998;-0,298237503
25,27804096;-0,531712472;-0,236774996;-0,42295
25,29506926;-0,759000003;-0,321062505;-0,453474999
25,31209755;-0,960574985;-0,31872499;-0,458287507
25,32912584;-1,093812466;-0,41277501;-0,365474999
25,34615436;-1,093812466;-0,307725012;-0,222474992
25,36318266;-0,833525002;0,0308;-0,085662499
25,38021095;-0,502425015;0,171187505;-0,045375001
25,39723925;-0,203087494;-0,037675001;-0,018562499
25,41426756;0,139012501;-0,060912501;-0,028324999
25,43129587;0,614212513;0,223712504;0,172150001
25,44832418;1,211650014;0,4032875;0,329724997
25,4653525;1,657562494;-0,141487494;0,065862499
25,48238081;1,762612462;-0,903925002;-0,405762494
25,49940918;1,575749993;-1,215362549;-0,708812475
25,51643748;1,31546247;-0,961262524;-0,850437522
25,5334658;0,931837499;-1,032212496;-0,807675004
25,5504941;0,79983747;-1,03331244;-0,664812505
25,56752243;1,168887496;-1,332649946;-0,4472875
25,58455075;1,750375032;-1,490362525;-0,104087502
25,60157906;2,435812473;-1,525699973;0,365062505
25,61860736;3,177350044;-1,754225016;0,572825015
25,63563567;3,376450062;-1,414600015;0,754875004
25,65266397;2,725250006;-0,442062497;0,97845
25,66969252;1,934900045;0,256712496;0,92097497
25,68672082;1,536562443;0,408237487;0,726687491
25,70374914;1,250699997;0,951912522;0,895399988
25,72077745;0,533500016;1,603112459;1,045549989
25,73780578;0,088825002;1,523637533;0,999212503
25,75483408;-0,242275;1,460112453;0,916162491
25,77186237;-0,443850011;1,349012494;0,580112517
25,78889067;-0,767525017;1,012962461;0,3944875
25,80591908;-1,098624945;0,572000027;0,374825001
25,82294737;-1,256199956;0,046612501;0,483587503
25,83997572;-1,427250028;0,071087502;0,642400026
25,857004;-1,358912468;0,162662506;0,917262495
25,87403232;-1,732774973;0,140662506;0,015675001
25,89106062;-1,978212476;-0,427349985;-0,426524997
25,90808914;-2,099212408;0,001375;-0,674574971
25,92511745;-2,063737392;-0,02915;-0,873674989
25,94214577;-1,956212521;-0,260012507;-1,098487496
25,95917405;-1,824349999;-0,459112495;-1,330587506
25,97620234;-1,809637547;-0,554399967;-1,529824972
25,99323068;-1,705824971;-0,174487501;-1,397825003
26,01025897;-1,473724961;-0,1012;-0,859099984
26,02728725;-1,270912528;-0,104912497;-0,246950001
26,04431564;-0,839574993;0,074662499;-0,128425002
26,06134394;-0,187274993;1,191300035;-0,26523751
26,07837224;0,415112495;1,88045001;-0,243237495
26,09540056;0,677737474;1,959787488;-0,146850005
26,11242889;0,604449987;1,577399969;-0,157849997
26,12945719;0,405212492;1,003200054;-0,256712496
26,14648553;0,152349994;0,569525003;-0,301950008
26,16351385;-0,144512504;0,202950001;-0,224950001
26,18054235;-0,451137483;-0,165962502;-0,151662499
26,19757065;-0,514662504;-0,0462;-0,211475
26,21459896;-0,558662474;0,834625006;-0,061324999
26,23162727;-0,784712493;-0,069437496;0,272249997
26,24865568;-0,838474989;-0,528824985;0,201437503
26,26568401;-0,399850011;-0,372487485;0,009625
26,28271222;0,01925;0,02585;0,231962502
26,29974059;0,495687485;-0,236774996;0,622874975
26,31676891;0,597024977;-0,872162521;0,715687513
26,3337972;0,0033;-0,341825008;0,41277501
26,35082549;-0,8262375;0,271425009;0,1012
26,36785404;-1,049812436;0,35323751;-0,436287493
26,38488238;-1,10838747;0,459524989;-0,844387472
26,4019107;-1,008287549;0,859099984;-0,804099977
26,418939;-0,617237508;0,734387517;-0,518237472
26,43596729;-0,43037501;0,630575001;-0,526762486
26,45299557;-0,269087493;0,238425002;-0,563337505
26,47002387;-0,101750001;0,041662499;-0,496237487
26,48705228;-0,127324998;0,442474991;-0,287237495
26,50408057;-0,205562502;1,025200009;0,038912501
26,52110891;0,214774996;0,990962505;0,289437503
26,53813721;0,815787494;0,115087502;0,32477501
26,55516549;1,028362513;-0,31130001;0,271012485
26,57219379;1,156649947;0,233612493;0,132962495
26,58922231;1,29717505;0,465712488;0,217250004
26,60625062;1,449937463;0,176137492;0,290537506
26,62327893;1,528037548;0,084562503;0,279675007
26,64030731;1,564749956;-0,239250004;0,145199999
26,65733556;1,48527503;0,063662499;-0,204187498
26,67436393;1,305699944;-0,365062505;-0,439999998
26,69139225;1,106600046;-0,521537483;-0,282424986
26,70842054;1,249462485;-0,38706249;0,0144375
26,72544884;1,473037481;-0,460350007;0,200199992
26,7424774;1,723562479;-0,464062512;0,348012507
26,75950571;2,165762424;-0,917262495;0,708400011
26,77653402;2,363762379;-0,591112495;0,977212489
26,79356233;2,448050022;-0,084150001;1,063974977
26,81059063;2,200000048;-0,207487494;1,054212451
26,82761896;1,813899994;-0,162249997;0,950262487
26,84464732;1,356987476;0,104087502;0,872162521
26,86167565;0,523874998;0,949437499;0,668112516
26,87870396;-0,098037496;0,943387508;0,471349984
26,89573225;-0,617237508;1,316012502;0,178200007
26,9127608;-1,116912484;1,709399939;0,169674993
26,92978911;-1,501775026;1,786399961;0,290537506
26,94681741;-1,641062498;1,474825025;0,183149993
26,96384573;-1,566537499;0,942149997;-0,114950001
26,98087406;-1,569012523;0,651337504;-0,537762523
26,99790245;-1,595962524;-0,290537506;-0,911624968
27,01493073;-1,361387491;-0,734112501;-1,137675047
27,03195905;-1,399199963;-0,704687476;-1,278062463
27,04898732;-1,245337486;-0,581349969;-1,102200031
27,06601563;-1,268437505;-0,570349991;-0,961674988
27,08304392;-1,415150046;-0,691349983;-1,094912529
27,10007247;-1,419962525;-1,062737465;-1,116775036
27,11710077;-1,424912453;-0,929499984;-0,839574993
27,13412908;-1,516487479;-0,552062511;-0,399712503
27,15115739;-1,654537439;-0,203775004;-0,0050875
27,16818577;-1,456674933;-0,107387498;-0,166374996
27,18521408;-0,633187473;0,459524989;-0,173662499
27,2022424;0,124300003;1,071674943;0,117150001
27,2192707;0,259875;1,366062522;0,269775003
27,236299;0,1695375;0,841912508;0,214774996
27,25332755;0,230587497;0,347187489;0,1012
27,27035585;0,127875;-0,087724999;0,179437503
27,28738418;-0,239800006;-0,646112502;0,252725005
27,30441249;0,307587504;-0,3944875;-0,061324999
27,32144089;-0,184799999;-0,0144375;0,054724999
27,33846917;-0,198275;0,0551375;0,550825
27,35549747;-0,421849996;0,73081249;0,302774996
27,372526;0,284350008;0,097900003;0,305249989
27,38955433;0,614212513;-0,587400019;0,3370125
27,40658265;0,798600018;-1,712700009;0,189199999
27,42361105;0,418687493;-1,544124961;0,026675001
27,44063929;-0,507375002;-0,495824993;-0,128425002
27,45766768;-1,268437505;0,356949985;-0,372762501
27,474696;-1,483487487;0,407000005;-0,482762486
27,49172431;-1,345437527;0,724624991;-0,499812484
27,50875283;-0,948337495;0,750337482;-0,443712503
27,52578116;-0,578187525;0,398474991;-0,460762501
27,54280948;-0,38032499;0,115087502;-0,514524996
27,5598378;-0,254375011;0,094324999;-0,505999982
27,57686616;-0,0748;0,097900003;-0,426524997
27,59389446;0,057062499;0,242137492;-0,298237503
27,61092278;0,093774997;0,766149998;-0,060087498
27,62795107;0,234300003;1,2890625;0,240487501
27,6449796;0,834074974;1,229249954;0,519062519
27,66200788;1,383937478;0,685575008;0,643637478
27,67903618;1,586750031;0,327662498;0,482349992
27,69606449;1,426699996;0,435187489;0,180675
27,71309289;1,257987499;0,382524997;0,098724999
27,7301212;1,210412502;0,282424986;-0,0429
27,74714948;1,234887481;-0,004675;0,040150002
27,76417781;1,203125;0,073562503;0,242962495
27,78120635;1,415699959;0,545050025;0,537349999
27,79823465;1,62332499;0,1101375;0,527587473
27,81526297;1,702800035;-0,442062497;0,290537506
27,83229135;1,980137467;-1,045549989;0,145199999
27,84931969;2,330762386;-0,947787523;0,335774988
27,86634801;2,428387403;-0,850162506;0,773162484
27,88337632;2,372287512;-0,482349992;1,151837468
27,90040463;2,021662474;-0,401775003;1,281362534
27,91743319;1,404700041;-0,384587497;1,105499983
27,93446154;0,768212497;-0,176962495;0,956449986
27,95148987;0,1475375;0,5487625;0,70235002
27,96851817;-0,176275;0,52305001;0,530062497
27,98554647;-0,597712517;0,756387472;0,291774988
28,00257478;-1,062049985;1,017912507;0,162249997
28,01960335;-1,496962547;1,027675033;0,130487502
28,03663166;-1,671587467;0,761337519;0,084150001
28,05365993;-1,69235003;0,337424994;-0,091849998
28,07068831;-1,603250027;-0,121962503;-0,354474992
28,08771658;-1,457774997;-0,638824999;-0,510812521
28,1047449;-1,340625048;-1,126262546;-0,663574994
28,12177347;-1,212337494;-1,430412531;-0,832149983
28,13880177;-1,022862554;-1,691937447;-1,008149981
28,15583007;-0,805474997;-1,137262464;-1,036200047
28,17285837;-0,809050024;-0,56911248;-0,870100021
28,18988676;-1,082812548;-0,48111251;-0,736862481
28,20691504;-1,135337472;-0,096387498;-0,606100023
28,22394336;-1,070574999;0,326424986;-0,442474991
28,24097191;-1,059574962;0,559762478;-0,253137499
28,25800023;-1,087625027;0,237187505;-0,100374997
28,27502856;-1,112100005;-0,119487502;-0,310474992
28,29205686;-0,96428752;-0,361487508;-0,607337475
28,30908522;-0,653949976;-0,121962503;-0,697812498
28,32611355;-0,303324997;0,393525004;-0,572000027
28,34314188;-0,156749994;0,685575008;-0,278712511
28,36017041;-0,3680875;0,598812521;0,107249998
28,3771987;-0,734525025;0,086899996;0,359012485
28,39422701;-0,743187487;-0,2050125;0,374825001
28,41125538;-0,258087486;-0,352824986;0,395587504
28,42828367;0,131587505;0,245712504;0,251487494
28,44531198;0,084012501;0,572000027;0,220962495
28,46234028;-0,179987505;-0,2930125;0,175724998
28,47936881;-0,277612507;-0,365062505;-0,1101375
28,49639714;0,454025;-1,078549981;-0,172425002
28,51342541;0,788837493;-1,396312475;0,409062505
28,53045377;0,401499987;-0,907499969;0,647212505
28,54748207;-0,452374995;-0,167199999;0,642400026
28,56451039;-0,839712501;0,394762486;0,354062498
28,58153894;-1,023000002;0,573099971;-0,220137492
28,59856703;-1,15981245;0,796674967;-0,619575024
28,61559558;-1,113337517;1,201062441;-0,642812491
28,63262389;-0,881237507;1,386824965;-0,526762486
28,64965229;-0,567324996;1,297587514;-0,451000005
28,66668059;-0,281462491;0,957962513;-0,430237502
28,68370889;-0,126224995;0,67938751;-0,436425
28,70073746;-0,056649998;0,615862489;-0,44866249
28,71776577;0,0276375;0,724624991;-0,398474991
28,7347941;0,193875;0,846862495;-0,2666125
28,75182248;0,499262512;0,829675019;-0,0540375
28,76885078;0,69836247;0,685575008;0,150012493
28,78587904;0,804650009;0,950675011;0,341825008
28,80290758;1,184700012;1,261012435;0,511637509
28,81993591;1,768662453;0,663574994;0,424874991
28,8369642;1,772237539;0,369187504;0,253825009
28,85399251;1,504799962;0,852912486;-0,022275001
28,8710209;1,15775001;0,762574971;-0,474237502
28,8880492;0,974462509;0,579287469;-0,713762522
28,90507772;0,810837507;0,559762478;-0,718575001
28,92210605;0,383212507;0,796674967;-0,580524981
28,93913435;0,267162502;1,157062531;-0,314187497
28,95616273;0,495550007;1,473587513;-0,118799999
28,97319105;0,852362514;1,410062551;-0,091849998
28,99021936;1,466850042;1,230487466;-0,0638
29,00724765;2,038712502;1,206012487;0,051150002
29,0242762;2,290337563;1,279299974;0,288062513
29,0413045;2,303812504;1,080199957;0,576399982
29,05833281;2,295287371;0,455812484;0,875737488
29,0753612;1,722187519;0,347187489;0,979550004
29,09238951;1,060124993;0,615862489;0,867212474
29,1094178;0,599500001;1,142487526;0,665637493
29,12644612;0,136537492;1,693449974;0,400537491
29,14347465;-0,083462499;1,490637541;0,31872499
29,16050297;-0,403562486;1,516350031;0,394349992
29,17753128;-0,790762484;1,704450011;0,38706249
29,19455966;-1,062049985;1,530925035;0,341825008
29,21158795;-1,181812525;1,080199957;0,288062513
29,2286165;-1,062049985;0,4472875;0,097487502
29,24564481;-0,784712493;-0,345537484;-0,166374996
29,2626731;-0,601424992;-0,610637486;-0,411949992
29,2797014;-0,514662504;-0,448249996;-0,578050017
29,29672979;-0,463375002;-0,230725005;-0,644050002
29,31375806;-0,401087493;-0,134200007;-0,696574986
29,33078637;-0,426662505;-0,02915;-0,694100022
29,34781488;-0,515900016;0,140662506;-0,613524973
29,36484318;-0,609950006;0,235949993;-0,463237494
29,38187157;-0,653949976;0,332475007;-0,323949993
29,39889988;-0,724762499;0,4912875;-0,282424986
29,41592819;-0,78223747;0,612287521;-0,299474984
29,43295673;-0,6699;0,466812491;-0,262899995
29,44998503;-0,509850025;0,238425002;-0,194425002
29,46701335;-0,241037503;0,073425002;-0,116324998
29,48404167;-0,017462499;0,255474985;-0,01485
29,5010701;0,209824994;0,02585;0,0682
29,51809842;0,375925005;0,058849998;0,084150001
29,53512697;0,296587497;-0,106150001;0,004675
29,5521553;0,259875;-0,879450023;-0,130899996
29,56918361;-0,01375;-0,82692498;-0,232237503
29,58621199;-0,49871251;-0,236774996;-0,314187497
29,60324031;-0,741949976;0,505999982;-0,452237487
29,62026862;-0,802999973;0,973912478;-0,304425001
29,63729696;-0,778524995;1,479637504;-0,195662499
29,65432548;-0,710187495;1,065487504;-0,289712489
29,6713538;-0,482899994;0,924962521;-0,355712503
29,68838217;-0,179849997;0,767387509;-0,596337497
29,70541046;0,118249998;0,459524989;-0,804099977
29,72243875;0,043724999;0,457049996;-1,047199965
29,7394673;-0,617237508;0,149187505;-1,24506247
29,75649561;-1,030149937;-0,241724998;-0,888387501
29,77352394;-1,224437475;0,288475007;-0,432712495
29,79055231;-1,26472497;1,061912537;0,077962503
29,80758062;-0,949575007;1,777737498;0,575299978
29,82460892;-0,743049979;2,278650045;0,697399974
29,84163748;-0,757762492;1,874262452;0,554537475
29,85866578;-0,730949998;1,185250044;0,225775003
29,87569408;-0,614899993;1,191300035;-0,104087502
29,89272238;-0,490187496;1,741162539;-0,1871375
29,90975076;-0,349662513;2,23712492;-0,127187505
29,92677904;-0,330137491;2,096600056;-0,075900003
29,94380736;-0,397374988;1,570112467;-0,113849998
29,96083589;-0,482899994;1,191300035;-0,195662499
29,97786418;-0,562237501;1,108250022;-0,204187498
29,99489256;-0,609950006;1,396587491;-0,078374997
