Time(s),X(rad/s),Y(rad/s),Z(rad/s)
0.01354682,-0.434923261,-0.224944502,0.175160453
0.03040327,0.150421143,-0.145534366,0.01267508
0.04725885,0.750273168,-0.543806791,-0.278088212
0.06411525,0.783258915,-0.979951739,-0.46989426
0.08097249,0.28236416,-0.672084689,-0.460120708
0.09782895,-0.342074454,0.412932754,-0.353833288
0.11468452,-0.362843275,0.685370624,0.131179452
0.13154093,-0.014660334,0.053601846,0.749356866
0.14839812,0.515707791,-0.176076725,0.518456638
0.16525458,0.24326992,0.277324647,-0.445460349
0.1821102,-0.190584347,1.21069932,-1.501004457
0.19896661,-0.068414897,1.831320047,-1.730682969
0.21582379,0.131943002,2.003578901,-1.388608575
0.23268025,0.298246175,1.572320819,-1.037982225
0.24953588,0.333675325,1.605306625,-1.001331329
0.26639228,0.739277899,1.887518048,-0.991557837
0.28324947,1.126555085,2.225927353,-0.794865012
0.30010593,0.861447334,1.816659689,-0.64337486
0.3169615,0.564575553,2.051225185,-0.598172188
0.33381796,0.675749779,1.819103122,-0.637266398
0.35067515,0.879772782,1.588202834,-0.676360607
0.36753161,0.97628665,1.335312128,-0.731336892
0.38438718,0.995833755,1.14717114,-0.735001981
0.40124364,0.983616769,1.051878929,-0.645818293
0.41810083,1.037371397,0.974912226,-0.560299635
0.43495728,1.088682532,0.959030211,-0.526092231
0.45181286,1.04714489,1.090973258,-0.533422351
0.46866932,0.894433081,1.340198874,-0.530978978
0.4855265,0.698961973,1.495354056,-0.467450857
0.50238296,0.545028448,1.353637576,-0.293970257
0.51923853,0.496160686,1.020114899,-0.080173701
0.53609499,0.446071208,0.802653313,0.136066228
0.55295218,0.337340385,0.588856757,0.342532605
0.56980864,0.196845532,0.38605547,0.514791548
0.58666421,0.002443389,0.079257429,0.608861983
0.60352067,-0.370173425,-0.303132951,0.63451761
0.62037786,-0.957808495,-0.742942989,0.654064715
0.63723432,-1.586981177,-1.230399132,0.824032962
0.65408994,-1.918060422,-1.968302608,1.393342614
0.67094635,-1.806886196,-2.642678022,2.033510447
0.68780353,-1.448929667,-3.000634432,2.33649087
0.70465999,-1.346307397,-3.350039005,2.323052168
0.72151562,-1.447708011,-3.188775301,2.268075943
0.73837202,-1.342642307,-2.504626513,1.831930876
0.75522921,-0.864959717,-1.515053868,1.103801012
0.77208572,-0.80387497,-1.676317573,0.260679066
0.78894129,-1.528339863,-1.94264698,-0.042301174
0.8057977,-1.843536973,-1.633558273,0.221584842
0.82265494,-1.349972486,-1.781383276,0.349862754
0.8395114,-0.889393628,-1.571251869,0.409725785
0.85636697,-0.646276414,-0.989725292,0.420721054
0.87322343,-0.477682561,-0.709957242,0.270452619
0.89008062,-0.357956499,-0.939635813,-0.010537115
0.90693708,-0.255334169,-1.049588323,-0.238993987
0.9237927,-0.128277928,-1.001942158,-0.502879977
0.94064911,-0.034207448,-0.76371181,-0.789978206
0.95750629,-0.095292173,-0.425302416,-1.040425539
0.97436281,-0.13805148,-0.149199441,-1.180920482
0.99121838,-0.272437871,-0.130874023,-1.217571259
1.00807478,-0.235787049,-0.399646819,-1.107618809
1.02493202,0.107509121,-0.733169437,-0.832737505
1.04178848,0.378878027,-0.73194772,-0.323290914
1.05864406,0.156529605,-0.540141702,0.021226943
1.07550051,-0.383612067,-0.419193924,0.182490617
1.0923577,-0.301758558,-0.328788549,0.271674305
1.10921416,0.311684817,-0.428967476,0.183712319
1.12606978,0.568240643,-0.614665031,0.027335415
1.14292619,0.292137712,-1.000720501,0.2521272
1.15978338,-0.191806033,-0.072232686,0.418277651
1.17663989,-0.041537613,0.776997685,0.46103698
1.19349546,0.538919985,0.83563906,0.186155707
1.21035192,0.527924717,0.510668337,-0.44179529
1.22720911,0.367882758,0.905275643,-1.141826272
1.24406557,0.358109206,1.414722204,-1.410598993
1.26092119,0.354444116,1.721367598,-1.238340139
1.2777776,0.402090222,1.345085621,-1.085628271
1.29463484,0.496160686,1.437934399,-1.083184958
1.31149129,0.685523331,2.638860226,-1.238340139
1.32834687,0.934749007,3.287580013,-1.172368646
1.34520333,0.794254124,2.482483149,-0.985449314
1.36206051,0.574349165,2.313889503,-0.811968744
1.37891702,0.513264418,2.383526087,-0.722784996
1.3957726,0.749051452,2.10620141,-0.623827756
1.412629,1.044701576,1.56499064,-0.592063725
1.42948624,1.18153131,1.156944752,-0.577403367
1.4463427,1.103342891,0.846634328,-0.573738277
1.46319832,1.000720501,0.676818788,-0.581068456
1.48005473,0.978730023,0.603517115,-0.535865784
1.49691192,0.966513097,0.678040445,-0.504101694
1.51376843,0.945744276,0.767224133,-0.526092231
1.530624,0.840678513,0.965138674,-0.518762052
1.54748046,0.618330121,1.061652541,-0.422248155
1.56433765,0.394760042,0.861294627,-0.088725567
1.58119416,0.253043473,0.541210651,0.304660082
1.59804973,0.089183703,0.381168693,0.5392254
1.61490614,-0.089183703,0.312753797,0.622300625
1.63176338,-0.177145705,-0.007482879,0.644291163
1.64861984,-0.482569337,-0.397203416,0.559994221
1.66547546,-1.127624035,-0.945744276,0.456150204
1.68233187,-1.808107853,-1.692199588,0.665059924
1.69918911,-2.124526739,-2.414221048,1.320040941
1.71604556,-1.894848228,-2.536390543,2.034732103
1.73290119,-1.518566251,-2.805163383,2.291288137
1.7497576,-1.483137131,-3.561392307,2.391467094
1.76661484,-1.55766046,-3.400128603,2.434226274
1.78347129,-1.305991411,-2.543720722,1.830709219
1.80032692,-0.720799744,-2.130787849,0.959641039
1.81718333,-0.830752254,-2.193094254,0.209367901
1.83404051,-1.819103122,-2.268839359,0.198372647
1.85089702,-1.688381791,-1.892557502,0.566102684
1.8677526,-1.026223421,-1.431978703,0.756687045
1.88460906,-0.504559815,-0.856560588,0.715149403
1.90146629,-0.425149679,-0.782037199,0.569767773
1.91832275,-0.581526578,-1.045923233,0.304660082
1.93517838,-0.614512324,-0.998277128,0.087198444
1.95203478,-0.539988995,-0.811357856,-0.218225181
1.96889202,-0.434923261,-0.702627063,-0.548082709
1.98574848,-0.194249421,-0.628103674,-0.880383611
2.00260411,-0.094070479,-0.391094953,-1.160151601
2.01946051,-0.048867781,0.057266932,-1.3446275
2.03631775,-0.002443389,0.368951738,-1.444806457
2.05317421,-0.103844032,0.17088452,-1.395938754
2.07002984,-0.12583454,-0.386208177,-1.232231617
2.08688624,0.130721316,-0.94085747,-0.865723252
2.10374348,0.207840785,-0.982395113,-0.099720813
2.12059994,-0.109952509,-0.297024488,0.307103455
2.13745556,-0.222348407,-0.262817025,0.373074949
2.15431197,0.176076725,-0.094223186,0.25579229
2.17116921,0.482722044,-0.310463131,-0.027640838
2.18802567,0.444849521,-0.4240807,-0.195012987
2.20488129,-0.101400644,-0.695296884,-0.267092973
2.22173775,-0.300536841,0.448361874,-0.133928254
2.23859494,0.079410143,0.781884491,0.087198444
2.25545145,0.635433853,0.714691281,0.104302168
2.27230702,0.720952451,0.354291409,-0.275644839
2.28916348,0.485165447,0.659715056,-0.815633774
2.30602072,0.283585846,1.517344594,-1.168703556
2.32287718,0.173633337,1.711593986,-1.474127173
2.33973281,0.103844032,1.706707239,-1.576749444
2.35658921,0.129499614,2.410403252,-1.508334637
2.37344645,0.541363359,2.891750813,-1.215127945
2.39030296,0.959182918,2.565558434,-0.853506327
2.40715853,0.890767992,2.245474577,-0.684912503
2.42401499,0.695296884,2.437280655,-0.666587055
2.44087223,0.711178899,2.515469074,-0.655591846
2.45772869,0.87366432,2.348096848,-0.677582324
2.47458432,1.000720501,1.885074615,-0.733780265
2.49144072,1.006829023,1.420830727,-0.738667071
2.50829796,1.034927964,1.14350605,-0.659256876
2.52515442,1.122889996,0.858851254,-0.581068456
2.54201004,1.193748236,0.670710266,-0.519983709
2.5588665,1.190083146,0.601073682,-0.50532341
2.57572369,1.094791055,0.69392246,-0.517540336
2.5925802,0.911536813,0.855186164,-0.541974247
2.60943582,0.698961973,1.012784719,-0.551747799
2.62629223,0.38865158,0.985907495,-0.392927498
2.64314947,0.081853531,0.774554312,0.000458135
2.66000593,-0.096513867,0.561979473,0.363301396
2.67686156,-0.217461631,0.474017471,0.574654579
2.69371801,-0.291984975,0.229525864,0.756687045
2.7105752,-0.531437099,-0.117435388,0.900999725
2.72743171,-1.026223421,-0.534033239,1.009730577
2.74428734,-1.635848999,-1.091125965,1.313932419
2.76114374,-2.017017603,-1.7019732,1.972425818
2.77800098,-1.933942437,-2.017170429,2.709107637
2.79485749,-1.662726283,-2.481414318,2.704220772
2.81171306,-1.811772943,-3.078822851,2.420787573
2.82856952,-1.820324779,-3.159454823,2.226538181
2.84542676,-1.291331053,-2.775842667,1.720756769
2.86228322,-0.558314383,-1.686091185,1.202758312
2.87913885,-0.579083204,-1.160762548,0.520900011
2.8959953,-1.478250384,-1.507723689,0.197150946
2.91285249,-1.828876734,-1.612789512,0.279004484
2.929709,-1.505127668,-1.456412554,0.434159696
2.94656463,-0.993237615,-0.981173396,0.459815264
2.96342103,-0.695144177,-0.509599328,0.333980739
2.98027827,-0.470352382,-0.580457628,0.096972004
2.99713478,-0.360399872,-0.928640544,-0.16202724
3.01399041,-0.246782288,-1.032484531,-0.429578334
3.03084682,-0.12583454,-0.821131408,-0.628714562
3.04770406,-0.058641337,-0.41675055,-0.780204654
3.06456056,0,-0.118657082,-0.871831775
3.08141614,-0.004886778,0.112243183,-0.88771379
3.0982726,-0.265107721,0.002290677,-0.787534833
3.11512984,-0.199136213,-0.248156697,-0.541974247
3.13198629,0.461953253,-0.461953253,-0.227998734
3.14884192,0.630547106,-0.361774296,-0.045966256
3.16569838,-0.072079979,-0.405755281,-0.005650337
3.18255562,-0.370173425,-0.480278671,0.120184198
3.19941208,0.014660334,-0.189515367,0.065207943
3.2162677,0.624438584,-0.365439385,-0.107050985
3.23312416,0.967734754,-0.519372881,-0.322069228
3.2499814,0.76737684,-0.923753738,-0.312295675
3.26683786,0.031764057,-0.512042701,-0.152253673
3.28369348,-0.726908267,1.360967636,0.193485871
3.30054994,-0.295650065,1.284000993,0.475697309
3.31740718,0.485165447,0.553427637,0.5392254
3.33426364,0.643985748,0.395829022,-0.093612343
3.35111926,0.444849521,0.604738772,-0.786313117
3.36797572,0.268925518,1.262010455,-1.244448543
3.38483296,0.108730815,1.874079347,-1.339740753
3.40168942,0.24326992,1.652952671,-1.428924441
3.41854504,0.108730815,2.21981883,-1.438698053
3.4354015,0.615886748,2.768359661,-1.259108901
3.45225874,1.099677801,2.713383436,-0.926808
3.46911458,0.823574841,2.374974251,-0.64337486
3.48597082,0.552358627,2.504473686,-0.625049472
3.50282728,0.536476612,2.384747744,-0.651926756
3.51968452,0.746608079,2.196606636,-0.601837277
3.53654098,0.93352735,1.799556017,-0.515096963
3.55339661,0.94085747,1.418387294,-0.40270105
3.57025306,0.932305634,1.131289124,-0.287861764
3.5871103,1.006829023,0.889393628,-0.1937913
3.60396682,1.102121115,0.833195686,-0.151031986
3.62082239,1.10700798,0.842969239,-0.208451629
3.63767885,1.031262875,0.880841732,-0.323290914
3.65453609,0.918866992,0.93826139,-0.494328141
3.6713926,0.755159915,1.04088378,-0.598172188
3.68824817,0.553580344,1.119072199,-0.50532341
3.70510463,0.300689578,1.057987452,-0.143701822
3.72196187,0.120947756,0.772110939,0.233801782
3.73881838,0.069636591,0.353069723,0.484249175
3.75567395,-0.034207448,-0.052685577,0.660173178
3.77253041,-0.389720559,-0.382543087,0.693158925
3.78938765,-1.062874198,-0.839456856,0.611305416
3.80624416,-1.793447495,-1.226734042,0.707819283
3.82309978,-2.129413605,-1.782605052,1.12212646
3.83995619,-1.922947168,-2.307933569,1.7525208
3.85681343,-1.572320819,-2.927332878,2.176448822
3.87366994,-1.639514089,-3.241308212,2.464768648
3.89052557,-1.62851882,-2.6365695,2.667569876
3.90738202,-1.044548869,-1.992736459,2.238755226
3.92423921,-0.293206692,-1.642110109,1.291942
3.94109572,-0.932152927,-1.56758678,0.205702812
3.95795135,-1.799556017,-1.478403091,0.373074949
3.97480781,-1.578429341,-1.704416513,0.666281641
3.99166504,-0.992015958,-1.368450522,1.059819937
4.0085215,-0.649941504,-0.647650778,0.986518323
4.02537713,-0.535102189,-0.549915254,0.701710761
4.04223359,-0.719578087,-0.603669822,0.430494607
4.05909083,-0.877176642,-0.697740257,0.19226417
4.07594734,-0.714691281,-0.751494825,-0.096055731
4.09280291,-0.379947007,-0.603669822,-0.320847511
4.10965937,-0.266329408,-0.327566832,-0.532200694
4.12651661,-0.299315155,-0.189515367,-0.700794518
4.14337312,-0.230900258,0.04871507,-0.695907712
4.16022874,-0.075745061,0.299315155,-0.57251662
4.1770852,0.169968247,0.119573347,-0.427134931
4.19394239,0.391094953,-0.463174939,-0.394149184
4.2107989,0.206619084,-0.614665031,-0.366050214
4.22765452,-0.076966755,-0.21517095,-0.386819035
4.24451098,0.036650836,-0.276255667,-0.39903596
4.26136817,0.512042701,-0.443627834,-0.263427883
4.27822468,1.01171577,-0.238383144,-0.132706568
4.2950803,1.133885264,-0.698961973,-0.006872032
4.31193676,0.409420371,-0.397203416,0.079868279
4.328794,-0.569309652,1.225359559,-0.055739813
4.34565046,-0.530215442,1.710372329,-0.765544355
4.36250609,0.354444116,0.873511553,-0.837624311
4.37936254,0.839456856,0.394607335,-0.50532341
4.39621978,1.230399132,0.945591569,-0.640931487
4.41307624,0.955517829,1.342642307,-0.888935447
4.42993187,0.742942989,1.044548869,-1.189472318
4.44678832,0.222501114,1.643179178,-1.607291818
4.46364556,-0.13438639,2.597322464,-1.766112089
4.48050208,0.23105298,2.900302887,-1.529103398
4.49735765,0.788145661,2.796458721,-1.111283898
4.51421411,0.835791767,2.252804756,-0.854728043
4.53107135,0.652537584,2.381082535,-0.720341623
4.5479278,0.678193152,2.261356592,-0.71789825
4.56478343,0.87366432,1.864305854,-0.698351145
4.58163989,1.019045949,1.555217147,-0.610389113
4.59849713,1.014159203,1.3524158,-0.435686797
4.61535364,0.977508307,1.290109396,-0.292748541
4.63220921,1.009272337,1.263232112,-0.278088212
4.64906567,1.021489382,1.189930439,-0.391705811
4.66592291,0.867555797,1.233911514,-0.589620292
4.68277942,0.662311137,1.280335903,-0.638488114
4.69963499,0.540141702,1.236354828,-0.488219678
4.71649145,0.509599328,1.086086392,-0.171800792
4.73334869,0.443627834,0.977355599,0.118962504
4.75020515,0.22738789,0.773332655,0.366966486
4.76706077,-0.032985751,0.630394399,0.569767773
4.78391723,-0.283433139,0.476460874,0.694380641
4.80077442,-0.625507593,0.168441132,0.733474851
4.81763093,-1.149614573,-0.290915996,0.749356866
4.83448656,-1.743358135,-0.681858242,0.970636308
4.85134301,-2.031677961,-1.333021402,1.637681484
4.8682002,-1.909508586,-2.037939072,2.424452782
4.88505671,-1.510014415,-2.552272558,2.728654623
4.90191234,-1.501462579,-2.800276518,2.568612814
4.91876874,-1.578429341,-2.372683525,2.37925005
4.93562598,-1.209477544,-2.111240864,2.028623819
4.95248249,-0.643832982,-1.755727768,1.481304646
4.96933812,-0.823422134,-1.549261332,0.684607089
4.98619452,-1.569877505,-1.175422788,0.344975978
5.00305176,-1.547886968,-1.214517117,0.649177909
5.01990827,-1.321873426,-1.350125194,0.581984699
5.03676385,-0.949256659,-1.207186937,0.70904094
5.0536203,-0.692700803,-0.805249393,0.541668832
5.07047754,-0.553427637,-0.711178899,0.172717065
5.087334,-0.492342889,-0.957961202,-0.118046232
5.10418963,-0.342074454,-1.14610219,-0.350168198
5.12104609,-0.174702317,-1.045923233,-0.563964725
5.13790327,-0.243117213,-0.659867764,-0.725228429
5.15475978,-0.328635812,-0.333675325,-0.843732774
5.17161541,-0.258999229,-0.025808297,-0.881605327
5.18847182,-0.14171657,0.067040488,-0.836402595
5.20532906,-0.062306419,-0.114992,-0.752105713
5.22218557,0.134539112,-0.613443375,-0.515096963
5.23904114,0.253043473,-0.724617541,-0.304965496
5.2558976,0.128277928,-0.323901773,-0.204786539
5.27275484,-0.063528113,-0.292137712,-0.143701822
5.28961129,-0.053754561,-0.375212938,-0.054518119
5.30646692,0.277477354,-0.244491622,-0.056961507
5.32332338,0.76737684,-0.168746561,-0.179130957
5.34018057,1.212073684,-0.240826532,-0.279309899
5.35703708,1.049588323,-0.6684196,-0.412474603
5.3738927,0.202954009,-0.072232686,-0.364828527
5.39074911,-0.657271624,1.192373872,-0.324512601
5.40760635,-0.747677028,1.728697777,-0.187682822
5.42446281,-0.091627091,0.791658044,0.667503357
5.44131843,0.76371181,0.174549609,0.892447829
5.45817489,0.626882017,0.72568655,0.00167983
5.47503208,0.259151936,0.908940733,-1.051420808
5.49188859,0.042759307,1.418387294,-1.761225343
5.50874416,0.020768806,1.665169597,-1.717244387
5.52560062,-0.45324868,2.525242567,-1.560867429
5.54245786,-0.216239929,2.614426374,-1.248113632
5.55931432,0.703848779,2.698723078,-0.819298863
5.57616994,1.346460104,2.688949585,-0.491884768
5.59302635,1.021489382,2.293120623,-0.346503109
5.60988359,0.618330121,2.403073072,-0.463785768
5.6267401,0.597561359,2.065885544,-0.563964725
5.64359567,0.752716541,1.753131628,-0.57984674
5.66045213,0.87366432,1.477028728,-0.462564081
5.67730932,0.857782245,1.34875071,-0.326956004
5.69416582,0.859003961,1.298661232,-0.245102465
5.7110214,0.951852739,1.254680276,-0.273201436
5.72787786,1.064248681,1.120293856,-0.380710542
5.74473504,1.075243831,1.023779988,-0.446682066
5.76159156,0.970178187,1.081199646,-0.463785768
5.77844718,0.782037199,1.271783948,-0.395370901
5.79530359,0.527924717,1.293774486,-0.218225181
5.81216082,0.28236416,1.083643079,0.08597675
5.82901728,0.171189949,0.827087164,0.410947502
5.84587291,0.131943002,0.681705535,0.540447116
5.86272932,0.035429142,0.423927993,0.569767773
5.87958656,-0.158820286,0.135455385,0.568546057
5.89644301,-0.602295399,-0.198067218,0.511126459
5.91329864,-1.268118858,-0.563353896,0.592979968
5.93015504,-1.915616989,-0.967734754,0.969414592
5.94701228,-2.236922741,-1.585912228,1.675554037
5.96386874,-2.00724411,-2.046491146,2.530740261
5.98072437,-1.567434072,-2.393452168,2.92779088
5.99758077,-1.569877505,-2.978643894,3.023082972
6.01443801,-1.538113356,-2.642678022,2.833720446
6.03129452,-1.082421303,-1.885227323,2.03228879
6.0481501,-0.686592341,-1.53215766,1.075702071
6.06500656,-1.309656501,-0.995833755,0.23991026
6.08186374,-1.727476001,-1.475959659,0.437824786
6.09872025,-1.552773714,-1.656770468,0.529451847
6.11557582,-1.027445078,-1.000720501,0.832584798
6.13243228,-0.515555084,-0.559688807,0.724922955
6.14928947,-0.298093468,-0.393538356,0.495244414
6.16614598,-0.274881274,-0.653759301,0.221584842
6.18300156,-0.293206692,-0.910315156,0.01267508
6.19985801,-0.284654826,-0.939635813,-0.271979749
6.21671541,-0.175924003,-0.746608079,-0.551747799
6.23357171,-0.073301673,-0.448514611,-0.803416848
6.25042728,-0.10017895,-0.147977755,-0.996444583
6.26728374,-0.015882028,0.147672325,-1.029430389
6.28414093,-0.032985751,0.23441264,-1.024543524
6.30099744,-0.113617592,0.060932014,-0.881605327
6.31785301,0.151642829,-0.382543087,-0.61161083
6.33470947,0.433854252,-0.56213218,-0.280531615
6.35156666,0.090405397,-0.251821786,-0.097277425
6.36842317,-0.422706306,-0.28602922,0.093306921
6.38527874,-0.37872529,-0.162638083,0.198372647
6.4021352,0.176076725,0.085365906,0.07009472
6.41899239,0.749051452,-0.149199441,-0.110716067
6.4358489,0.826018214,-0.673306406,-0.290305167
6.45270447,0.437519342,-0.907871723,-0.241437376
6.46956088,-0.340852767,0.214865521,-0.027640838
6.48641812,-0.411711067,1.329203606,0.205702812
6.50327458,0.216392636,1.131289124,0.548998952
6.5201302,0.675749779,0.563201189,0.376740038
6.53698661,0.518151164,0.426371396,-0.201121464
6.55384385,0.202954009,1.142284393,-0.924364626
6.5707003,0.242048234,1.605306625,-1.322637081
6.58755593,0.31412819,1.302326322,-1.332410574
6.60441234,-0.083075225,1.979145169,-1.338519096
6.62126958,0.032985751,2.352983713,-1.191915751
6.63812603,0.553580344,2.550898075,-0.910925984
6.65498166,1.066691995,2.624199867,-0.664143682
6.67183806,1.14976728,2.459270954,-0.512653589
6.6886953,0.722174168,2.443388939,-0.524870515
6.70555176,0.545028448,2.456827641,-0.532200694
6.72240734,0.713622332,2.24425292,-0.50165832
6.73926379,0.90542835,1.919282079,-0.506545067
6.75612098,1.009272337,1.578429341,-0.457677305
6.77297749,1.076465607,1.280335903,-0.383153945
6.78983306,1.143658757,1.001789451,-0.33917293
6.80668952,1.168092728,0.808761776,-0.3672719
6.82354671,1.10700798,0.76478076,-0.479667813
6.84040322,1.006829023,0.847855985,-0.571294904
6.85725879,0.970178187,1.04821384,-0.627492845
6.87411525,0.890767992,1.203369141,-0.592063725
6.89097244,0.73561281,1.175270081,-0.395370901
6.9078289,0.504712522,1.04088378,-0.0361927
6.92468452,0.303132951,0.811205149,0.265565842
6.94154093,0.117282674,0.517998457,0.342532605
6.95839817,-0.032985751,0.268772781,0.370631576
6.97525463,-0.127056226,-0.011147963,0.407282412
6.99211025,-0.408045977,-0.262817025,0.436603069
7.00896666,-0.912605822,-0.618330121,0.505017996
7.02582385,-1.459924936,-1.092347622,0.667503357
7.04268036,-1.880187869,-1.777718186,1.244295835
7.05953593,-1.944937706,-2.463088751,2.109255552
7.07639239,-1.73114109,-3.007964611,2.622367382
7.09324958,-1.707928896,-3.441666126,2.593046665
7.11010609,-1.783674002,-3.303614616,2.357259512
7.12696166,-1.501462579,-2.493631124,1.805053592
7.14381812,-0.79287976,-1.98540628,1.280946732
7.16067531,-0.252890766,-1.957307339,0.751800239
7.17753182,-0.922379375,-1.927986622,0.5673244
7.19438739,-1.436712742,-1.614011168,0.508683026
7.21124379,-1.166718245,-2.00984025,0.475697309
7.22810103,-0.763559103,-1.9780761,0.46836713
7.24495749,-0.62306422,-1.42587018,0.2948865
7.26181312,-0.643832982,-1.038593054,0.105523862
7.27866952,-0.789214671,-0.960404575,-0.066735066
7.29552676,-0.774554312,-1.070357084,-0.258541107
7.31238322,-0.585191667,-0.994612038,-0.495549828
7.32923885,-0.364064962,-0.832126677,-0.692242682
7.34609525,-0.190584347,-0.543806791,-0.793643296
7.36295249,0.006108473,-0.359330893,-0.84861958
7.37980895,0.112395898,-0.233496368,-0.804638565
7.39666458,-0.037872531,-0.276255667,-0.702016234
7.41352098,-0.129499614,-0.320236683,-0.617719293
7.43037817,0.062306419,-0.312906504,-0.538309157
7.44723468,0.154086217,-0.299467862,-0.457677305
7.46409025,-0.427593082,-0.229831278,-0.320847511
7.48094671,-1.015228152,-0.134539112,-0.003206948
7.4978039,-0.862516344,-0.124765553,0.280226171
7.51466041,-0.155155197,-0.336118698,0.227693319
7.53151598,0.463174939,-0.419193924,0.066429637
7.54837244,0.865112424,-0.492495596,-0.061848287
7.56522963,0.872442603,-0.417972237,-0.163248926
7.58208614,0.394760042,-0.333675325,-0.281753302
7.59894171,-0.194249421,0.219752297,-0.143701822
7.61579812,-0.337187678,0.670710266,0.143396393
7.63265536,0.112395898,0.861294627,0.178825542
7.64951182,0.497382373,0.816091955,-0.320847511
7.66636744,0.510821044,1.093416572,-1.002553105
7.68322385,0.596339643,1.706707239,-1.216349602
7.70008109,0.576792538,2.378639221,-1.020878434
7.71693754,0.587787747,1.615080118,-0.756992459
7.73379317,0.254265159,1.331647038,-0.909704268
7.75064958,0.015882028,2.039008141,-1.138161182
7.76750682,0.444849521,2.608317852,-1.113727212
7.78436327,0.992168665,2.753699541,-0.821742296
7.80121885,0.957961202,2.167286158,-0.658035219
7.8180753,0.665976226,2.168507814,-0.527313888
7.83493249,0.63299048,1.993805408,-0.486997992
7.851789,0.753938258,1.805664539,-0.504101694
7.86864458,0.833348393,1.56132555,-0.519983709
7.88550103,0.849230409,1.324316859,-0.499214917
7.90235822,0.856560588,1.202147365,-0.471115947
7.91921473,0.880994439,1.167939901,-0.461342394
7.9360703,0.917645276,1.185043693,-0.491884768
7.95292676,0.959182918,1.134954214,-0.499214917
7.96978395,0.93719238,1.130067468,-0.532200694
7.98664041,0.823574841,1.227802992,-0.555412889
8.00349603,0.705070436,1.291331053,-0.47355935
8.02035244,0.52670306,1.336533785,-0.262206197
8.03720968,0.22738789,1.252236843,0.067651331
8.05406614,0.058641337,0.992015958,0.384070218
8.07092176,-0.048867781,0.774554312,0.481805772
8.08777817,-0.188140959,0.48134765,0.60275352
8.10463541,-0.461800516,0.184323162,0.627187431
8.12149187,-1.035996914,-0.117435388,0.573432863
8.13834744,-1.791004181,-0.665976226,0.723701298
8.1552039,-2.296785593,-1.475959659,1.294385314
8.17206109,-2.21248889,-2.017170429,2.043284178
8.1889176,-1.698155403,-2.410556078,2.465990305
8.20577317,-1.562547326,-2.702540874,2.597933292
8.22262963,-1.499019146,-2.414221048,2.712772608
8.23948682,-0.977355599,-2.018392086,2.423231125
8.25634332,-0.18569757,-1.510167122,1.775732994
8.2731989,-0.425149679,-1.094791055,0.712706029
8.29005536,-1.638292313,-0.898098171,0.558772504
8.30691254,-1.899734974,-1.293927193,0.676055193
8.32376906,-1.435491085,-1.293927193,0.966971219
8.34062463,-0.875954986,-0.806471109,1.0940274
8.35748109,-0.496007979,-0.394760042,0.908329845
8.37433827,-0.326192439,-0.402090222,0.656508088
8.39119478,-0.384833783,-0.662311137,0.454928488
8.40805036,-0.398272425,-0.762490094,0.271674305
8.42490682,-0.335965991,-0.596339643,-0.003206948
8.441764,-0.241895512,-0.196845532,-0.192569599
8.45862051,-0.377503604,0.262511611,-0.410031229
8.47547609,-0.645054698,0.44958359,-0.585955262
8.49233254,-0.579083204,0.367730051,-0.667808771
8.50918973,-0.316418886,0.288319916,-0.615275919
8.52604624,-0.051311169,-0.058794048,-0.512653589
8.54290182,0.059863031,-0.287250936,-0.201121464
8.55975827,-0.064749807,-0.202954009,-0.109494373
8.57661546,-0.189362645,-0.079562858,-0.12048962
8.59347192,-0.076966755,-0.123543859,-0.285418391
8.61032754,0.400868505,-0.371547848,-0.435686797
8.627184,0.97262156,-0.3813214,-0.548082709
8.64404119,1.265828252,-0.42041564,-0.632379651
8.6608977,0.810136199,-0.702627063,-0.61161083
8.67775327,-0.24800399,0.337187678,-0.36360684
8.69460973,-0.612068951,1.358524323,-0.196234688
8.71146692,0.006108473,1.093416572,0.160500124
8.72832343,0.713622332,0.507003248,0.519678295
8.745179,0.898098171,0.714691281,0.096972004
8.76203546,0.626882017,0.929709554,-0.693464339
8.77889265,0.341005474,1.4513731,-1.204132676
8.79574916,0.102622338,2.119639874,-1.382500052
8.81260473,0.140647575,2.21248889,-1.185807228
8.82946119,0.201732308,2.04633832,-0.88771379
8.84631838,0.334897012,2.20515871,-0.626271129
8.86317489,0.647650778,2.649855375,-0.545639336
8.88003046,1.11433816,2.666959047,-0.559077978
8.89688692,0.862669051,2.101314545,-0.571294904
8.91374411,0.431410879,2.140408754,-0.581068456
8.93060062,0.362995982,2.057333469,-0.450347155
8.94745619,0.596339643,1.880187869,-0.336729556
8.96431265,0.793032467,1.765348554,-0.282974988
8.98116984,0.860225678,1.618745208,-0.302522093
8.99802635,0.861447334,1.580872655,-0.304965496
9.01488197,0.867555797,1.491688967,-0.246324152
9.03173838,0.849230409,1.371962905,-0.252432644
9.04859562,0.812579572,1.263232112,-0.319625825
9.06545208,0.804027677,1.203369141,-0.369715303
9.0823077,0.851673782,1.225359559,-0.450347155
9.09916411,0.860225678,1.21802938,-0.510210156
9.11602135,0.674528062,1.081199646,-0.458898991
9.1328778,0.361774296,1.04088378,-0.199899763
9.14973343,0.161416382,0.963916957,0.131179452
9.16658984,0.084296919,0.817313612,0.392622083
9.18344708,0.045202699,0.510668337,0.502574563
9.20030353,-0.051311169,0.095139459,0.518456638
9.21715916,-0.384833783,-0.347113967,0.509904742
9.23401556,-1.003011227,-0.794254124,0.559994221
9.2508728,-1.634627223,-1.369672298,0.794559598
9.26772932,-2.014574289,-1.786270142,1.36646533
9.28458489,-1.97548008,-2.322593927,2.071382999
9.30144135,-1.571099162,-2.715979576,2.610150337
9.31829853,-1.412278891,-3.307279825,2.692003965
9.33515504,-1.544221878,-3.215652704,2.600376844
9.35201062,-1.255901933,-2.331145763,2.077491522
9.36886708,-0.723243177,-1.449082375,1.243074179
9.38572426,-1.139840961,-1.546818018,0.279004484
9.40258077,-2.023126125,-1.534600973,0.36207971
9.4194364,-1.902178407,-1.629893184,0.689493835
9.4362928,-1.042105436,-1.439308882,0.926655293
9.45315004,-0.273659587,-1.231620789,0.949867487
9.4700065,-0.151490122,-0.741721273,0.803264141
9.48686213,-0.256555855,-0.774707019,0.414612591
9.50371853,-0.477682561,-0.923753738,0.260679066
9.52057577,-0.579083204,-0.861447334,-0.01175881
9.53743223,-0.489899516,-0.603669822,-0.273201436
9.55428786,-0.477682561,-0.201732308,-0.50532341
9.57114432,-0.410489351,-0.044133715,-0.728893518
9.5880015,-0.13438639,-0.039246935,-0.814412117
9.60485801,0.161416382,-0.000152712,-0.803416848
9.62171359,0.345892251,-0.053907271,-0.713011444
9.63857004,0.475391865,-0.42041564,-0.623827756
9.65542728,0.476613581,-0.738056183,-0.466229171
9.67228374,0.213949248,-0.529146433,-0.324512601
9.68913937,-0.123391144,-0.084449634,-0.226777047
9.70599577,-0.028098974,-0.046577103,-0.140036732
9.72285301,0.3813214,-0.21150586,-0.152253673
9.73970952,0.758825004,-0.130874023,-0.256097704
9.7565651,1.003163934,-0.279920757,-0.403922737
9.77342156,0.779593825,-0.713622332,-0.460120708
9.79027874,-0.053754561,-0.044133715,-0.410031229
9.80713525,-0.558314383,0.932152927,-0.421026468
9.82399082,-0.268772781,1.161831498,-0.121711314
9.84084728,0.486387134,0.643832982,0.39750886
9.85770452,0.865112424,0.262511611,0.187377393
9.87456098,0.476613581,0.487456113,-0.522427142
9.89141661,0.144312665,1.086086392,-1.226123214
9.90827301,0.112395898,1.510014415,-1.608513594
9.92513025,-0.0219905,1.852088928,-1.477792263
9.94198676,-0.046424393,1.810551286,-1.222458124
9.95884234,0.163859785,2.119639874,-1.069746256
9.97569879,0.837013483,2.604652643,-0.819298863
9.99255598,1.379445791,2.447054148,-0.617719293
10.00941249,0.979951739,1.876522779,-0.546860993
10.02626807,0.553580344,2.112309933,-0.615275919
10.04312452,0.513264418,2.096427679,-0.617719293
10.05998176,0.777150452,1.997470498,-0.497993231
10.07683822,1.059361815,1.778787255,-0.416139692
10.09369385,1.135106921,1.479472041,-0.347724795
10.11055025,1.0862391,1.226581335,-0.295191944
10.12740749,1.039814711,1.027445078,-0.285418391
10.144264,0.992168665,0.906497359,-0.375823766
10.16111958,0.891989708,0.851521075,-0.502879977
10.17797603,0.837013483,0.86740309,-0.582290173
10.19483327,0.832126677,0.988350868,-0.625049472
10.21168973,0.76371181,1.035996914,-0.648261666
10.22854536,0.568240643,0.996902704,-0.529757261
10.24540176,0.328788549,0.779441118,-0.213338405
10.262259,0.140647575,0.388498843,0.142174706
10.27911551,0.009773556,0.133011997,0.318098724
10.29597109,-0.172258928,0.029167956,0.485470861
10.31282754,-0.401937485,-0.074676074,0.656508088
10.32968473,-0.87106818,-0.304354638,0.782342613
10.34654124,-1.511236072,-0.796697557,0.946202397
10.36339687,-1.976701736,-1.308587551,1.505738497
10.38025327,-2.075659037,-1.954863906,2.309613466
10.39711051,-1.789782524,-2.779507637,2.979102135
10.41396697,-1.765348554,-3.453883171,3.074394226
10.4308226,-1.853310585,-3.512524366,2.792182922
10.44767906,-1.345085621,-3.282845974,2.046949148
10.46453624,-0.703696013,-2.002510071,1.197871447
10.48139275,-0.432479858,-1.551704764,0.396287173
10.49824838,-1.247350097,-1.629893184,0.155613333
10.51510478,-1.789782524,-1.450304151,0.412169188
10.53196202,-1.507570982,-1.548039675,0.506239653
10.54881853,-1.014006495,-1.460077643,0.590536594
10.56567411,-0.753785491,-0.921310365,0.512348115
10.58253056,-0.609625578,-0.709957242,0.261900753
10.59938775,-0.643832982,-0.896876514,0.033443887
10.61624426,-0.593743563,-1.122889996,-0.185239434
10.63309989,-0.439810038,-1.016602516,-0.414918006
10.64995629,-0.354291409,-0.672084689,-0.61161083
10.66681353,-0.127056226,-0.471726805,-0.742332161
10.68367004,0.101400644,-0.244491622,-0.782648027
10.70052562,0.268925518,-0.08322794,-0.763100922
10.71738301,0.358109206,-0.383764803,-0.669030488
10.73423926,0.332453609,-0.797919214,-0.427134931
10.75109577,0.28602922,-0.780815482,-0.30007872
10.7679514,0.150421143,-0.372769535,-0.249989241
10.7848078,0.007330167,-0.185850278,-0.26831466
10.80166504,-0.007330167,-0.24326992,-0.282974988
10.81852156,0.277477354,-0.441184431,-0.308630586
10.83537713,0.760046721,-0.559688807,-0.358720064
10.85223359,1.223068953,-0.634212196,-0.440573573
10.86909082,1.044701576,-1.165649295,-0.458898991
10.88594728,0.133164704,-0.367882758,-0.424691558
10.90280291,-0.83563906,0.954143405,-0.400257677
10.91965937,-0.856407881,1.276670814,-0.368493617
10.93651656,0.344670564,0.269994497,0.128736064
10.95337306,1.186418056,-0.034360159,0.073759809
10.97022864,0.924975455,0.355513096,-0.711789787
10.9870851,0.490052223,0.542432368,-1.587744713
11.00394234,0.135760799,0.731795013,-2.114295006
11.02079879,-0.364064962,1.470920205,-2.117960215
11.03765442,-0.38239038,1.905843496,-1.888281584
11.05451088,0.226166204,2.670624256,-1.51077795
11.07136806,1.098456025,2.163620949,-0.983005941
11.08822458,0.961626291,1.615080118,-0.548082709
11.1050802,0.619551837,1.655396104,-0.560299635
11.12193661,0.482722044,1.612636805,-0.71056807
11.13879385,0.615886748,1.414722204,-0.660478592
11.15565036,0.772263646,1.055544019,-0.585955262
11.17250593,0.837013483,0.784327865,-0.472337633
11.18936239,0.84190023,0.676818788,-0.375823766
11.20621963,0.86999923,0.561979473,-0.358720064
11.22307609,0.898098171,0.507003248,-0.445460349
11.23993171,0.868777514,0.572974742,-0.589620292
11.25678817,0.751494825,0.752563834,-0.742332161
11.27364536,0.659867764,1.022558331,-0.761879265
11.29050187,0.635433853,1.197260618,-0.664143682
11.30735749,0.612221658,1.150836229,-0.471115947
11.3242139,0.525481343,0.918714285,-0.157140464
11.34107114,0.422859013,0.614512324,0.211811289
11.35792765,0.262817025,0.318862259,0.426829517
11.37478322,0.129499614,0.109799795,0.441489846
11.39163968,-0.046424393,-0.088114716,0.447598338
11.40849692,-0.342074454,-0.267703801,0.505017996
11.42535338,-0.836860716,-0.535254896,0.623522341
11.442209,-1.353637576,-0.961626291,0.922990203
11.45906546,-1.619966984,-1.675095916,1.526507258
11.47592265,-1.56499064,-2.338475943,1.977312565
11.49277916,-1.346307397,-2.900455475,1.949213624
11.50963478,-1.407392025,-3.246195078,1.938218355
11.52649119,-1.496575832,-2.940771341,2.130024433
11.54334843,-1.191152096,-2.503404856,2.148349762
11.56020494,-0.613290668,-2.516843319,1.691436052
11.57706051,-0.466687292,-1.98174119,0.87778753
11.59391697,-1.171604991,-1.84735477,0.184934005
11.61077421,-1.679829955,-1.570030212,0.407282412
11.62763067,-1.436712742,-1.827807665,0.586871505
11.64448629,-1.17893517,-1.712968469,0.603975236
11.66134275,-0.873511553,-1.242616057,0.556329131
11.67819999,-0.823422134,-0.921310365,0.270452619
11.69505645,-0.802653313,-1.010494113,-0.019088976
11.71191208,-0.706139445,-1.139993668,-0.274423122
11.72876853,-0.491121203,-1.100899458,-0.491884768
11.74562572,-0.317640573,-0.872442603,-0.666587055
11.76248223,-0.194249421,-0.508377612,-0.792421579
11.77933786,-0.147825033,-0.08933641,-0.863279879
11.79619426,-0.210131452,0.089030989,-0.917034447
11.8130515,-0.349404633,0.013285927,-0.898709059
11.82990801,-0.387277156,-0.303132951,-0.866944969
11.84676359,-0.129499614,-0.595117927,-0.626271129
11.86362004,0.2506001,-0.41675055,-0.37093699
11.88047728,0.239604831,-0.134539112,-0.223111957
11.89733379,-0.036650836,-0.334897012,-0.042301174
11.91418937,-0.128277928,-0.383764803,0.105523862
11.93104583,0.097735561,-0.011147963,0.094528615
11.94790307,0.482722044,-0.09910997,-0.058183201
11.96475952,0.695296884,-0.602448106,-0.118046232
11.98161515,0.276255667,-0.59389627,0.140953004
11.99847161,-0.285876513,0.444696814,0.349862754
12.01532879,0.012216945,0.908940733,0.53556031
12.03218531,0.694075227,0.660936713,0.498909503
12.04904093,0.797919214,0.497229666,0.022448637
12.06589739,0.298246175,0.671931982,-0.875496805
12.08275458,0.084296919,1.045770526,-1.641499281
12.09961109,-0.008551862,1.21069932,-1.746564984
12.11646671,-0.086740308,1.506349325,-1.349514365
12.13332317,-0.032985751,1.588202834,-1.188250661
12.15018036,0.438741058,2.42139864,-1.006218195
12.16703687,1.1424371,2.820892572,-0.888935447
12.18389249,1.04714489,2.774468184,-0.705681324
12.2007489,0.31412819,2.619313002,-0.725228429
12.21760614,0.041537613,2.982156277,-0.767987728
12.23446265,0.267703801,2.982156277,-0.639709771
12.25131827,0.690410137,2.569223642,-0.559077978
12.26817468,1.010494113,1.856975675,-0.546860993
12.28503192,1.157097459,1.224137902,-0.550526083
12.30188843,1.264606595,0.769667566,-0.516318619
12.318744,1.342795014,0.535102189,-0.499214917
12.33560046,1.287818789,0.430036485,-0.499214917
12.3524577,1.092347622,0.444696814,-0.484554589
12.36931421,0.868777514,0.632837772,-0.428356648
12.38616978,0.615886748,0.949256659,-0.40270105
12.40302624,0.405755281,1.274227381,-0.312295675
12.41988348,0.292137712,1.266897202,-0.113159455
12.43673994,0.256708562,0.856407881,0.193485871
12.45359556,0.244491622,0.459357142,0.463480353
12.47045202,0.171189949,0.273659587,0.5673244
12.48730926,0.081853531,0.169662833,0.5673244
12.50416572,-0.02687728,0.052380152,0.59908843
12.52102135,-0.370173425,-0.163859785,0.603975236
12.5378778,-0.946813226,-0.510821044,0.660173178
12.55473499,-1.602863193,-1.012937427,0.996291876
12.5715915,-2.039008141,-1.361120462,1.668223858
12.58844713,-1.993805408,-1.709303379,2.415900946
12.60530353,-1.725032687,-2.188207626,2.735984802
12.62216077,-1.747023106,-2.785616159,2.713994265
12.63901728,-1.712815762,-2.799054861,2.503862858
12.65587291,-1.24246335,-2.125901222,1.807497025
12.67272932,-0.65482825,-1.463742733,1.111131191
12.68958656,-1.073869467,-1.18153131,0.342532605
12.70644306,-1.94738102,-1.614011168,0.145839781
12.72329864,-2.087875843,-1.81192565,0.373074949
12.7401551,-1.689603567,-1.601794243,0.548998952
12.75701234,-0.894280374,-0.926197171,0.722479582
12.77386885,-0.288319916,-0.380099714,0.746913493
12.79072442,-0.094070479,-0.270147204,0.558772504
12.80758088,-0.155155197,-0.573127449,0.315655321
12.82443812,-0.266329408,-0.663532853,0.032222193
12.84129458,-0.230900258,-0.586566091,-0.267092973
12.8581502,-0.086740308,-0.348335654,-0.494328141
12.87500666,-0.206466377,-0.028251685,-0.662921965
12.89186385,-0.199136213,0.239299417,-0.758214176
12.90872036,-0.193027735,0.590078473,-0.75332737
12.92557598,-0.255334169,0.646276414,-0.733780265
12.94243244,-0.215018243,0.198983491,-0.64703995
12.95928963,-0.119726062,-0.2506001,-0.466229171
12.97614614,0.070858285,-0.31779328,-0.270758033
12.99300176,0.036650836,-0.062459134,-0.094834037
13.00985817,-0.182032481,0.179436386,0.022448637
13.02671541,0.01343864,0.056045234,0.078646585
13.04357192,0.454623073,0.05971032,0.121405892
13.06042749,0.805249393,0.371395141,0.106745556
13.07728395,0.874885976,-0.036803547,0.074981503
13.09414119,0.411863774,0.291984975,0.2081462
13.1109977,-0.092848785,1.324316859,0.227693319
13.12785327,-0.108730815,1.292552829,0.13362284
13.14470973,0.262817025,1.090973258,0.122627586
13.16156697,0.468061715,1.301104665,-0.163248926
13.17842343,0.527924717,1.458703279,-0.680025697
13.19527906,0.474170178,1.533226609,-0.954907
13.21213551,0.234718055,2.019461155,-0.956128657
13.2289927,0.037872531,2.178281307,-0.932916462
13.24584921,-0.015882028,1.747023106,-0.84861958
13.26270484,-0.284654826,2.664515734,-0.738667071
13.27956129,0.081853531,3.332782745,-0.447903752
13.29641848,0.681858242,3.127537966,-0.182796046
13.31327499,0.929862261,3.02002883,-0.151031986
13.33013062,0.717287421,2.664515734,-0.212116703
13.34698702,0.403311908,2.675510883,-0.208451629
13.36384426,0.355665803,2.578997135,-0.259762794
13.38070077,0.488830507,2.313889503,-0.231663823
13.39755635,0.628103674,2.023126125,-0.160805538
13.41441281,0.717287421,1.772678733,-0.061848287
13.43126999,0.768598557,1.608971715,0.031000499
13.4481265,0.790589094,1.485580564,0.028557109
13.46498213,0.747829735,1.406170368,-0.045966256
13.48183853,0.695296884,1.376849771,-0.125376403
13.49869577,0.740499616,1.374406338,-0.15836215
13.51555228,0.844343603,1.309656501,-0.157140464
13.53240786,0.883437872,1.183822036,-0.141258434
13.54926432,0.826018214,1.049435616,-0.075286925
13.56612156,0.626882017,0.893058717,-0.012980504
13.58297801,0.338562101,0.779441118,0.148283169
13.59983364,0.141869277,0.83197397,0.219141454
13.6166901,-0.012216945,0.952921748,0.187377393
13.63354728,-0.050089475,0.891837001,0.28755635
13.65040379,-0.095292173,0.685370624,0.458593577
13.66725937,-0.536323905,0.328635812,0.589314878
13.68411582,-1.279114127,-0.103996746,0.761573792
13.70097306,-1.988918662,-0.670862973,1.123348117
13.71782952,-2.344431877,-1.285375357,1.871025205
13.73468515,-1.999913931,-1.926764965,2.819060087
13.75154161,-1.398840189,-2.287164927,3.407916784
13.76839879,-1.131289124,-2.480192661,3.367600918
13.7852553,-1.128845692,-1.719076872,2.759196997
13.80211093,-1.105633497,-0.497382373,1.860029936
13.81896734,-1.340198874,-0.007482879,0.891226172
13.83582458,-1.93272078,-0.481500357,0.654064715
13.85268109,-1.924168825,-1.209630251,0.595423341
13.86953666,-1.472141862,-1.271936655,0.713927746
13.88639312,-0.779441118,-0.740499616,1.037829518
13.9032503,-0.30786702,-0.025808297,1.174659252
13.92010682,-0.048867781,0.091474377,0.930320382
13.93696244,-0.098957255,-0.162638083,0.656508088
13.95381885,-0.267551094,-0.428967476,0.368188173
13.97067609,-0.290763289,-0.4240807,0.034665581
13.9875326,-0.166150451,-0.163859785,-0.240215689
14.00438817,-0.229678571,0.080479123,-0.539530814
14.02124463,-0.312753797,0.282211423,-0.742332161
14.03810182,-0.37872529,0.583969951,-0.831515849
14.05495832,-0.444696814,0.740346849,-0.874275148
14.07181395,-0.339631081,0.399494112,-0.863279879
14.08867036,0.067193195,-0.174855024,-0.65070504
14.1055276,0.524259687,-0.444849521,-0.185239434
14.12238406,0.464396626,-0.251821786,0.203259423
14.13923968,0.008551862,0.17088452,0.305881769
14.15609614,-0.130721316,0.3151972,0.257013977
14.17295332,0.273812294,0.068262182,0.104302168
14.18980984,0.723395884,-0.12110047,-0.030084228
14.20666546,0.79914093,-0.096666582,-0.144923508
14.22352187,0.527924717,0.085365906,-0.155918762
14.24037911,0.015882028,0.616955757,-0.124154702
14.25723556,-0.202801287,1.325538516,-0.072843537
14.27409119,0.018325418,1.582094431,0.263122469
14.29094765,0.52303797,0.944369853,0.534338653
14.30780484,0.703848779,0.571753025,0.29122144
14.32466135,0.328788549,0.924822748,-0.187682822
14.34151692,0.014660334,1.385401607,-1.168703556
14.35837338,-0.174702317,1.690825224,-1.522994876
14.37523062,-0.296871781,1.876522779,-1.267660737
14.39208708,-0.373838514,2.232035875,-0.979340851
14.4089427,0.042759307,2.546011448,-0.691020966
14.42579911,0.727060974,2.585105658,-0.530978978
14.44265635,1.099677801,2.456827641,-0.522427142
14.45951286,0.865112424,2.302894115,-0.506545067
14.47636843,0.295802772,2.335879803,-0.548082709
14.49322489,0.200510606,2.544789791,-0.518762052
14.51008208,0.466840029,2.488591671,-0.374602079
14.52693859,0.844343603,2.092762709,-0.14614521
14.54379421,1.004385591,1.842315316,0.071316421
14.56065062,0.966513097,1.607749939,0.143396393
14.57750786,0.856560588,1.459924936,0.062764555
14.59436432,0.70018369,1.407392025,-0.149810284
14.61121994,0.609778285,1.369519591,-0.36360684
14.6280764,0.612221658,1.337755442,-0.447903752
14.64493359,0.618330121,1.318208337,-0.463785768
14.6617901,0.596339643,1.290109396,-0.368493617
14.67864567,0.548693538,1.219251156,-0.098499119
14.69550213,0.444849521,1.149614573,0.221584842
14.71235937,0.237161443,1.105633497,0.509904742
14.72921583,0.054976255,0.961473584,0.754243672
14.74607145,-0.058641337,0.802653313,0.870457351
14.76292786,-0.195471123,0.539988995,0.899778009
14.7797851,-0.58763504,0.18310146,0.887561083
14.79664161,-1.200925708,-0.088114716,0.926655293
14.81349718,-1.616301894,-0.578014195,1.230857253
14.83035364,-1.585759521,-1.333021402,1.802610278
14.84721083,-1.202147365,-1.572473526,2.424452782
14.86406734,-1.165496588,-1.750840902,2.555174112
14.88092296,-1.461146593,-2.004953384,2.632140875
14.89777937,-1.475806952,-1.924321532,2.935121059
14.91463661,-0.778219402,-1.866901994,2.826390266
14.93149312,-0.02443389,-1.392884493,1.873468518
14.94834869,-0.742790282,-0.327566832,0.408504099
14.96520515,-1.753131628,-0.93719238,0.265565842
14.98206234,-1.903400064,-1.287818789,0.414612591
14.99891885,-1.583316088,-0.722174168,0.520900011
15.01577447,-0.933374584,-0.251821786,0.516013205
15.03263088,-0.368951738,-0.084449634,0.436603069
15.04948812,-0.144159958,-0.088114716,0.333980739
15.06634463,-0.004886778,-0.38865158,0.138509616
15.0832002,0.138204187,-0.571905732,-0.160805538
15.10005666,0.248156697,-0.641542316,-0.476002723
15.1169139,0.310463131,-0.564575553,-0.709346354
15.13377036,0.249378398,-0.178520113,-0.903595805
15.15062598,0.053754561,0.164776042,-1.023321867
15.16748244,-0.164928764,0.419041216,-1.026986957
15.18433963,-0.227235183,0.333522618,-0.99400121
15.20119614,0.001221695,-0.213949248,-0.89137888
15.21805192,0.288472623,-0.443627834,-0.482111186
15.23490817,0.275033981,-0.339783788,0.160500124
15.25176541,-0.14171657,-0.038025241,0.507461369
15.26862187,-0.474017471,0.189209938,0.722479582
15.28547749,-0.057419643,0.4886778,0.611305416
15.30233395,0.93352735,0.648719788,0.371853262
15.31919114,0.701405346,-0.630547106,0.018783553
15.33604765,-0.215018243,-0.111326911,-0.140036732
15.35290327,-0.955365121,1.742136359,-0.026419144
15.36975968,-0.775776029,1.225359559,0.538003743
15.38661692,0.039094225,0.425149679,1.26750803
15.40347343,0.766155183,0.858851254,0.833806515
15.420329,0.393538356,1.635848999,-0.198678076
15.43718546,-0.133164704,1.804442763,-1.118614078
15.4540427,-0.014660334,1.594311357,-1.718466043
15.47089916,0.018325418,1.569877505,-1.460688472
15.48775478,0.008551862,2.164842606,-0.920699537
15.50461124,0.72828263,2.500808716,-0.612832487
15.52146843,1.515053868,2.681619406,-0.451568842
15.53832494,1.471072912,2.63397336,-0.328177691
15.55518056,0.717287421,2.401851416,-0.419804782
15.57203697,0.312906504,2.459270954,-0.628714562
15.58889421,0.297024488,2.334658146,-0.551747799
15.60575072,0.525481343,2.045116663,-0.36360684
15.62260635,0.663532853,1.749466538,-0.206008241
15.63946275,0.757603288,1.510014415,-0.088725567
15.65631999,0.948187649,1.381736517,0.007788302
15.6731765,1.155875683,1.262010455,-0.012980504
15.69003208,1.231620789,1.093416572,-0.108272679
15.70688853,1.158319116,1.018893242,-0.223111957
15.72374577,1.005607247,1.137397647,-0.311073959
15.74060223,0.830904961,1.396396875,-0.30007872
15.75745786,0.587787747,1.594311357,-0.257319421
15.77431432,0.300689578,1.395175099,-0.12659809
15.7911715,0.19928892,0.869846523,0.104302168
15.80802801,0.212727562,0.405602574,0.320542097
15.82488364,0.108730815,0.181879774,0.518456638
15.8417401,-0.051311169,0.051158458,0.689493835
15.85859728,-0.428814769,-0.064902522,0.806929231
15.87545379,-1.028666735,-0.279920757,0.982853234
15.89230942,-1.595533013,-0.673306406,1.346918225
15.90916582,-1.871636033,-1.366007209,2.043284178
15.92602306,-1.715259075,-2.01350522,2.8850317
15.94287958,-1.508792758,-2.665890217,3.197785378
15.9597352,-1.688381791,-3.339043856,3.134257317
15.97659161,-1.488023877,-2.839370728,2.693225622
15.99344885,-0.915049195,-1.308587551,1.636459827
16.01030536,-0.786771298,-0.288472623,0.585649788
16.02716093,-1.41594398,-0.502269149,0.062764555
16.04401739,-1.721367598,-1.451525807,0.060321167
16.06087463,-1.640735745,-1.649440289,0.136066228
16.07773114,-1.219251156,-1.08257401,0.381626815
16.09458671,-0.786771298,-0.703848779,0.266787529
16.11144317,-0.466687292,-0.427745789,0.11163234
16.12830041,-0.267551094,-0.586566091,-0.017867282
16.14515692,-0.156376898,-0.902984977,-0.221890271
16.16201249,-0.019547112,-0.93719238,-0.491884768
16.17886895,0.004886778,-0.777150452,-0.765544355
16.19572619,0.054976255,-0.597561359,-0.954907
16.2125827,0.029320668,-0.345892251,-1.118614078
16.22943827,-0.098957255,-0.174855024,-1.198024154
16.24629473,-0.370173425,-0.22738789,-1.222458124
16.26315197,-0.384833783,-0.326345146,-1.103953719
16.28000848,0.254265159,-0.185850278,-0.800973475
16.29686406,0.717287421,-0.409420371,-0.254876018
16.31372051,0.173633337,-0.507155955,0.304660082
16.33057775,-0.533880532,-0.279920757,0.64184773
16.34743426,-0.615734041,0.111021489,0.590536594
16.36428989,0.041537613,0.395829022,0.3229855
16.38114629,0.819909751,-0.027029991,-0.033749312
16.39800353,0.574349165,-1.279266834,-0.204786539
16.41486004,-0.172258928,-0.832126677,0.005344913
16.43171567,-0.763559103,1.100746751,0.402395636
16.44857213,-0.271216184,0.784327865,0.683385372
16.46542932,0.738056183,0.532658815,0.847245157
16.48228583,0.898098171,0.728129923,0.1653869
16.49914145,0.220057726,1.376849771,-0.800973475
16.51599791,-0.031764057,1.750688195,-1.778329134
16.53285515,0.069636591,1.546665311,-1.808871388
16.54971161,0.025655584,1.433047652,-1.290872931
16.56656723,-0.0219905,1.673721433,-0.961015463
16.58342369,0.620773554,2.001135588,-0.928029716
16.60028093,1.369672298,2.756142855,-0.827850759
16.61713744,1.373337388,2.530129433,-0.677582324
16.63399301,0.598783016,2.268686771,-0.672695518
16.65084947,0.289694309,2.290677309,-0.719119906
16.66770671,0.38498649,2.071993828,-0.661700308
16.68456322,0.6256603,1.839872003,-0.478446126
16.70141885,0.823574841,1.528339863,-0.257319421
16.71827525,0.93352735,1.292552829,-0.122933008
16.73513249,1.050809979,1.125180602,-0.098499119
16.751989,1.170536041,1.042105436,-0.136371657
16.76884463,1.208408594,0.977355599,-0.232885525
16.78570109,1.115559816,0.927266121,-0.3672719
16.80255832,0.911536813,0.90283227,-0.424691558
16.81941478,0.665976226,1.018893242,-0.355054975
16.83627041,0.482722044,1.094638348,-0.195012987
16.85312687,0.306798041,1.07264781,0.021226943
16.86998411,0.21150586,0.806318402,0.246018738
16.88684062,0.092848785,0.489899516,0.392622083
16.90369624,-0.069636591,0.246629581,0.542890489
16.92055265,-0.431258172,0.091474377,0.666281641
16.93740989,-0.945591569,-0.093001492,0.896112919
16.9542664,-1.213142633,-0.6256603,1.236965656
16.97112202,-1.468476772,-1.29148376,1.773289561
16.98797848,-1.727476001,-1.915769696,2.264410734
17.00483572,-1.828876734,-2.620687485,2.349929333
17.02169218,-2.032899618,-2.759960651,2.31205678
17.0385478,-2.108644724,-2.584036589,2.222873211
17.05540426,-1.733584523,-1.862015128,1.822157383
17.0722615,-1.054322362,-1.119224906,1.27117312
17.08911801,-0.543654084,-1.093569279,0.508683026
17.10597364,-1.236354828,-0.597561359,0.220363155
17.1228301,-1.828876734,-1.325691223,0.270452619
17.13968728,-1.782452345,-1.337908268,0.387735307
17.15654379,-1.187487125,-0.922532082,0.281447887
17.17339942,-0.58763504,-0.565797269,0.205702812
17.19025588,-0.171037227,-0.648872495,0.12995775
17.20711312,-0.008551862,-1.066691995,-0.015423893
17.22396963,0.061084725,-1.275601745,-0.318404138
17.24082525,0.094070479,-1.109451294,-0.583511829
17.25768166,0.144312665,-0.774707019,-0.745997191
17.2745389,0.002443389,-0.326345146,-0.853506327
17.29139541,-0.246782288,0.095139459,-0.967123926
17.30825103,-0.351848006,0.268772781,-0.984227657
17.32510749,-0.227235183,-0.051463883,-0.963458836
17.34196473,0.138204187,-0.585344374,-0.767987728
17.35882124,0.49127391,-0.805249393,-0.386819035
17.37567687,0.476613581,-0.607334912,0.034665581
17.39253332,0.144312665,-0.202954009,0.180047229
17.40939051,-0.186919257,0.002290677,0.260679066
17.42624702,-0.043981001,0.164776042,0.159278423
17.44310265,0.525481343,0.030389652,-0.114381149
17.45995911,1.055696726,-0.270147204,-0.362385124
17.47681635,0.916423619,-0.493717283,-0.388040721
17.49367286,-0.0219905,0.541210651,-0.224333659
17.51052848,-0.692700803,1.459924936,-0.173022479
17.52738489,-0.69758755,1.583316088,0.159278423
17.54424213,0.043981001,0.196540102,0.900999725
17.56109864,0.739277899,0.174549609,0.85335362
17.57795426,0.425302416,1.233911514,-0.003206948
17.59481072,0.124612838,1.859419107,-1.17114687
17.61166796,0.135760799,1.819103122,-1.65249455
17.62852447,-0.158820286,2.674289227,-1.472905397
17.64538004,-0.031764057,2.866095304,-0.967123926
17.6622365,0.454623073,2.938175201,-0.518762052
17.67909374,1.230399132,3.154415131,-0.180352658
17.69595025,1.430757046,2.77202487,-0.108272679
17.71280588,0.879772782,2.748812675,-0.201121464
17.72966234,0.59023118,2.714605331,-0.347724795
17.74651958,0.723395884,2.510582209,-0.342838019
17.76337603,1.04714489,2.213710546,-0.259762794
17.78023166,1.168092728,1.777565479,-0.160805538
17.79708812,1.074022174,1.429382563,-0.098499119
17.81394536,0.987281859,1.265675545,-0.105829291
17.83080187,1.01171577,1.188708782,-0.171800792
17.84765749,1.085017443,1.114185452,-0.246324152
17.8645139,1.052031636,1.094638348,-0.33184278
17.88137114,0.950631023,1.077534556,-0.306187183
17.89822765,0.839456856,1.00545454,-0.273201436
17.91508327,0.690410137,0.912605822,-0.212116703
17.93193973,0.414307147,0.897945464,-0.077730313
17.94879697,0.065971501,0.824643791,0.187377393
17.96565348,-0.21257484,0.702474356,0.506239653
17.98250906,-0.233343646,0.514333367,0.767682314
17.99936551,-0.227235183,0.107356407,0.88878274
18.01622275,-0.574196398,-0.207840785,0.933985472
18.03307926,-1.191152096,-0.375212938,1.108687758
18.04993489,-1.588202834,-0.955517829,1.569266558
18.06679135,-1.539335132,-1.887670755,2.138576269
18.08364853,-1.4941324,-2.49851799,2.337712526
18.10050504,-1.784895658,-3.000634432,2.165453434
18.11736067,-1.881409526,-2.869913101,2.208212852
18.13421713,-1.458703279,-2.086807013,1.866138339
18.15107437,-0.977355599,-1.304922462,1.16122067
18.16793088,-0.967582047,-0.694075227,0.481805772
18.1847865,-1.580872655,-0.865112424,-0.05207473
18.20164291,-1.942494273,-1.490620017,-0.042301174
18.21850015,-1.79833436,-1.589577317,-0.016645588
18.23535666,-1.452594757,-1.341573238,0.159278423
18.25221228,-0.972468853,-1.126555085,0.084755056
18.26906874,-0.588856757,-1.091125965,-0.076508619
18.28592593,-0.443475097,-1.240172625,-0.320847511
18.30278244,-0.345739543,-1.372115612,-0.582290173
18.31963806,-0.15393351,-1.433200359,-0.818077207
18.33649452,0.068414897,-1.389219403,-1.074633002
18.35335176,0.333675325,-1.223068953,-1.237118363
18.37020827,0.207840785,-0.845565319,-1.321415305
18.3870639,-0.040315919,-0.461953253,-1.371504784
18.4039203,-0.063528113,-0.212727562,-1.294538021
18.42077754,0.162638083,-0.348335654,-1.209019423
18.43763406,0.275033981,-0.73194772,-1.069746256
18.45448968,0.184628591,-0.713622332,-0.603058934
18.47134614,-0.073301673,-0.532811523,0.094528615
18.48820332,-0.305423617,-0.101553358,0.643069446
18.50505984,-0.423927993,-0.011147963,0.748135209
18.52191546,-0.092848785,0.390942246,0.59908843
18.53877192,0.386208177,0.113464877,0.302216679
18.55562916,-0.278546363,-0.646429122,0.110410646
18.57248567,-1.194817185,0.598630309,0.214254677
18.58934124,-1.136175871,1.248571754,0.384070218
18.6061977,0.24326992,0.208757058,0.522121668
18.62305494,0.854117155,0.442253411,0.232580096
18.63991145,0.504712522,1.123958945,-0.486997992
18.65676708,0.212727562,1.838650227,-1.127165914
18.67362348,0.157751307,1.650509238,-1.311641812
18.69048072,-0.147825033,1.583316088,-1.152821541
18.70733723,-0.284654826,2.146517277,-1.008661509
18.72419286,0.581679285,2.327327967,-0.793643296
18.74104932,1.485733271,2.770803213,-0.527313888
18.7579065,1.334243178,2.688949585,-0.389262408
18.77476301,0.640320659,2.631530046,-0.439351887
18.79161864,0.377656311,2.520355701,-0.57984674
18.8084751,0.496160686,2.337101698,-0.511431873
18.82533234,0.72828263,2.021904469,-0.347724795
18.84218879,0.839456856,1.674943209,-0.115602844
18.85904442,0.943300903,1.376849771,0.038330667
18.87590088,1.1424371,1.06898272,0.072538115
18.89275812,1.302479029,0.834417343,0.032222193
18.90961463,1.308587551,0.739125192,-0.071621843
18.9264702,1.188861489,0.746455371,-0.186461121
18.94332666,0.992168665,0.790436328,-0.258541107
18.9601839,0.656202674,0.857629538,-0.206008241
18.97704041,0.330010235,0.87106818,-0.078952007
18.99389598,0.158972994,0.657271624,0.217919767
19.01075244,0.155307919,0.384833783,0.49280104
19.02760968,-0.108730815,0.102469631,0.578319669
19.04446619,-0.737903476,-0.275033981,0.73713994
19.06132182,-1.293774486,-0.578014195,1.061041713
19.07817822,-1.52223134,-1.08257401,1.570488334
19.09503546,-1.349972486,-1.755727768,2.056722641
19.11189197,-1.276670814,-2.323815584,2.138576269
19.1287476,-1.650509238,-2.541277409,2.172783613
19.145604,-1.905843496,-2.334810972,2.456216812
19.16246124,-1.560103893,-1.899887681,2.282736301
19.17931775,-0.87106818,-1.060583591,1.332257867
19.19617338,-0.994459331,-0.784480572,0.176382139
19.21302984,-1.765348554,-0.764933467,0.216698065
19.22988702,-1.737249613,-1.042258143,0.53189528
19.24674353,-1.156944752,-1.014159203,0.825254619
19.26359916,-0.548540831,-0.694075227,0.764017224
19.28045562,-0.161263675,-0.485165447,0.590536594
19.29731281,-0.075745061,-0.471726805,0.414612591
19.31416932,-0.10628742,-0.662311137,0.2081462
19.33102494,-0.047646087,-0.750273168,-0.065513365
19.3478814,0.073301673,-0.736834526,-0.396592587
19.36473859,0.306798041,-0.565797269,-0.702016234
19.3815951,0.425302416,-0.066124216,-0.85228461
19.39845072,0.287250936,0.463022232,-0.946355104
19.41530718,0.309241414,0.517998457,-0.974454105
19.43216437,0.463174939,0.112243183,-0.979340851
19.44902088,0.631768763,-0.387429863,-0.910925984
19.4658765,0.645207405,-0.65742439,-0.517540336
19.48273296,0.344670564,-0.745386362,0.331537336
19.49959015,-0.288319916,-0.290915996,0.652842999
19.51644666,-0.525328636,0.27610296,0.802042425
19.53330228,-0.127056226,0.318862259,0.831363142
19.55015874,-0.02443389,0.0865876,0.733474851
19.56701593,-0.553427637,-0.441184431,0.702932477
19.58387244,-0.682927251,0.504559815,0.77623415
19.60072807,-0.201579601,1.050657272,0.679720283
19.61758452,0.432632566,0.822200418,0.139731318
19.63444171,0.232274666,0.505781531,-0.708124697
19.65129822,-0.025655584,0.93826139,-1.413042426
19.66815385,0.025655584,1.231468081,-1.657381296
19.68501031,0.311684817,0.742790282,-1.168703556
19.70186749,0.188293666,0.895502091,-0.780204654
19.718724,0.422859013,1.899734974,-0.824185669
19.73557963,1.143658757,2.695058107,-0.954907
19.75243609,1.342795014,2.890529156,-0.82052058
19.76929327,0.950631023,2.807454109,-0.747218907
19.78614978,0.393538356,2.60220933,-0.804638565
19.80300541,0.311684817,2.638860226,-0.721563339
19.81986187,0.579235911,2.42506361,-0.499214917
19.83671906,0.801584303,2.131856918,-0.356276661
19.85357556,0.998277128,1.692046881,-0.15836215
19.87043119,1.18153131,1.258345366,-0.054518119
19.8872876,1.350125194,0.96636039,-0.04718795
19.90414484,1.417318344,0.818535328,-0.140036732
19.92100135,1.344016671,0.801431596,-0.298857033
19.93785697,1.159540772,0.820978701,-0.455233932
19.95471338,0.960404575,0.880841732,-0.496771544
19.97157062,0.835791767,1.039662004,-0.432021737
19.98842713,0.720952451,1.136175871,-0.311073959
20.0052827,0.597561359,0.941926479,-0.108272679
20.02213916,0.334897012,0.419041216,0.217919767
20.0389964,-0.042759307,0.195318416,0.401173949
20.05585291,-0.41781953,0.113464877,0.404839009
20.07270848,-1.077534556,0.091474377,0.404839009
20.08956494,-1.960819721,-0.331231922,0.491579324
20.10642218,-2.536237717,-1.414874911,0.922990203
20.12327864,-2.445832491,-1.980519533,1.607139111
20.14013426,-2.150182247,-2.715979576,2.155679941
20.15699072,-1.827654958,-3.001856089,2.448886633
20.17384796,-1.514901161,-3.095926523,2.433004618
20.19070442,-1.240019917,-2.982309103,2.128802776
20.20756004,-0.72935164,-1.984184623,1.410446286
20.2244165,-0.312753797,-1.466186166,0.299773306
20.24127369,-0.894280374,-1.157097459,0.089641832
20.2581302,-1.569877505,-1.819255829,0.233801782
20.27498582,-1.659061193,-1.46496439,0.430494607
20.29184228,-1.144727707,-0.987281859,0.450041711
20.30869947,-0.62672931,-0.508377612,0.305881769
20.32555598,-0.384833783,-0.573127449,0.098193698
20.34241161,-0.245560601,-0.984838486,-0.135149956
20.35926806,-0.129499614,-1.077687263,-0.445460349
20.37612525,0.006108473,-0.968956471,-0.776539564
20.39298176,0.056197949,-0.592674553,-0.931694806
20.40983739,-0.151490122,-0.016034741,-1.015991688
20.42669379,-0.222348407,0.409267664,-1.014770031
20.44355103,-0.01099525,0.59130013,-0.929251373
20.46040754,0.248156697,0.103691325,-0.799751759
20.47726312,0.319014967,-0.483943731,-0.463785768
20.49411958,0.292137712,-0.706292152,0.034665581
20.51097682,0.117282674,-0.430189192,0.247240424
20.52783327,-0.305423617,-0.068567604,0.139731318
20.5446889,-0.379947007,0.097582847,0.274117708
20.56154536,0.220057726,0.239299417,0.298551589
20.5784026,0.527924717,-0.006261184,0.277782798
20.59525906,0.295802772,-0.240826532,0.33031565
20.61211468,-0.182032481,0.273659587,0.388956994
20.62897114,-0.149046734,1.028666735,0.485470861
20.64582833,0.158972994,1.134954214,0.473253906
20.66268484,0.295802772,0.993237615,0.180047229
20.67954046,0.331231922,0.624285877,-0.397814274
20.69639687,0.198067218,1.169161677,-0.929251373
20.71325411,0.080631837,1.639514089,-1.223679781
20.73011062,0.304354638,1.240019917,-1.201689243
20.74696624,0.187071979,1.771457076,-1.052642584
20.76382265,0.419193924,2.664515734,-0.915812731
20.78067989,0.987281859,2.790350199,-0.670252144
20.7975364,1.100899458,2.769581556,-0.511431873
20.81439197,0.584122717,2.447054148,-0.519983709
20.83124843,0.207840785,2.640081882,-0.618941009
20.84810567,0.185850278,2.668180943,-0.596950471
20.86496213,0.48760882,2.503252029,-0.397814274
20.88181775,0.762490094,2.159955978,-0.207229927
20.89867421,0.906650066,1.83742857,-0.03130592
20.9155314,1.016602516,1.502684236,0.066429637
20.93238791,1.130220175,1.260788798,0.059099473
20.94924353,1.191304922,1.148392797,0.023670331
20.96609994,1.171757698,1.035996914,-0.066735066
20.98295718,1.094791055,0.921157658,-0.181574345
20.99981369,0.966513097,0.941926479,-0.289083451
21.01666926,0.801584303,1.10807693,-0.315960735
21.03352572,0.69285351,1.099525094,-0.223111957
21.05038296,0.557245433,0.861294627,0.059099473
21.06723942,0.334897012,0.553427637,0.366966486
21.08409504,0.072079979,0.365286648,0.508683026
21.1009515,-0.150268421,0.179436386,0.672390103
21.11780869,-0.487456113,-0.012369657,0.802042425
21.1346652,-1.031110168,-0.292137712,0.944980681
21.15152083,-1.446486354,-0.863890708,1.205201626
21.16837723,-1.645622492,-1.4612993,1.767181158
21.18523447,-1.720145941,-1.987849712,2.363368034
21.20209098,-1.604084849,-2.833262205,2.458660126
21.21894656,-1.655396104,-3.017738104,2.442778111
21.23580301,-1.615080118,-2.403225899,2.236311913
21.25266025,-1.327981949,-1.447860718,1.50451684
21.26951671,-0.924822748,-0.916423619,0.778677523
21.28637234,-1.14350605,-1.069135427,0.045660831
21.30322879,-1.656617761,-1.397771239,-0.125376403
21.32008598,-1.613858461,-1.703194857,-0.060626589
21.33694249,-1.502684236,-1.199856758,0.10796725
21.35379812,-1.03721869,-0.93719238,0.11774081
21.37065452,-0.546097457,-0.844343603,-0.109494373
21.38751176,-0.222348407,-0.943300903,-0.215781793
21.40436827,-0.107509121,-1.168092728,-0.344059706
21.42122385,0.01099525,-1.35867703,-0.587176919
21.4380803,0.117282674,-1.322026134,-0.868166685
21.45493754,0.134539112,-1.022711039,-1.008661509
21.471794,0.015882028,-0.530368149,-1.062416077
21.48864963,-0.197914511,0.02183779,-1.037982225
21.50550609,-0.266329408,0.267398387,-1.039203882
21.52236327,-0.004886778,-0.091779798,-1.075854778
21.53921978,0.31412819,-0.711178899,-0.961015463
21.55607541,0.463174939,-0.910315156,-0.60794574
21.57293182,0.298246175,-0.615886748,-0.1937913
21.58978906,-0.031764057,-0.237161443,0.077424891
21.60664556,-0.21257484,-0.201732308,0.308325142
21.62350114,0.101400644,0.109799795,0.304660082
21.6403576,0.531589806,0.147672325,0.183712319
21.65721484,0.503490865,-0.288472623,0.078646585
21.67407129,-0.427593082,-0.165081471,0.137287915
21.69092692,-1.266897202,1.226581335,0.271674305
21.70778332,-1.142284393,1.274227381,0.607640326
21.72464056,0.098957255,0.3151972,0.679720283
21.74149708,0.480278671,0.478904247,0.094528615
21.7583527,0.168746561,0.916270912,-0.844954491
21.77520911,-0.015882028,1.56499064,-1.454580069
21.79206635,-0.035429142,1.553995371,-1.602405071
21.8089228,0.103844032,0.981020689,-1.295759797
21.82577843,-0.056197949,2.047559977,-1.150378108
21.84263489,0.815022945,2.338323355,-0.914591074
21.85949208,1.384332657,2.625421524,-0.640931487
21.87634859,1.048366666,2.593657494,-0.463785768
21.89320421,0.549915254,2.710940123,-0.561521351
21.91006062,0.394760042,2.458049297,-0.622606039
21.92691786,0.463174939,2.271130085,-0.455233932
21.94377437,0.59389627,2.07443738,-0.253654331
21.96062994,0.665976226,1.903400064,-0.072843537
21.9774864,0.804027677,1.736027956,0.078646585
21.99434359,1.00805068,1.538113356,0.136066228
22.0112001,1.187639832,1.279114127,0.046882529
22.02805572,1.235285878,1.081199646,-0.143701822
22.04491213,1.087460876,1.051878929,-0.304965496
22.06176937,0.86633414,1.194817185,-0.286640078
22.07862588,0.683079958,1.430604339,-0.086282179
22.09548145,0.442406118,1.329203606,0.200816035
22.11233791,0.264038742,0.956586778,0.453706801
22.1291951,0.102622338,0.692700803,0.621078968
22.14605161,-0.161263675,0.465465605,0.627187431
22.16290723,-0.5167768,0.074370652,0.589314878
22.17976364,-0.93826139,-0.289694309,0.608861983
22.19662088,-1.349972486,-0.670862973,0.933985472
22.21347739,-1.481915474,-1.000720501,1.591257095
22.23033296,-1.463590026,-1.477181435,2.369476557
22.24718942,-1.530783176,-2.217528343,2.762862206
22.26404666,-1.825211644,-2.48752284,2.892361879
22.28090312,-1.764126897,-2.168660402,2.887475014
22.29775874,-1.265675545,-1.990293026,2.158123255
22.3146152,-1.132510781,-1.52849257,1.086697221
22.33147239,-1.450151443,-1.202300072,0.205702812
22.3483289,-1.709150672,-0.926197171,0.418277651
22.36518452,-1.4513731,-1.027597785,0.589314878
22.38204093,-1.199704051,-0.662311137,0.652842999
22.39889817,-0.841747522,-0.481500357,0.522121668
22.41575468,-0.511889994,-0.332453609,0.304660082
22.43261025,-0.255334169,-0.355665803,0.112854034
22.44946671,-0.052532863,-0.70018369,-0.113159455
22.46632395,0.141869277,-1.039814711,-0.44179529
22.48318041,0.220057726,-1.1424371,-0.822963953
22.50003603,0.289694309,-0.854117155,-1.088071704
22.51689244,0.177298412,-0.328788549,-1.233453274
22.53374968,0.023212196,0.17088452,-1.299424887
22.55060619,0.149199441,0.367730051,-1.232231617
22.56746176,0.494938999,-0.138204187,-1.154043198
22.58431822,0.729504347,-0.97262156,-0.939024925
22.60117546,0.66108942,-1.241394401,-0.319625825
22.61803192,0.144312665,-0.777150452,0.366966486
22.63488754,-0.298093468,0.010842538,0.42560783
22.651744,-0.37872529,0.257624835,0.655286372
22.66860119,0.01099525,0.477682561,0.578319669
22.6854577,0.359330893,-0.190737054,0.260679066
22.70231333,0.076966755,-0.883437872,0.182490617
22.71916973,-0.682927251,0.15500249,0.46103698
22.73602697,-0.745233655,1.24979353,0.470810533
22.75288348,0.072079979,1.007897973,0.32665056
22.76973906,0.708735526,0.421484619,0.202037737
22.78659551,0.485165447,0.474017471,-0.171800792
22.80345275,0.057419643,1.241241574,-0.865723252
22.82030921,0.002443389,1.413500547,-1.325080395
22.83716484,0.091627091,1.144727707,-1.201689243
22.85402129,-0.118504368,1.692046881,-1.122279167
22.87087853,0.185850278,2.224705696,-0.964680553
22.88773499,0.945744276,2.691393137,-0.744775534
22.90459062,1.405101418,2.649855375,-0.563964725
22.92144702,1.048366666,2.284568787,-0.511431873
22.93830426,0.534033239,2.367644072,-0.642153204
22.95516077,0.371547848,2.508138895,-0.68246913
22.97201635,0.541363359,2.230814219,-0.543195903
22.98887281,0.780815482,1.828876734,-0.328177691
23.00573004,0.867555797,1.552773714,-0.149810284
23.02258656,0.94452256,1.373184681,-0.021532366
23.03944213,1.105786204,1.251015186,-0.030084228
23.05629859,1.235285878,1.117850542,-0.094834037
23.07315582,1.258498073,1.004232883,-0.218225181
23.09001228,1.169314384,0.891837001,-0.361163437
23.10686791,1.039814711,0.834417343,-0.47722441
23.12372437,0.833348393,0.890615284,-0.450347155
23.14058156,0.552358627,0.979799032,-0.258541107
23.15743806,0.244491622,0.878398359,0.059099473
23.17429369,-0.035429142,0.428814769,0.470810533
23.1911501,-0.295650065,0.131790295,0.732253134
23.20800734,-0.542432368,-0.052685577,0.974301398
23.22486385,-0.904053927,-0.24326992,1.15755558
23.24171942,-1.259567022,-0.479056954,1.48008287
23.25857588,-1.428160906,-0.883437872,1.99319458
23.27543312,-1.69937706,-1.369672298,2.319386959
23.29228963,-2.029234648,-2.10879755,2.072604656
23.30914525,-2.190498352,-2.635347843,2.117807388
23.32600166,-2.045116663,-2.889460325,2.413457632
23.3428589,-1.505127668,-1.870566964,2.023736954
23.35971541,-0.696365893,-0.690410137,1.042716265
23.37657098,-0.5167768,-0.474170178,0.145839781
23.39342744,-1.353637576,-1.109451294,0.061542861
23.41028468,-1.962041378,-1.614011168,0.216698065
23.42714119,-1.819103122,-1.108229637,0.46836713
23.44399676,-1.092194915,-0.538919985,0.399952233
23.46085322,-0.463022232,-0.101553358,0.272896022
23.47771046,-0.061084725,-0.377656311,0.166608587
23.49456697,0.194402143,-0.992168665,0.010231691
23.5114226,0.331231922,-1.276823521,-0.381932259
23.528279,0.333675325,-1.1424371,-0.777761281
23.54513624,0.331231922,-0.827239871,-1.015991688
23.56199275,0.256708562,-0.328788549,-1.09662354
23.57884838,0.041537613,0.209978744,-1.16748178
23.59570478,0.019547112,0.397050709,-1.144269586
23.61256202,0.245713309,0.087809294,-1.129609346
23.62941853,0.481500357,-0.545028448,-1.008661509
23.64627416,0.576792538,-0.813801289,-0.472337633
23.66313062,0.453401387,-0.475391865,0.151948258
23.67998786,-0.076966755,0.119573347,0.409725785
23.69684432,-0.676818788,0.293206692,0.679720283
23.71369994,-0.541210651,0.415376127,0.662616551
23.7305564,0.382543087,0.590078473,0.346197695
23.74741364,0.856560588,-0.156529605,-0.010537115
23.7642701,0.036650836,-0.959182918,-0.111937761
23.78112572,-1.269340634,0.701252639,0.22402823
23.79798218,-1.853310585,1.507570982,0.720036209
23.81483942,-0.608403862,0.41781953,1.372573733
23.83169593,1.066691995,0.550984204,1.233300567
23.84855156,1.017824292,1.343863964,0.368188173
23.86540801,0.12216945,1.435491085,-0.724006712
23.8822652,-0.277324647,1.408613801,-1.569419265
23.89912171,-0.230900258,0.680483818,-1.57797122
23.91597734,-0.241895512,1.137397647,-1.150378108
23.93283379,0.569462359,1.584537745,-0.598172188
23.94969103,1.989071369,2.079324007,-0.456455618
23.96654687,2.361688137,2.004800797,-0.609167457
23.98340312,1.306144118,1.9119519,-0.617719293
24.00025958,0.45584476,2.239366055,-0.84861958
24.01711682,0.287250936,2.10620141,-1.029430389
24.03397333,0.497382373,1.907065153,-0.882826984
24.05082895,0.685523331,1.772678733,-0.612832487
24.06768541,0.773485363,1.629740477,-0.394149184
24.0845426,0.855338872,1.488023877,-0.208451629
24.10139911,1.015380859,1.342642307,-0.136371657
24.11825473,1.221847177,1.196038961,-0.155918762
24.13511119,1.348903418,1.023779988,-0.232885525
24.15196843,1.292705536,0.933374584,-0.336729556
24.16882494,1.113116384,0.842969239,-0.388040721
24.18568057,0.806471109,0.822200418,-0.379488856
24.20253702,0.514486074,0.83197397,-0.333064467
24.21939426,0.275033981,0.819757044,-0.096055731
24.23625077,0.165081471,0.582748294,0.286334664
24.25310635,0.139425889,0.241742805,0.612527072
24.26996281,-0.01099525,-0.143090963,0.797002971
24.28682004,-0.415376127,-0.52670306,0.922990203
24.30367656,-1.046992183,-0.725839257,1.207645059
24.32053218,-1.392731786,-0.951852739,1.71342659
24.33738864,-1.238798261,-1.842468023,2.337712526
24.35424588,-1.053100705,-2.932219505,2.685895443
24.37110239,-1.459924936,-3.64202404,2.417122602
24.38795801,-1.94738102,-3.513746262,2.187443972
24.40481442,-1.90828681,-2.645121336,1.660893679
24.42167171,-1.615080118,-1.684869409,0.711484373
24.43852817,-1.441599488,-1.335464835,0.073759809
24.45538379,-1.478250384,-1.529714227,-0.249989241
24.47224025,-1.629740477,-1.796043634,0.029778805
24.48909749,-1.528339863,-1.739845753,0.01267508
24.505954,-1.389066696,-1.526049137,0.060321167
24.52280963,-1.155722976,-1.342795014,0.032222193
24.53966609,-0.791658044,-1.337908268,-0.137593344
24.55652332,-0.514333367,-1.471072912,-0.375823766
24.57337984,-0.408045977,-1.799708724,-0.673917234
24.59023546,-0.150268421,-1.916991353,-0.956128657
24.60709192,0.180963501,-1.506502032,-1.105175376
24.62394916,0.11606098,-0.915201902,-1.169925213
24.64080567,0.019547112,-0.458288163,-1.178477049
24.65766129,0.113617592,-0.218836024,-1.158929944
24.67451775,0.322680056,-0.389873266,-1.107618809
24.69137499,0.371547848,-0.835791767,-1.024543524
24.7082315,0.257930249,-0.993390381,-0.881605327
24.72508713,0.183406889,-0.822353125,-0.568851531
24.74194359,0.10628742,-0.520594597,-0.195012987
24.75880082,-0.12583454,-0.414307147,0.096972004
24.77565734,-0.18569757,-0.228609592,0.2081462
24.79251296,-0.087962002,-0.188293666,0.180047229
24.80936942,0.056197949,-0.406976998,0.055434387
24.82622666,0.086740308,-0.607334912,0.115297422
24.84308317,-0.309088707,-0.198067218,0.29122144
24.85993885,-0.30786702,0.466687292,0.474475622
24.87679525,0.040315919,0.669488609,0.597866774
24.89365254,0.529146433,0.805096686,0.424386144
24.91050906,0.482722044,0.627950966,-0.271979749
24.92736468,-0.01343864,0.646276414,-1.196802497
24.94422114,-0.27610296,0.988350868,-1.728239655
24.96107838,-0.114839286,0.86740309,-1.588966489
24.97793489,-0.269994497,1.28155756,-1.257887244
24.99479051,0.007330167,1.709150672,-1.097845197
25.01164697,0.965291381,2.480039835,-1.069746256
25.02850421,1.582247138,2.829444408,-0.774096191
25.04536072,1.168092728,2.172172785,-0.620162666
25.06221635,0.510821044,2.285790443,-0.741110444
25.0790728,0.38865158,2.202715158,-0.780204654
25.09593004,0.642764032,2.07810235,-0.642153204
25.11278661,0.915201902,1.70304215,-0.511431873
25.12964223,1.038593054,1.426939249,-0.392927498
25.14649869,1.125333309,1.172826767,-0.318404138
25.16335593,1.205965161,0.90283227,-0.314739049
25.18021244,1.278045177,0.684148908,-0.386819035
25.19706806,1.268271565,0.558314383,-0.47355935
25.21392452,1.10700798,0.517998457,-0.54441762
25.23078176,0.893211424,0.649941504,-0.561521351
25.24763827,0.750273168,0.845412612,-0.435686797
25.26449395,0.658646047,0.935818017,-0.118046232
25.28135041,0.483943731,0.762337387,0.285112947
25.29820765,0.238383144,0.401937485,0.590536594
25.31506416,0.012216945,0.129346907,0.678498566
25.33191978,-0.196692824,-0.180963501,0.683385372
25.34877624,-0.544875741,-0.592674553,0.680941999
25.36563348,-1.171604991,-0.935970724,0.753021956
25.38249004,-1.601641536,-1.242616057,1.108687758
25.39934567,-1.616301894,-1.802152157,1.68899262
25.41620213,-1.478250384,-2.36046648,2.088486671
25.43305937,-1.577207565,-2.98353076,2.082378387
25.44991588,-1.930277348,-3.06538415,2.222873211
25.4667715,-1.870414257,-2.695210934,2.2692976
25.48362801,-1.200925708,-1.853463292,1.546054363
25.50048525,-0.539988995,-1.632336617,0.610083699
25.51734176,-1.327981949,-1.903552771,-0.317182452
25.53419739,-1.990140319,-2.090471983,-0.019088976
25.55105385,-1.810551286,-1.833916187,0.2521272
25.56791114,-1.290109396,-1.350125194,0.479362398
25.58476765,-0.734238386,-0.938414097,0.250905514
25.60162327,-0.370173425,-0.950631023,0.087198444
25.61847973,-0.353069723,-1.120446563,-0.122933008
25.63533702,-0.373838514,-1.366007209,-0.472337633
25.65219353,-0.183254182,-1.353790283,-0.765544355
25.66904916,0.008551862,-1.130220175,-1.002553105
25.68590562,-0.035429142,-0.729504347,-1.183363795
25.70276286,-0.006108473,-0.42041564,-1.299424887
25.71961942,0.063528113,-0.040468629,-1.296981454
25.73647504,-0.019547112,0.074370652,-1.267660737
25.7533315,-0.006108473,-0.408198685,-1.187028885
25.77018874,0.161416382,-0.910315156,-0.951241911
25.78704531,0.288472623,-0.926197171,-0.274423122
25.80390093,0.004886778,-0.465618312,0.329093963
25.82075739,-0.404380888,-0.283585846,0.723701298
25.83761463,-0.443475097,-0.116213694,0.662616551
25.85447119,0.014660334,0.100026235,0.195929259
25.87132682,0.521816254,-0.221279413,-0.196234688
25.88818327,0.552358627,-0.755159915,-0.454012215
25.90504051,0.014660334,-0.698961973,-0.30374381
25.92189708,-0.702474356,0.935818017,0.22402823
25.9387527,-0.674375355,1.077534556,0.77989924
25.95560916,0.300689578,0.464243919,1.064706802
25.9724664,0.777150452,0.323749036,0.473253906
25.98932296,-0.008551862,0.977355599,-0.516318619
26.00617859,-0.237008736,1.676164865,-1.54620707
26.02303504,-0.039094225,1.750688195,-1.72335279
26.03989234,0.143090963,1.274227381,-1.251778722
26.05674885,0.004886778,1.678608298,-0.847397864
26.07360447,0.466840029,1.966928124,-0.776539564
26.09046093,1.224290609,2.539902925,-0.680025697
26.10731822,1.458855987,2.363978863,-0.557856262
26.12417473,0.827239871,2.157512426,-0.560299635
26.14103041,0.449736297,2.334658146,-0.672695518
26.15788687,0.519372881,2.249139547,-0.615275919
26.17474411,0.795475841,2.03534317,-0.472337633
26.19160062,0.927418828,1.778787255,-0.390484124
26.20845629,0.915201902,1.555217147,-0.287861764
26.22531275,0.971399844,1.386623263,-0.242659077
26.24216999,1.081352353,1.231468081,-0.258541107
26.25902656,1.166870952,1.039662004,-0.333064467
26.27588218,1.168092728,0.907719016,-0.440573573
26.29273864,1.092347622,0.941926479,-0.519983709
26.30959593,0.942079186,1.176491857,-0.557856262
26.32645244,0.779593825,1.301104665,-0.385597318
26.34330806,0.59389627,1.133732557,-0.042301174
26.36016458,0.309241414,0.62672931,0.297329903
26.37702182,0.102622338,0.465465605,0.485470861
26.39387832,0.014660334,0.434923261,0.619857252
26.410734,-0.127056226,0.348182946,0.706597567
26.42759046,-0.557092726,0.153780803,0.762795508
26.4444477,-1.061652541,-0.305576354,0.929098666
26.46130426,-1.384179831,-0.971399844,1.300493836
26.47815989,-1.489245653,-1.793600321,2.023736954
26.49501635,-1.343863964,-2.26150918,2.434226274
26.51187364,-1.373184681,-2.475305796,2.263189077
26.52873015,-1.704263806,-2.532725334,2.181335449
26.54558577,-1.806886196,-2.215084791,2.172783613
26.56244228,-1.491688967,-1.688534498,1.718313336
26.57929952,-1.116628766,-1.17786622,0.717592835
26.59615609,-1.500240922,-1.050809979,-0.076508619
26.61301171,-1.782452345,-1.748397589,-0.042301174
26.62986822,-1.7702353,-1.882784009,0.167830288
26.64672546,-1.533226609,-1.471072912,0.352306157
26.66358197,-0.985907495,-1.214517117,0.271674305
26.68043765,-0.496007979,-0.97628665,0.115297422
26.69729411,-0.27610296,-0.956739545,-0.054518119
26.71415135,-0.16981554,-1.170536041,-0.276866525
26.73100791,-0.043981001,-1.292705536,-0.551747799
26.74786353,0.017103724,-1.092347622,-0.835180938
26.76472004,-0.144159958,-0.584122717,-1.002553105
26.78157728,-0.334744304,-0.090558104,-1.108840466
26.79843385,-0.357956499,0.222195685,-1.165038466
26.81528947,-0.208909765,0.225860775,-1.127165914
26.83214593,0.078188449,-0.350779027,-1.055085897
26.84900322,0.339783788,-0.782037199,-0.724006712
26.86585973,0.408198685,-0.749051452,-0.217003495
26.88271541,0.161416382,-0.536476612,0.217919767
26.89957187,-0.245560601,-0.345892251,0.505017996
26.91642916,-0.390942246,0.274881274,0.550220668
26.93328567,-0.032985751,0.147672325,0.274117708
26.95014129,0.437519342,-0.483943731,0.00167983
26.96699781,0.34955734,-1.016602516,-0.033749312
26.98385504,-0.156376898,0.076814041,0.288778037
27.00071161,-0.362843275,1.004232883,0.344975978
27.01756723,0.067193195,0.862516344,0.431716293
27.03442374,0.536476612,0.62306422,0.484249175
27.05128098,0.574349165,0.613290668,-0.003206948
27.06813754,0.109952509,1.329203606,-0.716676533
27.08499317,-0.015882028,1.66028285,-1.358066201
27.10184968,0.063528113,1.569877505,-1.347070932
27.11870692,-0.008551862,1.511236072,-1.020878434
27.13556343,-0.059863031,1.848423839,-0.849841237
27.15241911,0.448514611,2.230814219,-0.818077207
27.16927557,1.091125965,2.651077032,-0.708124697
27.18613286,1.22062552,2.73293066,-0.64337486
27.20298937,0.653759301,2.265021563,-0.620162666
27.21984504,0.294581085,2.389634371,-0.664143682
27.2367015,0.422859013,2.41406846,-0.550526083
27.25355879,0.750273168,2.245474577,-0.403922737
27.2704153,0.977508307,1.985253572,-0.242659077
27.28727098,1.006829023,1.772678733,-0.136371657
27.30412744,0.993390381,1.582094431,-0.122933008
27.32098473,1.058140159,1.397618532,-0.138815045
27.33784124,1.158319116,1.197260618,-0.17790927
27.35469687,1.172979474,1.059209108,-0.210895017
27.37155338,1.103342891,1.060430884,-0.231663823
27.38841062,0.950631023,1.133732557,-0.279309899
27.40526718,0.77104193,1.222916245,-0.206008241
27.4221228,0.581679285,1.262010455,-0.033749312
27.43897932,0.350779027,1.00911963,0.237466872
27.45583656,0.242048234,0.702474356,0.448820025
27.47269312,0.245713309,0.4886778,0.547777295
27.48954874,0.123391144,0.213643834,0.581984699
27.50640525,-0.459357142,-0.150421143,0.529451847
27.52326249,-1.325538516,-0.371547848,0.590536594
27.54011906,-1.83742857,-0.882216156,0.910773277
27.55697468,-1.723810911,-1.786270142,1.583926916
27.57383119,-1.343863964,-2.233410358,2.266854286
27.59068843,-1.273005724,-2.288386583,2.469655514
27.60754499,-1.556438804,-2.336032629,2.531961918
27.62440062,-1.69571197,-2.057486296,2.472098827
27.64125713,-1.505127668,-1.628671527,1.958987117
27.65811437,-1.21802938,-1.264606595,1.009730577
27.67497093,-1.574764252,-1.229177356,0.11163234
27.69182656,-1.855754018,-1.577360392,0.015118469
27.70868306,-1.753131628,-1.87178874,0.36207971
27.7255403,-1.659061193,-1.238950968,0.573432863
27.74239687,-1.172826767,-0.874885976,0.472032219
27.75925249,-0.61939913,-0.587787747,0.270452619
27.776109,-0.323749036,-0.613443375,0.10796725
27.79296624,-0.164928764,-0.938414097,-0.093612343
27.8098228,-0.087962002,-1.147323847,-0.39903596
27.82667848,0.149199441,-1.115559816,-0.705681324
27.84353494,0.276255667,-0.736834526,-0.902374089
27.86039223,0,-0.146756053,-1.129609346
27.87724874,0.025655584,0.082922518,-1.262773991
27.89410442,0.294581085,0.158667579,-1.33729732
27.91096088,0.563353896,0.009620844,-1.240783453
27.92781817,0.711178899,-0.486387134,-1.042868972
27.94467468,0.65742439,-0.805249393,-0.64703995
27.96153036,0.465618312,-0.882216156,0.068873025
27.97838682,-0.255334169,-0.350779027,0.524565101
27.99524411,-0.840525806,0.161110967,0.722479582
28.01210062,-0.531437099,0.428814769,0.657729805
28.02895629,0.103844032,0.16721943,0.35841462
28.04581275,0.216392636,-0.465618312,0.258235693
28.06267004,-0.367730051,-0.410642058,0.443933249
28.07952661,-0.839304149,0.893058717,0.766460598
28.09638223,-0.38239038,1.139840961,0.904664815
28.11323874,0.62932539,0.790436328,0.687050462
28.13009598,0.2506001,0.550984204,-0.147366896
28.14695254,-0.258999229,1.081199646,-1.176033735
28.16380817,-0.221126705,1.870414257,-1.618287086
28.18066468,0.059863031,1.918060422,-1.172368646
28.19752197,0.22738789,1.359745979,-0.522427142
28.21437848,0.143090963,1.707928896,-0.33184278
28.23123416,0.689188421,2.014574289,-0.33917293
28.24809062,1.1424371,2.586327314,-0.443016976
28.26494791,1.069135427,2.903967857,-0.57984674
28.28180447,0.501047492,2.519134045,-0.677582324
28.2986601,0.24693501,2.581440449,-0.711789787
28.31551661,0.378878027,2.621756554,-0.548082709
28.33237385,0.669641316,2.352983713,-0.287861764
28.34923041,0.794254124,2.012130976,-0.088725567
28.36608603,0.827239871,1.75924015,-0.006872032
28.38294254,0.902984977,1.489245653,0.023670331
28.39979984,1.031262875,1.257123709,-0.037414394
28.41665635,1.093569279,1.098303318,-0.118046232
28.43351202,1.044701576,1.046992183,-0.168135703
28.45036848,0.927418828,1.025001645,-0.206008241
28.46722577,0.821131408,1.046992183,-0.215781793
28.48408228,0.705070436,1.186265349,-0.210895017
28.50093796,0.606113195,1.226581335,-0.121711314
28.51779447,0.543806791,0.935818017,0.000458135
28.53465171,0.442406118,0.476460874,0.160500124
28.55150827,0.336118698,0.264954984,0.342532605
28.5683639,0.134539112,0.320083976,0.542890489
28.58522041,-0.200357899,0.332300901,0.70904094
28.60207765,-0.681705535,0.109799795,0.922990203
28.61893421,-1.060430884,-0.281142443,1.346918225
28.63578989,-1.180156946,-0.665976226,2.059166193
28.65264635,-1.287665963,-1.017824292,2.875257969
28.66950364,-1.464811683,-1.681204319,3.181903362
28.6863602,-1.690825224,-2.513178349,2.968106747
28.70321582,-1.929055691,-2.64023447,2.756753683
28.72007234,-1.930277348,-1.754505992,1.963873982
28.73692963,-1.655396104,-0.922532082,0.683385372
28.75378614,-1.595533013,-0.724617541,-0.122933008
28.77064182,-1.657839417,-1.42953527,-0.16202724
28.78749827,-1.888739705,-1.543152928,0.088420138
28.80435556,-1.761683464,-1.021489382,0.376740038
28.82121213,-1.082421303,-0.729504347,0.304660082
28.83806775,-0.409267664,-0.508377612,0.125070974
28.85492426,0.015882028,-0.509599328,0.045660831
28.87178156,0.178520113,-0.810136199,0.015118469
28.88863806,0.244491622,-1.031262875,-0.217003495
28.90549374,0.24326992,-1.020267606,-0.539530814
28.92235025,0.198067218,-0.80280602,-0.81685549
28.93920749,0.260373652,-0.425302416,-1.014770031
28.95606406,0.223722816,-0.060015742,-1.080741525
28.97291973,0.058641337,0.272437871,-1.066081166
28.98977619,-0.057419643,0.489899516,-0.991557837
29.00663348,-0.117282674,0.361621589,-0.914591074
29.02348999,-0.025655584,-0.050242186,-0.700794518
29.04034567,0.334897012,-0.259151936,-0.391705811
29.05720218,0.355665803,-0.068567604,-0.019088976
29.07405947,-0.201579601,0.357956499,0.25945738
29.09091598,-0.687813997,0.332300901,0.49280104
29.10777166,-0.536323905,0.205091968,0.561215937
29.12462812,0.194402143,0.483791024,0.391400367
29.14148541,0.713622332,0.201426879,0.100637086
29.15834197,0.762490094,0.053601846,-0.03130592
29.1751976,0.442406118,0.328635812,0.027335415
29.19205411,-0.031764057,0.741568565,0.110410646
29.2089114,-0.234565347,1.359745979,0.213032976
29.22576796,-0.301758558,1.382958174,0.395065457
29.24262359,-0.150268421,1.060430884,0.366966486
29.2594801,-0.239452124,1.180156946,-0.008093726
29.27633739,-0.239452124,1.35608089,-0.638488114
29.2931939,-0.062306419,1.392731786,-1.151599765
29.31004958,0.089183703,1.678608298,-1.050199151
29.32690609,0.078188449,1.881409526,-0.864501596
29.34376333,-0.012216945,2.498365402,-0.700794518
29.36061989,0.409420371,2.649855375,-0.605502367
29.37747557,0.861447334,2.583884001,-0.378267169
29.39433202,0.815022945,2.706053257,-0.246324152
29.41118932,0.312906504,2.368865728,-0.253654331
29.42804588,0.149199441,2.571666956,-0.324512601
29.4449015,0.325123459,2.533794403,-0.356276661
29.46175801,0.569462359,2.348096848,-0.240215689
29.47861531,0.6684196,2.1880548,-0.141258434
29.49547182,0.662311137,1.97548008,-0.042301174
29.51232749,0.685523331,1.808107853,0.004123219
29.529184,0.752716541,1.643179178,0.006566608
29.54604129,0.791810751,1.468476772,-0.034971006
29.56289781,0.806471109,1.347529054,-0.136371657
29.57975348,0.835791767,1.243685007,-0.237772301
29.59660999,0.80280602,1.219251156,-0.314739049
29.61346723,0.694075227,1.251015186,-0.253654331
29.63032379,0.601226389,1.266897202,-0.054518119
29.64717947,0.458288163,1.209477544,0.182490617
29.66403593,0.240826532,0.994459331,0.42927292
29.68089322,0.081853531,0.901610553,0.579541326
29.69774978,-0.051311169,0.840525806,0.629630804
29.71460546,-0.278546363,0.65849334,0.684607089
29.73146192,-0.742790282,0.384833783,0.789672792
29.74831921,-1.292552829,0.128125206,1.15755558
29.76517577,-1.567434072,-0.436297655,1.818492293
29.7820314,-1.574764252,-1.339129925,2.657796383
29.79888791,-1.357302666,-1.866901994,3.212445736
29.8157452,-1.393953443,-2.770955801,3.035300016
29.83260176,-1.607749939,-2.874799967,2.904578686
29.84945739,-1.513679504,-2.143004894,2.535626888
29.8663139,-1.215586066,-1.099677801,1.656006932
29.88317119,-0.933374584,-0.332453609,0.806929231
29.90002775,-1.342642307,-0.158972994,0.442711562
29.91688338,-1.66028285,-0.777150452,0.511126459
29.93373989,-1.69571197,-0.867555797,0.578319669
29.95059718,-1.330425382,-0.663532853,0.748135209
29.96745374,-0.839304149,-0.393538356,0.632074177
29.98430937,-0.401937485,-0.237161443,0.469588816
30.00116588,-0.183254182,-0.395981729,0.237466872
30.01802317,-0.131943002,-0.813801289,-0.016645588
30.03487973,-0.036650836,-0.924975455,-0.373380393
30.05173536,0.062306419,-0.736834526,-0.568851531
30.06859187,0.034207448,-0.370326161,-0.738667071
