"Time (s)","X (m/s^2)","Y (m/s^2)","Z (m/s^2)"
5.374041619E-3,-4.112996979E0,8.423583069E0,6.347250824E0
1.523204165E-2,-3.646117859E0,8.514444122E0,6.169121246E0
2.508904162E-2,-3.979474640E0,7.581733704E0,6.132746887E0
3.494604165E-2,-3.932023315E0,7.861202545E0,6.151158600E0
4.483404162E-2,-4.214934998E0,8.479716339E0,5.872887268E0
5.469104165E-2,-4.373155975E0,8.638087006E0,5.927972717E0
6.454804167E-2,-5.145100708E0,8.566835175E0,5.766159210E0
7.440504164E-2,-6.322552185E0,8.757388916E0,6.052214355E0
8.429304167E-2,-5.883964233E0,9.258546753E0,7.440876617E0
9.415004164E-2,-4.727319489E0,7.432044983E0,8.011490021E0
1.040070417E-1,-3.471281433E0,6.170618134E0,8.890013123E0
1.138640416E-1,-1.298100586E0,6.003864899E0,9.208401031E0
1.237520417E-1,-1.583257599E0,5.426964569E0,8.740324402E0
1.336090416E-1,-1.597627716E0,4.722828827E0,1.048464706E1
1.434660417E-1,-1.406175842E0,4.186494141E0,1.046204407E1
1.533240416E-1,-1.026565247E0,4.006867676E0,9.743538208E0
1.631810417E-1,-4.460723877E-1,4.695735168E0,8.959917755E0
1.730680416E-1,1.122665405E-1,5.255720673E0,9.358987885E0
1.829260417E-1,1.180594940E0,6.667434998E0,8.482560425E0
1.927830416E-1,5.050497437E-1,5.360802155E0,6.873406677E0
2.026710417E-1,1.034349060E-1,3.884422302E0,5.552852783E0
2.125280416E-1,4.730163574E-2,1.855691071E0,5.404660950E0
2.223850416E-1,3.742218018E-3,1.154100037E-1,6.055657196E0
2.322420417E-1,-1.555265808E-1,-3.909869385E-1,6.298901367E0
2.421300416E-1,-8.756790161E-2,1.785786438E-1,6.593638458E0
2.519870417E-1,3.993695068E-1,1.122216339E0,7.073390808E0
2.618440416E-1,1.238674164E0,1.384620667E0,6.817123718E0
2.717010417E-1,1.953886871E0,1.469344482E0,6.390510864E0
2.815890416E-1,2.611170044E0,1.646575928E0,6.279292145E0
2.914460417E-1,2.124232635E0,2.643951874E0,7.799081726E0
3.013030416E-1,1.251996460E0,3.707939301E0,9.333091736E0
3.111610417E-1,-2.044598236E0,5.569917297E0,1.323547668E1
3.210180416E-1,-4.159550171E0,6.531218262E0,1.109462860E1
3.308750417E-1,-2.465672607E0,5.419629822E0,6.768175507E0
3.407630416E-1,3.370989990E-1,4.004622345E0,5.697601776E0
3.506200417E-1,1.740281067E0,5.038522339E0,7.639812927E0
3.604770416E-1,1.512903900E0,5.569767609E0,7.480244751E0
3.703340417E-1,4.784051514E-1,5.339097290E0,6.522686005E0
3.802220416E-1,-7.322772217E-1,6.096522217E0,6.193221130E0
3.900790417E-1,-1.553768921E0,6.996151428E0,7.060367889E0
3.999360416E-1,-1.515448608E0,8.120463409E0,7.774981842E0
4.098240416E-1,-1.025068359E0,9.646390228E0,8.586743774E0
4.196810417E-1,5.569917297E-1,7.803572388E0,7.071744232E0
4.295380416E-1,7.695497131E-1,2.632575531E0,5.354515228E0
4.393911667E-1,-4.568499756E-1,2.810705109E0,6.583459625E0
4.492791666E-1,-9.713301086E-1,3.393293610E0,7.542964325E0
4.591361667E-1,-1.088237000E-1,2.829865265E0,7.358398132E0
4.689931666E-1,9.786648560E-1,1.511107635E0,7.930658112E0
4.788511667E-1,1.004411316E0,3.671864319E-1,6.957082672E0
4.887381666E-1,2.694396973E-1,1.026864624E-1,8.038883057E0
4.985951667E-1,4.960684204E-1,-1.639091492E-1,9.351054382E0
5.084531666E-1,2.992427216E0,-8.637039185E-2,7.779622192E0
5.183101667E-1,4.611759796E0,-1.414857788E0,6.416856079E0
5.281671666E-1,-2.072739716E0,5.783523102E0,1.223465790E1
5.380551667E-1,5.978567505E-1,7.206314392E0,5.925727386E0
5.479121666E-1,3.125051422E0,1.831291809E0,6.323300629E0
5.577691667E-1,5.220843201E0,1.867067413E0,9.398356018E0
5.676261666E-1,5.901777191E0,2.030228119E0,9.106163635E0
5.775141667E-1,4.649331665E0,1.066831512E0,7.729626160E0
5.873711666E-1,3.171155548E0,1.378932495E0,6.966662750E0
5.972281666E-1,1.943258972E0,7.667056274E-1,7.401658173E0
6.070851667E-1,1.195114746E0,7.099736023E-1,6.844816132E0
6.169731666E-1,1.151705017E0,3.444337463E-1,6.525829468E0
6.268301667E-1,1.980830841E0,-3.312611389E-1,6.780599670E0
6.366881666E-1,3.154390411E0,-1.064436493E0,7.055128784E0
6.465751667E-1,3.809727631E0,-1.457968140E0,7.590565338E0
6.564321666E-1,4.265230408E0,-2.161804504E0,7.022197266E0
6.662901667E-1,3.835923157E0,-1.398841095E0,6.450386353E0
6.761471666E-1,2.338437195E0,-1.200054474E0,5.368585968E0
6.860341667E-1,1.152902527E0,-1.761836243E0,4.220473480E0
6.958921666E-1,3.326083374E-1,-2.273472290E0,3.247047729E0
7.057491667E-1,3.724255371E-1,-2.486329651E0,2.820434875E0
7.156061666E-1,1.387464752E0,-3.244952087E0,3.166964264E0
7.254631667E-1,2.623145142E0,-4.796475677E0,4.503684540E0
7.353511666E-1,5.260510712E0,-6.613996124E0,6.589896240E0
7.452081667E-1,8.823551331E0,-7.295678558E0,9.543554077E0
7.550651666E-1,1.059721298E1,-5.696853333E0,7.713759155E0
7.649221667E-1,1.100002533E1,-2.871778107E0,3.030298462E0
7.748101666E-1,1.029573990E1,-1.998194733E0,3.760180664E-1
7.846671666E-1,9.242080994E0,-2.484084320E0,1.057401123E0
7.945241667E-1,8.614436188E0,-3.389551392E0,1.843416595E0
8.044121666E-1,9.037306824E0,-4.201612701E0,1.451681213E0
8.142691667E-1,9.544901276E0,-5.142855377E0,1.915117493E0
8.241261666E-1,1.069316345E1,-5.997128906E0,2.496508484E0
8.339841667E-1,1.252041367E1,-7.122339020E0,2.797382812E0
8.438711666E-1,1.396610733E1,-7.885302429E0,3.297343140E0
8.537291667E-1,1.567914505E1,-7.785609741E0,3.067271576E0
8.635861666E-1,1.740266098E1,-5.679938507E0,1.666634216E0
8.734431667E-1,1.742241989E1,-4.591701508E0,3.297642517E-1
8.833001666E-1,1.666664154E1,-4.534670105E0,-2.803669739E-1
8.931881667E-1,1.614557510E1,-5.151687012E0,-4.520599365E-1
9.030451666E-1,1.646351395E1,-5.959856415E0,-3.427871704E-1
9.129021667E-1,1.758513153E1,-6.128555603E0,-2.824626160E-1
9.227591666E-1,1.849793335E1,-5.862109680E0,-3.122506714E-1
9.326161667E-1,1.867711075E1,-5.481002197E0,-1.486408997E-1
9.425041666E-1,1.872366394E1,-4.722679138E0,-6.162684631E-1
9.523611667E-1,1.790830948E1,-3.171903992E0,-1.639091492E0
9.622191666E-1,1.772359360E1,-3.298690338E0,-2.499053192E0
9.720761667E-1,1.710148727E1,-1.857038269E0,-3.551813965E0
9.819331666E-1,1.580233887E1,-1.351689148E0,-4.227658539E0
9.918211667E-1,1.417327652E1,-1.610351257E0,-3.899989929E0
1.001678167E0,1.265049316E1,-2.071841583E0,-3.213218079E0
1.011535167E0,1.078776672E1,-2.451302490E0,-2.188299408E0
1.021392167E0,9.303902435E0,-3.578757935E0,-9.208850098E-1
1.031280167E0,8.142018585E0,-4.459226990E0,-1.799258423E-1
1.041137167E0,5.634133759E0,-6.552474060E0,-3.453318787E0
1.050994167E0,3.158132629E0,-8.172255707E0,-7.987839203E0
1.060851167E0,4.610262909E0,-6.101461945E0,-6.263574829E0
1.070709167E0,6.992109833E0,-5.469476166E0,-3.276536407E0
1.080566167E0,8.217611389E0,-5.364843750E0,-1.423539734E0
1.090453167E0,8.523126068E0,-6.922354889E0,8.053253174E-2
1.100311167E0,7.941286011E0,-6.137536926E0,3.914360046E-1
1.110168167E0,7.264094238E0,-5.567522278E0,1.071322174E0
1.120025167E0,6.554420013E0,-4.630620575E0,2.399510193E0
1.129913167E0,5.767955475E0,-5.231321411E0,3.838467865E0
1.139770167E0,5.591472473E0,-5.056634674E0,4.755161591E0
1.149627167E0,5.998775482E0,-4.489763489E0,3.839964752E0
1.159515167E0,7.693251801E0,-5.640270996E0,1.862876129E0
1.169372167E0,9.875863037E0,-5.490881653E0,-3.447331238E-1
1.179229167E0,1.173514664E1,-5.889053650E0,-2.740800476E-1
1.189086167E0,1.292861481E1,-4.233945465E0,1.294208679E0
1.198974167E0,1.362317047E1,-2.736160126E0,1.173709259E0
1.208831167E0,1.195982941E1,-4.276157684E0,1.217118988E0
1.218688167E0,9.161698151E0,-4.687202911E0,5.748046875E-2
1.228576167E0,6.848408661E0,-6.090983734E0,1.767823792E0
1.238433167E0,5.878725128E0,-4.186194763E0,1.294058990E0
1.248290167E0,4.223766632E0,-5.169200592E0,5.319937134E-1
1.258147167E0,3.064577179E0,-5.169499969E0,-2.766247559E-1
1.268035167E0,4.074976044E0,-5.706732788E0,1.193019104E-1
1.277892167E0,5.636229401E0,-6.786886597E0,2.375559998E-1
1.287750167E0,7.335495758E0,-8.169561310E0,-2.778222656E-1
1.297607167E0,7.395071869E0,-8.695417786E0,-1.073567505E0
1.307494167E0,7.105573883E0,-9.395661621E0,-8.319699097E-1
1.317352167E0,6.359225922E0,-9.483678589E0,-1.155147858E0
1.327209167E0,5.870342560E0,-1.094748459E1,-8.539741516E-1
1.337096167E0,7.230563965E0,-1.110331055E1,9.931846619E-1
1.346954167E0,9.138496399E0,-1.140029297E1,1.267115021E0
1.356811167E0,1.263208145E1,-1.072564590E1,2.839295654E0
1.366668167E0,1.435469925E1,-9.975705414E0,1.250200195E0
1.376556167E0,1.466440521E1,-1.006566833E1,1.231189728E0
1.386413167E0,1.239093292E1,-9.261540527E0,6.831793213E-1
1.396270167E0,1.096439941E1,-7.756270752E0,-2.185455322E-2
1.406158167E0,9.115294647E0,-4.409380646E0,-1.688638458E0
1.416015167E0,8.342152405E0,-3.391347656E0,-1.785487061E0
1.425872167E0,6.046526184E0,-4.416116638E0,-1.286424866E0
1.435718792E0,5.063071289E0,-3.853736115E0,1.472188568E0
1.445575792E0,4.168830872E0,-2.488125916E0,4.786895599E0
1.455463792E0,4.159400482E0,-2.554737396E0,6.433172150E0
1.465320792E0,-1.296004944E0,-9.929900665E0,-3.016676788E0
1.475178792E0,-4.413721619E0,-1.497111740E1,-7.378905487E0
1.485065792E0,1.025667114E0,-9.151519318E0,2.210453339E0
1.494922792E0,3.025957489E0,-6.045927429E0,5.299429779E0
1.504780792E0,3.797902222E0,-5.075345764E0,5.190905457E0
1.514637792E0,4.026327209E0,-5.449567566E0,5.853427734E0
1.524524792E0,5.702541504E0,-6.769971771E0,7.901618500E0
1.534382792E0,6.953340454E0,-7.041207733E0,7.133415985E0
1.544239792E0,8.478818207E0,-6.584208069E0,5.716761932E0
1.554096792E0,5.820047150E0,-6.496490479E0,2.016307068E0
1.563984792E0,3.828438721E0,-6.398893433E0,-2.647544403E0
1.573841792E0,2.626887360E0,-7.309150543E0,-1.094568832E1
1.583698792E0,2.673739929E0,-8.404123535E0,-1.403750885E1
1.593586792E0,2.567311249E0,-8.078700256E0,-5.399870911E0
1.603443792E0,2.278561707E0,-7.564519501E0,-5.240602112E-1
1.613300792E0,1.349294128E0,-7.677833862E0,1.193917236E0
1.623157792E0,-2.770738220E-1,-7.386988678E0,1.557211761E0
1.633014792E0,-2.024090881E0,-7.788753204E0,1.831591187E0
1.642902792E0,-2.814447327E0,-8.458011475E0,1.579066315E0
1.652759792E0,-2.955753479E0,-9.170679474E0,1.227746887E0
1.662616792E0,-2.218835907E0,-9.542655945E0,1.520987091E0
1.672474792E0,-1.078357544E0,-9.035660248E0,6.587800598E-1
1.682361792E0,3.755690002E-1,-9.898316345E0,-1.028960266E0
1.692219792E0,2.835852814E0,-1.181837357E1,-1.822310486E0
1.702076792E0,4.744982758E0,-1.352228027E1,-3.102448425E0
1.711963792E0,4.897515564E0,-1.422926010E1,-3.764222260E0
1.721821792E0,3.510350189E0,-1.373408981E1,-2.543810120E0
1.731678792E0,5.730084229E-1,-1.436113586E1,-1.066532135E0
1.741535792E0,-2.540367279E0,-1.536345154E1,4.105961609E-1
1.751423792E0,-2.053729248E0,-1.164683029E1,1.163231049E0
1.761280792E0,7.056176605E0,1.414902695E1,8.852590942E-1
1.771137792E0,4.059558105E-1,-1.157692566E0,-3.128494263E-1
1.780994792E0,-2.079924774E0,-1.206895248E1,1.709445190E-1
1.790882792E0,1.643582153E-1,-1.318622910E1,1.271156616E0
1.800739792E0,6.671626282E-1,-1.584485046E1,1.858684845E0
1.810596792E0,1.808389435E0,-1.434676575E1,6.152206421E-1
1.820453792E0,2.496508484E0,-1.130299530E1,-4.514611816E-1
1.830341792E0,1.945055237E0,-1.083701431E1,-6.655160522E-1
1.840198792E0,1.824555817E0,-1.027643005E1,6.122268677E-2
1.850055792E0,2.156116333E0,-9.025032349E0,1.389261017E0
1.859913792E0,9.927355957E-1,-1.036474640E1,1.865420837E0
1.869770792E0,-6.496490479E-1,-1.204111038E1,6.622229004E-1
1.879657792E0,-4.177812195E-1,-8.739875336E0,1.167572021E-2
1.889515792E0,-1.530567169E0,-8.225844269E0,-2.218386841E-1
1.899372792E0,-1.855092316E0,-8.459358673E0,-1.848655701E-1
1.909229792E0,-2.134112091E0,-9.587113495E0,8.143066406E-2
1.919117792E0,-1.810036011E0,-1.035172348E1,3.385958862E-1
1.928974792E0,-1.572629700E0,-1.127530289E1,4.538562012E-1
1.938831792E0,-1.267713776E0,-1.094134735E1,3.251239014E-1
1.948688792E0,-2.876119080E0,-1.159907959E1,2.871029663E-1
1.958576792E0,-3.679498444E0,-1.159024796E1,2.314187622E-1
1.968433792E0,-3.723207550E0,-1.246413071E1,5.164260864E-1
1.978290792E0,-3.447480927E0,-1.388572449E1,8.042774963E-1
1.988178792E0,-3.017874298E0,-1.527962585E1,6.405180359E-1
1.998035792E0,-1.588197327E0,-1.612252304E1,-9.984237671E-2
2.007892792E0,-8.473878479E-1,-1.749980896E1,-8.222401428E-1
2.017750792E0,-1.058448944E0,-1.803943680E1,-1.240919495E-1
2.027637792E0,-1.874701538E0,-1.949965027E1,8.190966797E-1
2.037494792E0,-2.378553772E0,-2.013867142E1,1.608854370E0
2.047352792E0,-2.783312073E0,-1.726734238E1,1.755100250E0
2.057239792E0,-3.549418945E0,-1.421563843E1,1.699416046E0
2.067096792E0,-3.537443848E0,-1.189501419E1,1.846709747E0
2.076954792E0,-3.116070099E0,-9.138047333E0,1.461410980E0
2.086841792E0,-2.232906647E0,-5.662873993E0,1.719923401E-1
2.096699792E0,-3.149450684E-1,-1.772464142E0,-4.001179504E-1
2.106556792E0,4.559518433E-1,6.538403320E-1,-1.316063232E0
2.116413792E0,5.246589661E-1,1.395547943E0,-2.594704285E0
2.126301792E0,5.644761658E-1,1.366807709E0,-3.298091583E0
2.136158792E0,7.906558228E-1,7.442523193E-1,-2.598147125E0
2.146015792E0,9.663903809E-1,-5.035528564E-1,-1.594783630E0
2.155872792E0,1.102307739E0,-1.371298370E0,-6.367758179E-1
2.165760792E0,1.060694275E0,-3.956272888E0,9.156459045E-1
2.175617792E0,7.168592834E-1,-8.371042328E0,1.599723358E0
2.185474792E0,1.529818726E-1,-1.289239014E1,1.251248016E0
2.195331792E0,-4.749623108E-1,-1.624182495E1,5.551954651E-1
2.205219792E0,-1.068328400E0,-1.808778625E1,-8.053253174E-2
2.215076792E0,-1.321901093E0,-1.805111252E1,-4.312532043E-1
2.224933792E0,-1.335672455E0,-1.593720840E1,-2.445913696E-1
2.234821792E0,-1.488804016E0,-1.292562103E1,1.698966980E-1
2.244678792E0,-1.339714050E0,-1.066936295E1,2.930905151E-1
2.254535792E0,-7.797285461E-1,-8.841513977E0,2.065704346E-2
2.264423792E0,-2.189945984E-1,-7.424859924E0,-3.351530457E-1
2.274280792E0,2.897973633E-1,-6.590944061E0,-4.450245667E-1
2.284137792E0,8.009843445E-1,-6.530918884E0,-2.718347168E-1
2.294025792E0,1.055754547E0,-7.743247833E0,-7.484436035E-4
2.303882792E0,5.795947266E-1,-9.514664154E0,-3.996688843E-2
2.313740792E0,2.065704346E-1,-1.028735733E1,-2.327659607E-1
2.323597792E0,1.170565796E-1,-1.038869659E1,-2.526745605E-1
2.333484792E0,1.061293030E-1,-1.027358597E1,-1.046324158E-1
2.343342792E0,1.437011719E-1,-1.005953110E1,-3.068618774E-2
2.353199792E0,1.878593445E-1,-9.697284393E0,-1.206491089E-1
2.363086792E0,2.938389587E-1,-9.599387970E0,-2.826123047E-1
2.372944792E0,4.113446045E-1,-9.624535675E0,-3.168910217E-1
2.382801792E0,5.123844910E-1,-9.685458984E0,-2.903961182E-1
2.392658792E0,5.680686951E-1,-9.717492371E0,-2.887495422E-1
2.402546792E0,6.224057007E-1,-9.776918793E0,-2.094145203E-1
2.412403792E0,6.465055847E-1,-9.796528015E0,-1.830693054E-1
2.422260792E0,6.294410706E-1,-9.809700623E0,-1.660047913E-1
2.432138042E0,5.909710693E-1,-9.834249573E0,-1.606159973E-1
2.441995042E0,5.364843750E-1,-9.841434631E0,-1.574725342E-1
2.451852042E0,4.550537109E-1,-9.806557159E0,-1.713935852E-1
2.461709042E0,3.805087280E-1,-9.783654785E0,-2.115101624E-1
2.471597042E0,3.106040955E-1,-9.800419922E0,-2.131567383E-1
2.481454042E0,2.513273621E-1,-9.814490662E0,-1.796264648E-1
2.491311042E0,1.951940918E-1,-9.848619690E0,-1.170565796E-1
2.501199042E0,1.725910950E-1,-9.804311829E0,-7.394622803E-2
2.511056042E0,1.504371643E-1,-9.740993500E0,1.377136230E-2
2.520913042E0,1.187031555E-1,-9.706116028E0,6.436614990E-2
2.530771042E0,8.352630615E-2,-9.723779297E0,1.193019104E-1
2.540658042E0,4.655319214E-2,-9.746382294E0,7.753875732E-2
2.550515042E0,6.047424316E-2,-9.734556885E0,6.376739502E-2
2.560373042E0,8.247848511E-2,-9.773326263E0,5.912704468E-2
2.570260042E0,1.291813660E-1,-9.774523773E0,6.601272583E-2
2.580117042E0,1.883084106E-1,-9.731862488E0,5.927673340E-2
2.589975042E0,1.975891113E-1,-9.721234589E0,5.777984619E-2
2.599862042E0,1.811233521E-1,-9.751471710E0,6.780899048E-2
2.609720042E0,1.787283325E-1,-9.739047546E0,1.104702759E-1
2.619607042E0,1.562750244E-1,-9.741292877E0,1.369651794E-1
2.629464042E0,1.633103943E-1,-9.733209686E0,1.261875916E-1
2.639322042E0,1.746867371E-1,-9.782457275E0,6.227050781E-2
2.649209042E0,2.142045593E-1,-9.786049805E0,1.122665405E-2
2.659066042E0,2.460882568E-1,-9.794731750E0,-3.921844482E-2
2.668924042E0,2.757266235E-1,-9.778265991E0,-8.337661743E-2
2.678781042E0,2.865042114E-1,-9.777966614E0,-1.155596924E-1
2.688668042E0,3.106040955E-1,-9.768087158E0,-1.413061523E-1
2.698526042E0,3.017724609E-1,-9.737850037E0,-1.151106262E-1
2.708383042E0,3.083587646E-1,-9.728120270E0,-1.146615601E-1
2.718271042E0,3.082090759E-1,-9.711355133E0,-1.058299255E-1
2.728128042E0,3.694317627E-1,-9.732161865E0,-1.056802368E-1
2.737985042E0,3.817062378E-1,-9.803413696E0,-1.010398865E-1
2.747873042E0,3.758683777E-1,-9.820478210E0,-6.406677246E-2
2.757730042E0,3.950285339E-1,-9.831106110E0,-6.885681152E-3
2.767587042E0,3.285667419E-1,-9.807455292E0,-8.831634521E-3
2.777475042E0,2.255809021E-1,-9.772278442E0,-9.011260986E-2
2.787332042E0,2.017803955E-1,-9.738299103E0,-1.278341675E-1
2.797189042E0,2.136058044E-1,-9.787546692E0,-6.960525513E-2
2.807046042E0,1.978884888E-1,-9.840686188E0,-7.469467163E-2
2.816934042E0,1.363664246E-1,-9.841135254E0,-9.954299927E-2
2.826791042E0,7.035369873E-2,-9.793384552E0,-1.094224548E-1
2.836648042E0,5.703140259E-2,-9.856553192E0,-8.831634521E-2
2.846536042E0,2.544708252E-3,-9.954599304E0,-9.415420532E-2
2.856393042E0,-1.113684082E-1,-9.924811249E0,-2.041754150E-1
2.866250042E0,-1.917512512E-1,-9.916877747E0,-2.980302429E-1
2.876138042E0,-2.972817993E-1,-1.000758911E1,-4.014651489E-1
2.885995042E0,-3.626957703E-1,-1.001926483E1,-5.191204834E-1
2.895852042E0,-4.279600525E-1,-1.004291565E1,-6.923103333E-1
2.905740042E0,-5.242098999E-1,-9.964478760E0,-9.199868774E-1
2.915597042E0,-5.502557373E-1,-9.880054321E0,-1.079255676E0
2.925454042E0,-5.551954651E-1,-9.797126770E0,-1.029858398E0
2.935342042E0,-3.128494263E-1,-9.826016693E0,-7.667056274E-1
2.945199042E0,-1.287322998E-2,-9.842781830E0,-5.758525085E-1
2.955056042E0,7.604187012E-2,-9.822573853E0,-6.128256226E-1
2.964944042E0,9.969268799E-2,-9.758058014E0,-6.608757019E-1
2.974801042E0,1.417552185E-1,-9.749076691E0,-6.852749634E-1
2.984658042E0,2.338137817E-1,-9.748328247E0,-7.479945374E-1
2.994546042E0,1.869612122E-1,-9.680968323E0,-7.092251587E-1
3.004403042E0,6.840774536E-2,-9.665400696E0,-6.271957397E-1
3.014261042E0,6.406677246E-2,-9.532926178E0,-7.340734863E-1
3.024118042E0,1.549278259E-1,-9.386081543E0,-9.309141541E-1
3.034005042E0,3.336561584E-1,-9.349707184E0,-1.188678131E0
3.043863042E0,5.298980713E-1,-9.361083527E0,-1.518143005E0
3.053720042E0,7.062313843E-1,-9.332642670E0,-1.579814758E0
3.063607042E0,6.430627441E-1,-9.296717377E0,-1.304836578E0
3.073465042E0,4.830455017E-1,-9.305549011E0,-8.924441528E-1
3.083322042E0,2.004331970E-1,-9.387428741E0,-6.237528992E-1
3.093209042E0,2.529739380E-2,-9.611961823E0,-7.235952759E-1
3.103067042E0,8.726852417E-2,-9.854457550E0,-9.066645813E-1
3.112924042E0,2.158511353E-1,-9.857451324E0,-1.194965057E0
3.122812042E0,4.228706360E-1,-9.776918793E0,-1.323996735E0
3.132669042E0,5.767506409E-1,-9.648485870E0,-1.249451752E0
3.142526042E0,6.553372192E-1,-9.513766022E0,-1.158441010E0
3.152383042E0,7.470964050E-1,-9.418114929E0,-1.045725403E0
3.162271042E0,7.723937988E-1,-9.335935822E0,-9.144483948E-1
3.172128042E0,7.668553162E-1,-9.386979675E0,-7.699987793E-1
3.181985042E0,7.900570679E-1,-9.571096802E0,-6.827302551E-1
3.191873042E0,7.969427490E-1,-9.692494354E0,-5.739065552E-1
3.201730042E0,8.458909607E-1,-9.694290619E0,-2.850073242E-1
3.211587042E0,8.973838806E-1,-9.541907501E0,2.013313293E-1
3.221475042E0,1.003363495E0,-9.395661621E0,5.182223511E-1
3.231332042E0,1.097667389E0,-9.381740570E0,4.845423889E-1
3.241189042E0,1.127754822E0,-9.488019562E0,1.734892273E-1
3.251046042E0,1.136736145E0,-9.608219604E0,-2.454895020E-1
3.260934042E0,1.072519684E0,-9.513316956E0,-6.321354675E-1
3.270791042E0,8.575666809E-1,-9.345366211E0,-7.250921631E-1
3.280648042E0,7.596702576E-1,-9.259444885E0,-5.111869812E-1
3.290506042E0,1.004261627E0,-9.253457336E0,-7.575746155E-1
3.300393042E0,1.237027588E0,-9.487271118E0,-9.223818970E-1
3.310251042E0,1.747466125E0,-9.835447083E0,-6.493496704E-1
3.320108042E0,2.151475983E0,-1.010638367E1,-4.721182251E-1
3.329965042E0,2.251168671E0,-1.022583527E1,-3.787124634E-1
3.339853042E0,2.155367889E0,-1.020353165E1,-4.053570557E-1
3.349710042E0,1.822160797E0,-1.005054977E1,-9.602531433E-1
3.359567042E0,1.330433350E0,-9.953850861E0,-1.443897400E0
3.369424042E0,1.068178711E0,-9.805958405E0,-1.510059814E0
3.379312042E0,9.454339600E-1,-9.619895325E0,-1.269809418E0
3.389169042E0,9.463320923E-1,-9.524842987E0,-1.094374237E0
3.399026042E0,1.067579956E0,-9.517807617E0,-8.770262146E-1
3.408914042E0,1.203497314E0,-9.390721893E0,-6.735992432E-1
3.418771042E0,1.635199585E0,-9.253457336E0,-6.406677246E-1
3.428628042E0,2.070793762E0,-9.111702118E0,-6.674620056E-1
3.438518917E0,2.387086029E0,-9.069639587E0,-5.766009521E-1
3.448375917E0,2.559826813E0,-9.192234650E0,-2.433938599E-1
3.458232917E0,2.568059692E0,-9.278155975E0,-2.125579834E-1
3.468120917E0,2.317929840E0,-9.253008270E0,-8.523275757E-1
3.477977917E0,1.957479401E0,-9.038204956E0,-1.559756470E0
3.487834917E0,1.560654602E0,-8.824599152E0,-1.805545349E0
3.497722917E0,1.284628601E0,-8.783734131E0,-1.638193359E0
3.507579917E0,1.182241516E0,-8.784781952E0,-1.542841644E0
3.517436917E0,1.185235291E0,-8.866362305E0,-1.746867371E0
3.527324917E0,1.226399689E0,-8.823251953E0,-1.940414886E0
3.537181917E0,1.337019653E0,-8.683891754E0,-2.096839600E0
3.547038917E0,1.421444092E0,-8.557105408E0,-2.056124268E0
3.556926917E0,1.462458801E0,-8.540789337E0,-1.774260406E0
3.566783917E0,1.467398529E0,-8.628207550E0,-1.381028137E0
3.576640917E0,1.469045105E0,-8.888216858E0,-1.434167633E0
3.586528917E0,1.481768646E0,-9.087901611E0,-2.075883179E0
3.596385917E0,1.427581329E0,-8.999734955E0,-2.506238251E0
3.606273917E0,1.331181793E0,-8.805289307E0,-1.940414886E0
3.616130917E0,1.307081909E0,-8.691226501E0,-7.578739929E-1
3.625987917E0,1.414408722E0,-8.653804321E0,-2.513273621E-1
3.635875917E0,1.737436981E0,-8.680448914E0,-1.109043732E0
3.645732917E0,2.011067963E0,-8.555309143E0,-2.421364746E0
3.655589917E0,2.100731506E0,-8.171507263E0,-2.716251526E0
3.665477917E0,1.838476868E0,-7.785759430E0,-1.970951385E0
3.675334917E0,1.650318146E0,-7.385641479E0,-1.015787659E0
3.685222917E0,1.482816467E0,-7.024143219E0,-7.595205688E-1
3.695079917E0,1.336271210E0,-6.847660217E0,-1.216071167E0
3.704936917E0,1.266516266E0,-7.052584076E0,-2.088157654E0
3.714824917E0,1.120719452E0,-7.265591125E0,-2.466271362E0
3.724681917E0,1.077010345E0,-7.483088837E0,-1.757046204E0
3.734538917E0,1.098715210E0,-7.924820251E0,-9.136999512E-1
3.744426917E0,1.262474670E0,-8.586145020E0,-9.678872681E-1
3.754283917E0,1.538051605E0,-9.197174377E0,-1.999990997E0
3.764140917E0,1.781445465E0,-9.326954498E0,-2.830314331E0
3.773998917E0,2.016307068E0,-9.207353210E0,-2.566263428E0
3.783885917E0,2.232158203E0,-9.049431610E0,-2.023941193E0
3.793743917E0,2.355352020E0,-8.928034058E0,-1.733096008E0
3.803600917E0,2.526895294E0,-8.903185730E0,-2.401156769E0
3.813487917E0,2.470911713E0,-8.826994171E0,-2.886597290E0
3.823345917E0,2.420017548E0,-8.871002655E0,-3.051254883E0
3.833202917E0,2.329605560E0,-8.811725922E0,-2.988535309E0
3.843089917E0,2.274969177E0,-8.641829224E0,-1.856589203E0
3.852947917E0,2.269730072E0,-8.624016266E0,-3.899391174E-1
3.862804917E0,2.352657623E0,-9.010213165E0,-3.496728516E-1
3.872691917E0,2.553689575E0,-9.744735718E0,-2.384840698E0
3.882549917E0,2.540516968E0,-1.064526306E1,-4.900359650E0
3.892406917E0,2.471510468E0,-1.097008759E1,-5.956413574E0
3.902294917E0,2.688708801E0,-1.085497696E1,-5.687872009E0
3.912151917E0,3.003504181E0,-1.033929932E1,-4.010460205E0
3.922008917E0,3.248544617E0,-9.648485870E0,-2.165995789E0
3.931865917E0,3.209475861E0,-8.893455963E0,-1.340312805E0
3.941753917E0,2.807411957E0,-8.402776337E0,-1.768272858E0
3.951610917E0,2.209106140E0,-8.474926300E0,-2.535128174E0
3.961467917E0,1.661395111E0,-8.962013397E0,-3.188220062E0
3.971355917E0,1.090482330E0,-9.801168365E0,-3.325484619E0
3.981212917E0,6.044430542E-1,-1.108983856E1,-3.130589905E0
3.991069917E0,5.538482666E-3,-1.245230530E1,-3.235671387E0
4.000957917E0,-3.549119568E-1,-1.365310822E1,-2.621199188E0
4.010814917E0,-7.628137207E-1,-1.405756714E1,-1.834734650E0
4.020671917E0,-1.009201355E0,-1.359652588E1,-1.829944611E0
4.030559917E0,-7.958949280E-1,-1.321317307E1,-2.158361664E0
4.040416917E0,2.270777893E-1,-1.328532303E1,-2.651585999E0
4.050273917E0,1.038690033E0,-1.328637085E1,-2.716700592E0
4.060161917E0,1.934427338E0,-1.286335052E1,-2.817441101E0
4.070018917E0,3.365601196E0,-1.247505798E1,-2.661315765E0
4.079875917E0,4.416715393E0,-1.257130783E1,-2.876717834E0
4.089763917E0,4.357288971E0,-1.347872086E1,-5.742209015E0
4.099620917E0,3.767665100E0,-1.457519073E1,-9.258546753E0
4.109477917E0,2.630779266E0,-1.529788788E1,-1.013138168E1
4.119335917E0,1.016835480E0,-1.513143402E1,-8.582253113E0
4.129222917E0,-4.565505981E-2,-1.363709152E1,-6.467899933E0
4.139079917E0,-4.619393921E-1,-1.180205750E1,-4.342769165E0
4.148937917E0,-4.755610657E-1,-9.543853455E0,-2.819836121E0
4.158824917E0,-1.251397705E-1,-6.939419403E0,-2.312091980E0
4.168681917E0,2.568658447E-1,-3.894301758E0,-2.950065308E0
4.178539917E0,3.399430847E-1,-1.671274567E0,-3.272794189E0
4.188396917E0,5.763015747E-2,-5.725593567E-1,-3.624412994E0
4.198253917E0,-3.176394653E-1,-5.366340637E-1,-3.583547974E0
4.208141917E0,-7.713459778E-1,-1.284329224E0,-3.692521362E0
4.217998917E0,-9.768685913E-1,-1.779349823E0,-4.081262970E0
4.227855917E0,-1.219514008E0,-1.376986542E0,-4.482728119E0
4.237712917E0,-1.618733826E0,-1.102307739E0,-4.463567963E0
4.247600917E0,-1.851649475E0,-8.837622070E-1,-4.113446045E0
4.257457917E0,-1.936522980E0,-1.525328064E0,-3.429368591E0
4.267314917E0,-1.648970947E0,-1.936073914E0,-2.937940521E0
4.277171917E0,-1.035696259E0,-1.792372742E0,-2.822231140E0
4.287059917E0,-3.135978699E-1,-1.744472351E0,-3.025508423E0
4.296916917E0,3.969744873E-1,-1.878443756E0,-3.604803772E0
4.306804917E0,1.133742371E0,-1.978585510E0,-3.883823547E0
4.316661917E0,1.920206909E0,-2.118245087E0,-3.775149536E0
4.326518917E0,2.796484680E0,-2.368225250E0,-3.610491943E0
4.336376917E0,3.541036377E0,-2.532733154E0,-3.664828949E0
4.346263917E0,3.930227051E0,-3.098406830E0,-3.826043701E0
4.356120917E0,4.034111023E0,-4.347858582E0,-3.996239777E0
4.365978917E0,3.691922607E0,-6.251450043E0,-3.848646698E0
4.375865917E0,2.769241333E0,-8.490044861E0,-3.191363525E0
4.385722917E0,2.133962402E0,-1.000833755E1,-3.051703949E0
4.395580917E0,2.142045593E0,-1.150447632E1,-2.856659546E0
4.405467917E0,2.770289154E0,-1.294058990E1,-2.408341827E0
4.415325917E0,3.194357300E0,-1.358679611E1,-2.286794586E0
4.425182917E0,3.793710938E0,-1.306303528E1,-1.313219147E0
4.435027792E0,4.572691040E0,-1.111992599E1,-3.990701294E-1
4.444915792E0,4.441863098E0,-8.400381317E0,-1.166823578E0
4.454772792E0,3.459006958E0,-6.806795197E0,-2.809507599E0
4.464629792E0,2.583477631E0,-6.182593231E0,-4.103566589E0
4.474517792E0,1.903890839E0,-6.304739227E0,-5.253924408E0
4.484374792E0,1.389410706E0,-6.789730682E0,-6.562203827E0
4.494231792E0,1.153650970E0,-7.174879761E0,-7.443571014E0
4.504119792E0,1.013242950E0,-7.609725494E0,-7.035669250E0
4.513976792E0,8.352630615E-2,-8.301886139E0,-4.984484711E0
4.523833792E0,-1.493294678E0,-9.995464325E0,-2.147883453E0
4.533721792E0,-2.703527985E0,-1.237716156E1,-5.715115356E-1
4.543578792E0,-2.952310638E0,-1.557451263E1,-1.480421448E-1
4.553435792E0,-3.164868622E0,-1.975277390E1,1.610800323E0
4.563292792E0,-2.911744995E0,-2.307616287E1,2.762205963E0
4.573180792E0,-4.370910645E-2,-2.378553772E1,-2.454895020E-2
4.583037792E0,5.453309784E0,-1.632250717E1,-4.083807678E0
4.592925792E0,8.639434204E0,-1.139056320E1,-2.952310638E0
4.602782792E0,8.464747467E0,-1.010593460E1,-2.439926147E-1
4.612639792E0,6.085594940E0,-8.431815948E0,-1.397044830E0
4.622527792E0,3.881727905E0,-1.376253067E1,-5.138963470E0
4.632384792E0,3.798500977E0,-2.090552673E1,-5.809718628E0
4.642241792E0,5.284011841E0,-1.900986877E1,-3.963158569E0
4.652129792E0,5.181175690E0,-1.382869308E1,-5.998027039E-1
4.661986792E0,3.764222260E0,-1.075288925E1,2.663411407E0
4.671843792E0,2.654879150E0,-8.929530945E0,3.251538391E0
4.681731792E0,1.926493835E0,-7.325017548E0,2.091600494E0
4.691588792E0,1.569935303E0,-5.988896027E0,1.326691132E0
4.701445792E0,1.725312195E0,-5.661975861E0,1.300046539E0
4.711333792E0,2.158211975E0,-7.231911163E0,8.075706482E-1
4.721190792E0,2.451452179E0,-9.654323730E0,-1.054407349E0
4.731047792E0,2.426603851E0,-9.767937469E0,-3.435056763E0
4.740935792E0,1.914219360E0,-9.333690491E0,-5.288801880E0
4.750792792E0,1.174308014E0,-8.637039185E0,-6.471342773E0
4.760649792E0,5.698649597E-1,-7.664810944E0,-6.608307953E0
4.770537792E0,2.701881409E-1,-6.759792938E0,-6.210285645E0
4.780394792E0,3.719764709E-1,-6.210734711E0,-5.621859283E0
4.790251792E0,8.879534912E-1,-6.063441010E0,-5.054539032E0
4.800139792E0,1.708247681E0,-6.025719452E0,-3.944597168E0
4.809996792E0,2.522554321E0,-6.152356110E0,-2.405946808E0
4.819854792E0,2.858006744E0,-6.294261017E0,-9.960287476E-1
4.829741792E0,3.000061340E0,-6.288123779E0,-4.984634399E-2
4.839598792E0,3.221750336E0,-6.180347900E0,1.898052979E-1
4.849456792E0,3.493135986E0,-6.152356110E0,-1.002465363E0
4.859343792E0,3.875890045E0,-6.246959381E0,-3.701951752E0
4.869200792E0,4.039948883E0,-6.537804565E0,-5.359754333E0
4.879058792E0,3.361110535E0,-6.969506836E0,-4.063899078E0
4.888945792E0,2.552641754E0,-7.401957550E0,-8.631051636E-1
4.898803792E0,2.107617188E0,-7.988288269E0,1.454974365E0
4.908660792E0,2.246977386E0,-8.552764435E0,1.196162567E0
4.918547792E0,2.898422699E0,-8.937165070E0,-1.855691071E0
4.928405792E0,3.433709564E0,-9.138496399E0,-5.171595612E0
4.938262792E0,3.685635681E0,-9.274264069E0,-5.635930023E0
4.948119792E0,3.826642456E0,-9.312285004E0,-3.525468750E0
4.958007792E0,3.570375366E0,-9.097781067E0,-1.512454834E0
4.967864792E0,3.521576843E0,-8.714577942E0,-9.568103027E-1
4.977721792E0,3.715723114E0,-8.123756561E0,-1.885778503E0
4.987609792E0,4.099824371E0,-7.655380554E0,-3.401676178E0
4.997466792E0,4.301155701E0,-7.418123932E0,-3.636837158E0
5.007323792E0,4.502636719E0,-7.307953033E0,-1.957928467E0
5.017180792E0,4.887187042E0,-7.227719879E0,3.727249146E-2
5.027037792E0,5.568270721E0,-7.232509918E0,7.643106079E-1
5.036925792E0,6.508166199E0,-7.918233948E0,-1.061891785E0
5.046782792E0,7.421417084E0,-9.790390778E0,-4.726571045E0
5.056639792E0,7.659571838E0,-1.264764908E1,-6.870562592E0
5.066497792E0,7.166946259E0,-1.502066437E1,-5.776637421E0
5.076384792E0,7.472011871E0,-1.631771713E1,-3.526516571E0
5.086241792E0,8.041427765E0,-1.642669052E1,-2.257006531E0
5.096099792E0,8.092471619E0,-1.552406754E1,-2.920876007E0
5.105956792E0,7.451803894E0,-1.432850372E1,-5.145849152E0
5.115844792E0,6.432872772E0,-1.331705704E1,-6.499633942E0
5.125701792E0,5.185516663E0,-1.207359283E1,-6.120322723E0
5.135558792E0,4.001778259E0,-1.095931000E1,-4.805157623E0
5.145446792E0,3.443439331E0,-1.008632538E1,-3.468736725E0
5.155303792E0,3.245999908E0,-8.899293823E0,-3.451073456E0
5.165160792E0,3.171305237E0,-6.914421387E0,-4.475842438E0
5.175048792E0,2.800077209E0,-5.534590759E0,-5.332361298E0
5.184905792E0,2.320923615E0,-4.791086884E0,-5.721701660E0
5.194762792E0,1.555565186E0,-4.776716766E0,-6.203250275E0
5.204650792E0,7.640112305E-1,-4.237987061E0,-6.361022186E0
5.214507792E0,1.140628052E-1,-3.557801514E0,-5.510191498E0
5.224364792E0,-2.817141724E-1,-3.188669128E0,-4.574187927E0
5.234252792E0,-3.212319946E-1,-3.137774963E0,-3.668571167E0
5.244109792E0,2.008822632E-1,-2.871927795E0,-2.976709900E0
5.253997792E0,1.086141357E0,-2.487078094E0,-2.600841522E0
5.263854792E0,1.940564575E0,-1.781445465E0,-2.486179962E0
5.273711792E0,2.488425293E0,-1.017733612E0,-2.567460938E0
5.283599792E0,2.628833313E0,-4.403842163E-1,-2.831960907E0
5.293456792E0,2.667602692E0,-4.251159668E-2,-2.904110870E0
5.303313792E0,2.781964874E0,1.580712891E-1,-2.777474213E0
5.313201792E0,3.084336090E0,5.658233643E-2,-2.562521210E0
5.323058792E0,3.490441589E0,-2.101629639E-1,-2.588267670E0
5.332915792E0,4.002676392E0,-8.126600647E-1,-2.139949951E0
5.342803792E0,4.808750153E0,-1.824406128E0,-1.574575653E0
5.352660792E0,5.605094147E0,-3.432961121E0,-2.111808472E0
5.362517792E0,6.124364319E0,-6.042185211E0,-2.881208496E0
5.372405792E0,6.455475769E0,-8.697214050E0,-3.388204193E0
5.382262792E0,6.357729034E0,-1.208017914E1,-4.161346436E0
5.392119792E0,6.437812500E0,-1.552780975E1,-4.433031464E0
5.402007792E0,6.109096069E0,-1.701137466E1,-3.833228760E0
5.411864792E0,4.745731201E0,-1.552182220E1,-3.630250854E0
5.421721792E0,3.232527924E0,-1.244601837E1,-3.735182648E0
5.431609792E0,1.999242554E0,-9.302704926E0,-3.230881348E0
5.441436667E0,1.411564636E0,-7.124284973E0,-2.520009613E0
5.451293667E0,1.428180084E0,-5.832471313E0,-1.984123993E0
5.461181667E0,1.482367401E0,-5.090614014E0,-2.176024933E0
5.471038667E0,1.579515381E0,-5.475314026E0,-2.982248383E0
5.480895667E0,1.551972656E0,-6.623276825E0,-3.884871368E0
5.490783667E0,1.789678345E0,-8.580456848E0,-4.229454803E0
5.500640667E0,2.864293671E0,-1.160566589E1,-4.291875000E0
5.510497667E0,4.277205505E0,-1.487037689E1,-3.645070038E0
5.520385667E0,4.532724152E0,-1.671154816E1,-1.061442719E0
5.530242667E0,3.964954834E0,-1.701631439E1,3.101550293E-1
5.540099667E0,3.666774902E0,-1.593421463E1,-9.255253601E-1
5.549957667E0,4.861590271E0,-1.409169617E1,-2.163151703E0
5.559844667E0,7.122189331E0,-1.035022659E1,-1.358724518E0
5.569701667E0,9.258397064E0,-7.733069000E0,1.196461945E0
5.579559667E0,1.001477417E1,-7.270979919E0,4.044140167E0
5.589416667E0,8.758736115E0,-7.978857880E0,2.445165253E0
5.599304667E0,7.982151031E0,-1.302246964E1,-4.581223297E0
5.609161667E0,9.078471222E0,-1.858939316E1,-8.800050201E0
5.619018667E0,9.336384888E0,-1.712379089E1,-7.252119141E0
5.628906667E0,8.201145630E0,-1.065349594E1,-1.129102020E0
5.638763667E0,5.730233917E0,-8.211923218E0,3.874393158E0
5.648620667E0,3.957919464E0,-7.834707642E0,4.075125732E0
5.658477667E0,3.202141113E0,-7.423363037E0,9.186396790E-1
5.668365667E0,3.458557892E0,-7.607480164E0,-2.866539001E0
5.678222667E0,4.701722717E0,-8.638536072E0,-3.649710388E0
5.688079667E0,5.953270111E0,-9.109756165E0,-1.226100311E0
5.697936667E0,6.221212921E0,-8.572822723E0,-4.056564331E-2
5.707824667E0,5.727389832E0,-8.219707031E0,-9.342073059E-1
5.717681667E0,4.797074432E0,-8.031248932E0,-2.356549530E0
5.727538667E0,3.627855835E0,-7.915988617E0,-3.235072632E0
5.737426667E0,2.780917053E0,-7.580536194E0,-3.576961670E0
5.747283667E0,2.210303650E0,-7.271279297E0,-3.545227661E0
5.757140667E0,1.736538849E0,-7.040608978E0,-3.376977539E0
5.766998667E0,1.551673279E0,-6.918313293E0,-3.055446167E0
5.776885667E0,1.789828033E0,-6.822811890E0,-2.541415100E0
5.786742667E0,2.220332794E0,-6.432423706E0,-2.211201782E0
5.796600667E0,2.579436035E0,-5.999074860E0,-1.894161072E0
5.806457667E0,2.776426392E0,-5.799689484E0,-1.629810791E0
5.816345667E0,2.959346008E0,-5.833219757E0,-1.743723907E0
5.826202667E0,3.162772980E0,-6.092031555E0,-2.637964325E0
5.836059667E0,3.376528473E0,-6.441854095E0,-3.348087616E0
5.845916667E0,3.482208710E0,-6.919510803E0,-2.801723785E0
5.855804667E0,3.393143921E0,-7.260801086E0,-1.638642426E0
5.865661667E0,3.444786530E0,-7.348967743E0,-9.009764099E-1
5.875518667E0,3.589984589E0,-7.274722137E0,-1.070274353E0
5.885406667E0,3.825295258E0,-7.002887421E0,-1.430275726E0
5.895263667E0,3.869453430E0,-6.744973755E0,-1.404379578E0
5.905120667E0,3.898343353E0,-6.472390594E0,-1.236428833E0
5.914977667E0,4.299359436E0,-6.201753387E0,-1.878144379E0
5.924865667E0,4.831652527E0,-5.989494781E0,-2.683769073E0
5.934722667E0,5.362448730E0,-6.029162292E0,-2.703378296E0
5.944579667E0,5.944887543E0,-6.405629425E0,-2.585722961E0
5.954467667E0,6.680158539E0,-7.103328552E0,-3.416495361E0
5.964324667E0,6.932683411E0,-8.104446716E0,-3.030747528E0
5.974181667E0,6.433471527E0,-8.828191681E0,-1.319805450E0
5.984039667E0,5.862259369E0,-8.744216309E0,-6.589297485E-1
5.993926667E0,5.880521393E0,-8.849896545E0,-1.446891174E0
6.003784667E0,5.959706726E0,-9.641600189E0,-2.760709076E0
6.013641667E0,6.192173309E0,-1.074016571E1,-3.740272064E0
6.023498667E0,6.753356323E0,-1.173544601E1,-4.236939240E0
6.033386667E0,8.060438232E0,-1.217089050E1,-3.979324951E0
6.043243667E0,8.957073669E0,-1.228315704E1,-3.856879578E0
6.053100667E0,9.049132233E0,-1.239572296E1,-3.947590942E0
6.062988667E0,8.525820465E0,-1.256352402E1,-4.329297180E0
6.072845667E0,8.511899414E0,-1.256861343E1,-4.545896759E0
6.082732667E0,8.961714020E0,-1.242730728E1,-5.744304657E0
6.092590667E0,8.498726807E0,-1.273177414E1,-8.511600037E0
6.102447667E0,7.647596741E0,-1.295885193E1,-8.894054718E0
6.112335667E0,6.656507721E0,-1.161270126E1,-5.882317657E0
6.122192667E0,5.702391815E0,-9.694290619E0,-3.292553101E0
6.132049667E0,4.380790100E0,-8.212971039E0,-4.049978027E0
6.141937667E0,2.988086243E0,-7.037764893E0,-6.096073151E0
6.151794667E0,1.979783020E0,-5.830675049E0,-7.099286957E0
6.161651667E0,1.082848206E0,-5.062023468E0,-6.933431854E0
6.171539667E0,3.481759644E-1,-4.445904694E0,-5.937552795E0
6.181396667E0,-2.508782959E-1,-4.002676392E0,-4.543801117E0
6.191284667E0,-4.550537109E-1,-3.486699371E0,-3.692521362E0
6.201141667E0,-6.906637573E-1,-3.228636017E0,-3.865860901E0
6.210998667E0,-2.490820312E-1,-2.651436310E0,-3.316353607E0
6.220886667E0,8.271798706E-1,-2.417023773E0,-2.423161011E0
6.230743667E0,1.678609314E0,-2.433190155E0,-2.010918274E0
6.240600667E0,2.517764282E0,-2.477198639E0,-2.025438080E0
6.250488667E0,3.131488037E0,-2.486179962E0,-2.028431854E0
6.260345667E0,3.382965088E0,-2.432741089E0,-2.123035126E0
6.270232667E0,3.333118744E0,-2.415826263E0,-2.471360779E0
6.280090667E0,3.073708191E0,-2.360441437E0,-2.871478729E0
6.289947667E0,3.245401154E0,-1.900298309E0,-2.817890167E0
6.299835667E0,3.604055328E0,-1.742227020E0,-3.345243530E0
6.309692667E0,3.979324951E0,-1.878294067E0,-4.581223297E0
6.319549667E0,4.380191345E0,-2.329904938E0,-5.169499969E0
6.329437667E0,5.109774170E0,-3.196752319E0,-4.719385986E0
6.339294667E0,5.914201355E0,-4.460723877E0,-4.024980011E0
6.349181667E0,6.718778229E0,-6.216422882E0,-2.595901794E0
6.359039667E0,7.671397247E0,-8.884324951E0,-1.220561829E0
6.368896667E0,8.231831818E0,-1.273057663E1,-7.762857056E-1
6.378784667E0,8.513995056E0,-1.465123260E1,-8.361611938E-1
6.388641667E0,7.199877777E0,-1.319805450E1,-1.693727875E0
6.398498667E0,5.250032501E0,-1.091380463E1,-2.842139740E0
6.408386667E0,3.400478668E0,-8.947493591E0,-4.609065399E0
6.418243667E0,2.213746490E0,-7.312144318E0,-6.002966766E0
6.428130667E0,1.703008575E0,-6.260131989E0,-6.322552185E0
6.437999708E0,1.701661377E0,-5.719007263E0,-6.645580444E0
6.447856708E0,1.714534607E0,-6.004313965E0,-6.879094849E0
6.457743708E0,1.535207520E0,-6.622378693E0,-5.526657257E0
6.467601708E0,8.391549683E-1,-7.256460114E0,-1.744322662E0
6.477458708E0,1.407073975E-1,-9.147777100E0,1.839375000E0
6.487346708E0,8.202941895E-2,-1.248373993E1,1.916015625E0
6.497203708E0,1.085991669E0,-1.562435898E1,-1.334474945E0
6.507060708E0,3.316353607E0,-1.664329010E1,-6.599775696E-1
6.516948708E0,6.733896790E0,-1.540760971E1,1.014590149E0
6.526805708E0,1.083761307E1,-1.228929428E1,8.996292114E-1
6.536692708E0,1.441412567E1,-9.398056641E0,3.716172180E0
6.546550708E0,1.478280899E1,-9.056466980E0,4.397854614E0
6.556407708E0,1.157827286E1,-9.262139282E0,-1.352138214E0
6.566295708E0,8.844208374E0,-1.263776962E1,-8.123457184E0
6.576152708E0,8.862620087E0,-1.798509979E1,-7.642956390E0
6.586039708E0,9.107211456E0,-1.834899307E1,-6.229745178E0
6.595897708E0,8.121810608E0,-1.110061615E1,-1.796114960E0
6.605754708E0,5.929020538E0,-7.146289215E0,5.626948700E0
6.615641708E0,3.827241211E0,-6.519991608E0,5.694158936E0
6.625499708E0,1.932182007E0,-5.129383392E0,1.341510315E0
6.635356708E0,1.709145813E0,-4.297862549E0,-2.805166626E0
6.645243708E0,4.333787842E0,-6.517596588E0,-1.580413513E0
6.655101708E0,7.061415710E0,-1.083851120E1,1.589694214E-1
6.664958708E0,7.864645386E0,-1.275168274E1,-2.694396973E-1
6.674846708E0,7.934100952E0,-1.234632568E1,-8.737330627E-1
6.684703708E0,7.213200073E0,-9.832602997E0,-1.935624847E0
6.694590708E0,5.578000488E0,-7.359895020E0,-3.221750336E0
6.704448708E0,4.099824371E0,-6.425238647E0,-3.851640472E0
6.714305708E0,3.308719482E0,-6.511908417E0,-3.480412445E0
6.724192708E0,2.902464294E0,-6.943311310E0,-2.779270477E0
6.734050708E0,2.565365295E0,-6.955436096E0,-2.138303375E0
6.743907708E0,2.249821472E0,-6.844666443E0,-2.037113800E0
6.753795708E0,2.071691895E0,-6.536756744E0,-2.410287781E0
6.763652708E0,2.107766876E0,-5.833668823E0,-2.751428375E0
6.773509708E0,2.452200623E0,-5.158423004E0,-2.700534210E0
6.783366708E0,3.093616791E0,-4.814588013E0,-2.295476532E0
6.793254708E0,3.838018799E0,-4.904401245E0,-2.039059753E0
6.803111708E0,4.402944031E0,-5.355263672E0,-2.107617188E0
6.812968708E0,4.947361908E0,-5.913901978E0,-2.147883453E0
6.822825708E0,5.341791687E0,-6.403384094E0,-1.989213409E0
6.832713708E0,5.397326202E0,-6.519093475E0,-1.584904175E0
6.842570708E0,5.221891022E0,-6.534212036E0,-9.235794067E-1
6.852427708E0,4.955145721E0,-6.447093201E0,-5.427713013E-1
6.862285708E0,4.872218170E0,-6.337371368E0,-6.339317322E-1
6.872172708E0,4.853058014E0,-6.360124054E0,-1.006207581E0
6.882029708E0,4.846322021E0,-6.380781097E0,-1.735491028E0
6.891887708E0,4.862189026E0,-6.390810242E0,-2.432741089E0
6.901774708E0,5.019661560E0,-6.523733826E0,-2.742746429E0
6.911631708E0,5.139861603E0,-6.715036011E0,-2.365830231E0
6.921489708E0,5.395529938E0,-6.963070221E0,-1.874551849E0
6.931376708E0,6.058800659E0,-7.094496918E0,-1.722168732E0
6.941233708E0,6.678511963E0,-7.113507385E0,-1.447340240E0
6.951091708E0,7.209158478E0,-6.982230377E0,-1.209634552E0
6.960978708E0,7.444319458E0,-6.847809906E0,-1.583407288E0
6.970836708E0,7.345824280E0,-7.252568207E0,-2.731819153E0
6.980693708E0,7.436086578E0,-8.349636841E0,-3.895648956E0
6.990580708E0,7.702233124E0,-9.870623932E0,-4.732558594E0
7.000438708E0,8.353977814E0,-1.124431732E1,-5.791007538E0
7.010295708E0,9.321715393E0,-1.224259140E1,-5.771548004E0
7.020182708E0,1.028466293E1,-1.283565811E1,-4.541705475E0
7.030040708E0,1.034633469E1,-1.298220337E1,-2.771486664E0
7.039897708E0,9.850415955E0,-1.195997910E1,-2.081721039E0
7.049785708E0,9.325008545E0,-1.039034317E1,-2.607278137E0
7.059642708E0,9.041348419E0,-1.016655853E1,-4.932991791E0
7.069499708E0,8.310717773E0,-1.122889938E1,-8.400680695E0
7.079387708E0,7.441325684E0,-1.190040298E1,-9.686506805E0
7.089244708E0,6.671027527E0,-1.222193436E1,-7.086713104E0
7.099101708E0,5.504054260E0,-1.165581161E1,-4.965623932E0
7.108989708E0,4.664300537E0,-1.068747528E1,-4.799469452E0
7.118846708E0,3.925586700E0,-9.129814453E0,-5.277575226E0
7.128703708E0,3.095712433E0,-7.491471405E0,-5.709576874E0
7.138591708E0,2.036664734E0,-6.342011719E0,-5.688321075E0
7.148448708E0,1.018182678E0,-5.465883636E0,-5.489833832E0
7.158305708E0,3.203338623E-1,-4.775369568E0,-5.071603546E0
7.168193708E0,-1.516346741E-1,-4.348607025E0,-4.433929596E0
7.178050708E0,-1.823208618E-1,-3.894152069E0,-3.740571442E0
7.187938708E0,3.182382202E-1,-3.601809998E0,-2.869083710E0
7.197795708E0,1.085542603E0,-3.329675903E0,-1.804497528E0
7.207652708E0,1.812131653E0,-2.809956665E0,-1.037193146E0
7.217540708E0,2.393223267E0,-2.415077820E0,-9.499246216E-1
7.227397708E0,2.587369537E0,-1.950893097E0,-1.349443817E0
7.237254708E0,2.608325958E0,-1.363215179E0,-1.819616089E0
7.247142708E0,2.640059967E0,-7.670050049E-1,-2.288740540E0
7.256999708E0,2.664608917E0,-2.412982178E-1,-2.997366943E0
7.266856708E0,2.722089386E0,1.112187195E-1,-3.473826141E0
7.276744708E0,2.966531067E0,9.235794067E-2,-3.809877319E0
7.286601708E0,3.590134277E0,-4.641847229E-1,-3.798351288E0
7.296489708E0,4.497846680E0,-1.423539734E0,-3.756438446E0
7.306346708E0,5.714217224E0,-2.774330750E0,-3.300486603E0
7.316203708E0,6.725065155E0,-4.309987335E0,-2.888842621E0
7.326091708E0,7.554041290E0,-6.306086426E0,-2.426304474E0
7.335948708E0,7.999365234E0,-8.491541748E0,-1.696422272E0
7.345805708E0,8.099806366E0,-1.004995102E1,-1.223555603E0
7.355693708E0,7.692203979E0,-1.208841202E1,-1.389859772E0
7.365550708E0,7.048692169E0,-1.255693771E1,-1.478475494E0
7.375407708E0,5.382057953E0,-1.102562210E1,-2.082469482E0
7.385295708E0,3.707789612E0,-9.340576172E0,-3.467239838E0
7.395152708E0,2.621648254E0,-8.107889557E0,-4.872367859E0
7.405009708E0,2.404749298E0,-6.922504578E0,-5.328918457E0
7.414897708E0,2.884651337E0,-5.684878235E0,-5.196443939E0
7.424754708E0,3.474873962E0,-4.949307861E0,-5.082231445E0
7.434611708E0,4.084705811E0,-4.666695557E0,-4.869074707E0
7.444445042E0,4.195026398E0,-4.974006500E0,-4.170477448E0
7.454303042E0,3.766617279E0,-6.109096069E0,-1.516795807E0
7.464190042E0,3.323538666E0,-8.393345947E0,2.513273621E-1
7.474047042E0,3.622616730E0,-1.210397964E1,-7.610174561E-1
7.483905042E0,4.269571381E0,-1.699880081E1,-2.389630737E0
7.493792042E0,4.417014771E0,-2.034718781E1,-9.580078125E-3
7.503649042E0,5.784421234E0,-2.110625931E1,1.555265808E0
7.513507042E0,8.421786804E0,-1.832219879E1,1.819316711E0
7.523364042E0,1.180520096E1,-1.284643570E1,1.978884888E0
7.533251042E0,1.280542099E1,-8.674760742E0,-5.858816528E-1
7.543109042E0,1.002974304E1,-7.389533386E0,-6.217321014E0
7.552996042E0,7.115902405E0,-6.422095184E0,-5.790408783E0
7.562854042E0,5.057532806E0,-5.917195129E0,-2.260299683E-1
7.572711042E0,3.051554260E0,-6.974745941E0,1.931583252E0
7.582568042E0,2.051334229E0,-1.003602997E1,9.101074219E-2
7.592456042E0,6.217021637E0,-1.701092560E1,-1.294358368E0
7.602313042E0,1.190833649E1,-1.853625366E1,5.551954651E-1
7.612170042E0,1.332528992E1,-1.353560257E1,9.410929871E-1
7.622058042E0,1.180804504E1,-8.093968506E0,-3.054997101E0
7.631915042E0,9.263935547E0,-5.227279816E0,-4.417613525E0
7.641772042E0,6.347699890E0,-4.164489899E0,-1.239272919E0
7.651660042E0,4.313130798E0,-5.285209351E0,1.763931885E0
7.661517042E0,3.345542908E0,-7.710166626E0,2.292931824E0
7.671374042E0,2.954705658E0,-9.151519318E0,3.375480652E-1
7.681262042E0,3.012784882E0,-9.682016144E0,-2.785557404E0
7.691119042E0,2.792293396E0,-9.501491547E0,-4.155209198E0
7.700976042E0,2.594554596E0,-8.444539490E0,-3.567830658E0
7.710864042E0,2.673590240E0,-7.285499725E0,-2.830763397E0
7.720721042E0,2.567161560E0,-6.636299744E0,-2.722837830E0
7.730578042E0,2.138303375E0,-6.405629425E0,-2.872975616E0
7.740466042E0,1.847607880E0,-6.125711517E0,-4.249064026E0
7.750323042E0,2.008972321E0,-5.675597534E0,-5.076842651E0
7.760180042E0,2.621648254E0,-5.415588226E0,-3.590134277E0
7.770068042E0,3.519181824E0,-5.379662933E0,-1.190773773E0
7.779925042E0,4.499343567E0,-5.247936859E0,5.649252319E-1
7.789782042E0,4.912933502E0,-5.383105774E0,1.270408173E0
7.799670042E0,4.938979340E0,-5.624254303E0,7.866142273E-1
7.809527042E0,5.141807556E0,-5.498216400E0,-3.879931641E-1
7.819384042E0,5.598507843E0,-5.187163239E0,-1.471889191E0
7.829272042E0,6.294859772E0,-4.770729218E0,-2.127076721E0
7.839129042E0,6.646029510E0,-4.336332550E0,-2.138003998E0
7.848986042E0,6.542444916E0,-4.210893402E0,-1.249601440E0
7.858874042E0,6.299799500E0,-4.168681183E0,-9.710307312E-1
7.868731042E0,6.158044281E0,-4.492308197E0,-1.307680664E0
7.878588042E0,5.896987152E0,-5.366041260E0,-1.530118103E0
7.888476042E0,5.929619293E0,-6.638844452E0,-1.631457367E0
7.898333042E0,6.314319305E0,-7.916138306E0,-2.205064545E0
7.908190042E0,6.719826050E0,-8.981472931E0,-3.149450684E0
7.918048042E0,6.771169281E0,-9.364676056E0,-3.790567474E0
7.927935042E0,6.139333191E0,-8.596174164E0,-2.758314056E0
7.937793042E0,5.583239594E0,-7.691904602E0,-9.743238831E-1
7.947680042E0,5.674100647E0,-8.012088776E0,-1.110839996E0
7.957537042E0,5.954018555E0,-9.860445099E0,-4.093238068E0
7.967395042E0,6.797514496E0,-1.262414795E1,-6.786587219E0
7.977252042E0,7.922574921E0,-1.503967484E1,-6.850653992E0
7.987139042E0,9.040749664E0,-1.626173355E1,-5.069208527E0
7.996997042E0,9.365274811E0,-1.579904572E1,-2.711162109E0
8.006854042E0,8.541088715E0,-1.409034897E1,-7.107220459E-1
8.016741042E0,8.242609406E0,-1.067370392E1,-5.827381897E-1
8.026599042E0,8.227790222E0,-8.294252014E0,-3.478915558E0
8.036486042E0,8.444838867E0,-8.413254547E0,-6.935677185E0
8.046344042E0,9.018595734E0,-9.710457001E0,-8.202043762E0
8.056201042E0,8.758885803E0,-1.024035507E1,-7.648644562E0
8.066088042E0,7.640261993E0,-9.841434631E0,-6.957531738E0
8.075946042E0,6.430477753E0,-8.704548798E0,-6.379284210E0
8.085803042E0,5.213209076E0,-7.440726929E0,-5.949527893E0
8.095690042E0,3.884422302E0,-6.047723694E0,-5.675896912E0
8.105548042E0,2.491269379E0,-5.042414246E0,-5.577551422E0
8.115405042E0,1.265318756E0,-4.500391388E0,-5.696104889E0
8.125293042E0,8.086184692E-1,-3.841012573E0,-5.808521118E0
8.135150042E0,1.007854156E0,-3.256029053E0,-5.576653290E0
8.145007042E0,1.665885773E0,-2.956651611E0,-4.771926727E0
8.154864042E0,2.482587433E0,-2.770438843E0,-3.677702179E0
8.164752042E0,3.345542908E0,-2.361788635E0,-2.336640930E0
8.174609042E0,3.908671875E0,-1.579814758E0,-1.695075073E0
8.184466042E0,4.097429352E0,-6.966513062E-1,-1.362167358E0
8.194323042E0,3.926035767E0,3.442840576E-3,-1.427281952E0
8.204211042E0,3.410507812E0,5.417234802E-1,-1.725312195E0
8.214068042E0,2.574047241E0,8.149053955E-1,-1.947749634E0
8.223925042E0,1.863474884E0,7.694000244E-1,-2.040257263E0
8.233782042E0,1.744322662E0,4.628375244E-1,-1.967957611E0
8.243670042E0,2.051184540E0,-2.095642090E-3,-2.089355164E0
8.253527042E0,2.781815186E0,-2.103126526E-1,-1.653012543E0
8.263385042E0,3.729494476E0,-6.839277649E-1,-1.440903625E0
8.273272042E0,4.687202911E0,-2.197580109E0,-1.703906708E0
8.283129042E0,5.887257385E0,-4.706213379E0,-2.634521484E0
8.292987042E0,6.846462708E0,-6.968758392E0,-2.851719818E0
8.302874042E0,7.169341278E0,-8.874744873E0,-2.290836182E0
8.312731042E0,7.542515259E0,-1.193528046E1,-1.753303986E0
8.322619042E0,7.592211914E0,-1.428973434E1,-2.124831390E0
8.332476042E0,6.368955688E0,-1.378064301E1,-3.056643677E0
8.342334042E0,4.889132996E0,-1.148591492E1,-3.856729889E0
8.352221042E0,3.605552216E0,-8.921447754E0,-3.815116425E0
8.362078042E0,3.114273834E0,-7.426805878E0,-3.396886139E0
8.371936042E0,3.069965973E0,-6.892117767E0,-3.161575470E0
8.381823042E0,3.370690613E0,-6.984625397E0,-2.866539001E0
8.391680042E0,3.007545776E0,-7.513475647E0,-4.080215149E0
8.401538042E0,2.213896179E0,-8.393645325E0,-6.974446564E0
8.411425042E0,1.185834045E0,-1.012359787E1,-6.126459961E0
8.421282042E0,7.731422424E-1,-1.154129974E1,-2.445015564E0
8.431140042E0,1.488654327E0,-1.325029587E1,1.134041748E0
8.441020042E0,3.338806915E0,-1.479508347E1,4.447850647E0
8.450878042E0,5.764961700E0,-1.606279724E1,5.012775879E0
8.460735042E0,9.828860779E0,-1.607162888E1,2.688409424E0
8.470622042E0,1.502171219E1,-1.353290817E1,-1.842219086E0
8.480480042E0,1.796279617E1,-9.654922485E0,-3.395988007E0
8.490337042E0,1.471470062E1,-7.653883667E0,-3.016676788E0
8.500224042E0,8.656049652E0,-9.041947174E0,-4.997058563E0
8.510082042E0,6.278244324E0,-1.199545532E1,-3.962410126E0
8.519939042E0,7.552694092E0,-1.547032928E1,-1.601968689E0
8.529827042E0,9.561367035E0,-1.621398285E1,-1.817071381E0
8.539684042E0,9.394314423E0,-1.181762512E1,-4.191284180E-3
8.549541042E0,7.716453552E0,-7.769892426E0,2.730621643E0
8.559398042E0,6.129603424E0,-5.924829254E0,2.822081451E0
8.569286042E0,5.017715607E0,-4.489164734E0,1.014889526E0
8.579143042E0,4.541555786E0,-3.405119019E0,2.180964661E-1
8.589000042E0,4.604574738E0,-3.179089050E0,5.053491211E-1
8.598888042E0,5.187761993E0,-5.130431213E0,6.045927429E-1
8.608745042E0,6.056405640E0,-7.470514984E0,-4.429289246E-1
8.618602042E0,6.537205811E0,-8.517587585E0,-2.664459229E0
8.628490042E0,6.623576202E0,-9.024433594E0,-4.233795776E0
8.638347042E0,6.171815643E0,-9.100924530E0,-4.388573914E0
8.648204042E0,5.132826233E0,-8.923992462E0,-3.719465332E0
8.658092042E0,4.002526703E0,-8.378227386E0,-3.566932526E0
8.667949042E0,3.211421814E0,-7.718100128E0,-3.240760803E0
8.677806042E0,2.798131256E0,-6.904990997E0,-2.197430420E0
8.687694042E0,2.766397247E0,-5.939648438E0,-1.002764740E0
8.697551042E0,2.931503906E0,-5.244793396E0,-6.824308777E-1
8.707408042E0,3.246448975E0,-4.718936920E0,-8.824150085E-1
8.717296042E0,3.701951752E0,-4.367617493E0,-1.165476379E0
8.727153042E0,4.175716553E0,-4.080664215E0,-1.932182007E0
8.737010042E0,4.643344116E0,-4.035308533E0,-2.621797943E0
8.746868042E0,4.963528290E0,-4.559069366E0,-2.616558838E0
8.756755042E0,5.250930634E0,-5.497318268E0,-1.996099091E0
8.766612042E0,5.544021149E0,-6.522835693E0,-1.202150116E0
8.776470042E0,6.016289062E0,-7.228019257E0,-1.041384430E0
8.786357042E0,6.454427948E0,-7.540868683E0,-1.520088959E0
8.796214042E0,6.458170166E0,-7.050488434E0,-2.307301941E0
8.806072042E0,6.005361786E0,-5.780529327E0,-2.693349152E0
8.815959042E0,4.966372375E0,-4.339026947E0,-2.860551453E0
8.825817042E0,3.973337402E0,-4.639302521E0,-3.137176208E0
8.835674042E0,3.895798645E0,-5.505700836E0,-3.278332672E0
8.845531042E0,4.277804260E0,-6.014792175E0,-2.787353668E0
8.855419042E0,4.749323730E0,-6.331383820E0,-1.709295502E0
8.865276042E0,5.247637482E0,-7.112459564E0,-1.065035248E0
8.875133042E0,6.011948090E0,-8.807983704E0,-1.888622589E0
8.884990042E0,6.943910065E0,-1.158291321E1,-5.396727448E0
8.894878042E0,8.890611877E0,-1.400382889E1,-7.649991760E0
8.904735042E0,1.149070496E1,-1.566492462E1,-5.644611969E0
8.914592042E0,1.300854858E1,-1.619976242E1,-2.394420776E0
8.924480042E0,1.243763580E1,-1.451007614E1,-2.618055725E-1
8.934337042E0,1.107142685E1,-1.221669525E1,-9.940827942E-1
8.944194042E0,1.048704208E1,-1.057655594E1,-3.766317902E0
8.954082042E0,1.057326279E1,-9.486073608E0,-6.154451752E0
8.963939042E0,1.046473846E1,-9.453291779E0,-7.464377747E0
8.973796042E0,9.484876099E0,-9.901908875E0,-7.419920197E0
8.983684042E0,7.831115112E0,-1.036025574E1,-6.159241791E0
8.993541042E0,6.191724243E0,-9.873318329E0,-4.409380646E0
9.003398042E0,4.859195251E0,-8.740025024E0,-3.599564667E0
9.013255042E0,3.708388367E0,-7.709118805E0,-3.660487976E0
9.023143042E0,2.790197754E0,-7.080875244E0,-3.810925140E0
9.033000042E0,2.054028625E0,-6.366261292E0,-3.915407867E0
9.042858042E0,1.548679504E0,-5.390889587E0,-3.797453156E0
9.052745042E0,1.150208130E0,-4.383484497E0,-3.485352173E0
9.062602042E0,9.452842712E-1,-3.520828400E0,-2.980003052E0
9.072460042E0,7.927514648E-1,-2.786305847E0,-2.585423584E0
9.082347042E0,7.717950439E-1,-2.400108948E0,-2.311942291E0
9.092204042E0,9.428892517E-1,-2.111658783E0,-1.999392242E0
9.102062042E0,1.205443268E0,-1.948049011E0,-1.744771729E0
9.111949042E0,1.551074524E0,-2.001936951E0,-1.823957062E0
9.121807042E0,1.878892822E0,-1.713486786E0,-1.995500336E0
9.131664042E0,2.244881744E0,-1.165626068E0,-2.324665833E0
9.141551042E0,2.594704285E0,-5.617817688E-1,-2.678679657E0
9.151409042E0,3.071313171E0,-9.505233765E-2,-2.624941406E0
9.161266042E0,3.857328644E0,3.308120728E-2,-2.315983887E0
9.171153042E0,5.026247864E0,-1.697470093E-1,-2.015408936E0
9.181011042E0,6.241420898E0,-6.042933655E-1,-1.958976288E0
9.190868042E0,7.303312683E0,-1.564396820E0,-2.030078430E0
9.200755042E0,8.069868622E0,-3.165317688E0,-2.255958710E0
9.210613042E0,8.283624115E0,-5.235961761E0,-2.057022400E0
9.220470042E0,8.371192017E0,-8.165220337E0,-1.811832275E0
9.230358042E0,8.988358612E0,-1.127679977E1,-1.911824341E0
9.240215042E0,9.185348969E0,-1.367376526E1,-2.525248718E0
9.250072042E0,7.927065582E0,-1.346734451E1,-2.391726379E0
9.259960042E0,6.343807983E0,-1.118294495E1,-2.468367004E0
9.269817042E0,4.914430389E0,-8.579708405E0,-2.983146515E0
9.279674042E0,3.919599152E0,-6.695726166E0,-3.706442413E0
9.289562042E0,3.352278900E0,-5.844596100E0,-4.876409454E0
9.299419042E0,2.763104095E0,-5.753435669E0,-5.372477875E0
9.309276042E0,1.805545349E0,-6.899901581E0,-4.125121765E0
9.319164042E0,7.638615417E-1,-9.059909821E0,-1.835932159E0
9.329021042E0,6.477030945E-1,-1.251023483E1,-2.164349213E0
9.338878042E0,1.166374512E0,-1.624691437E1,-2.025438080E0
9.348735042E0,2.206860809E0,-1.820948318E1,1.793270874E0
9.358623042E0,4.530927887E0,-1.794992294E1,3.189716949E0
9.368480042E0,8.951086121E0,-1.502844818E1,-6.412664795E-1
9.378337042E0,1.340507401E1,-8.816066895E0,-3.300935669E0
9.388225042E0,1.489507553E1,-4.862338715E0,-2.465373230E-1
9.398082042E0,1.265827698E1,-5.118007050E0,-2.082170105E-1
9.407939042E0,9.010512543E0,-7.872728577E0,-2.275418243E0
9.417827042E0,9.633516998E0,-1.279643967E1,-2.257305908E0
9.427684042E0,1.259855118E1,-1.786968979E1,-1.682650909E0
9.437541042E0,1.401490585E1,-1.844763794E1,-2.710263977E0
9.447414292E0,1.121677460E1,-1.123144409E1,-1.290316772E0
9.457271292E0,7.280559998E0,-6.756050720E0,1.731299744E0
9.467128292E0,5.276078339E0,-4.716841278E0,1.313069458E0
9.477016292E0,3.648213501E0,-3.336711273E0,-3.439846802E-1
9.486873292E0,2.907254333E0,-2.798730011E0,-1.428030396E-1
9.496730292E0,2.912792816E0,-4.166136475E0,1.995799713E0
9.506588292E0,3.473377075E0,-7.382198639E0,2.381397858E0
9.516475292E0,4.692741394E0,-9.929152222E0,3.321592712E-1
9.526333292E0,6.601571960E0,-1.120988892E1,-2.457290039E0
9.536190292E0,7.333250427E0,-1.053344559E1,-3.998036041E0
9.546077292E0,6.520590363E0,-8.693771210E0,-4.204606476E0
9.555935292E0,5.420977020E0,-7.245981903E0,-3.964805145E0
9.565792292E0,4.510420532E0,-6.677763519E0,-3.057242432E0
9.575679292E0,3.861968994E0,-6.561006317E0,-3.018173676E0
9.585537292E0,3.547323303E0,-6.676715698E0,-2.928510132E0
9.595394292E0,3.390449524E0,-6.870412903E0,-1.952988739E0
9.605281292E0,3.479963379E0,-6.926546173E0,-1.008003845E0
9.615139292E0,3.718118134E0,-6.726711731E0,-7.086264038E-1
9.624996292E0,4.012555847E0,-6.132148132E0,-6.060896301E-1
9.634853292E0,4.305496674E0,-5.351072388E0,-7.702981567E-1
9.644741292E0,4.602778473E0,-4.755610657E0,-1.387913818E0
9.654598292E0,5.116061096E0,-4.384831696E0,-2.669548645E0
9.664455292E0,5.729186096E0,-4.317322083E0,-3.395838318E0
9.674343292E0,6.372997284E0,-4.589156799E0,-2.531984711E0
9.684200292E0,6.813082123E0,-5.284610596E0,-9.309141541E-1
9.694057292E0,6.623127136E0,-6.102360077E0,3.525169373E-1
9.703945292E0,6.348448334E0,-6.687193909E0,6.987469482E-1
9.713802292E0,6.235583038E0,-7.072043610E0,-3.682342529E-2
9.723659292E0,6.198460236E0,-7.161407776E0,-1.523531799E0
9.733547292E0,5.960155792E0,-7.305408325E0,-3.243006134E0
9.743404292E0,5.443430328E0,-7.778125305E0,-5.030139771E0
9.753261292E0,4.696184235E0,-7.844736786E0,-5.145100708E0
9.763149292E0,4.195475464E0,-7.006330261E0,-2.817291412E0
9.773006292E0,4.051025848E0,-6.142476654E0,-7.246430969E-1
9.782863292E0,4.035458221E0,-5.682932281E0,-5.078938293E-1
9.792720292E0,4.512366486E0,-5.538033600E0,-1.580413513E0
9.802608292E0,5.356610870E0,-5.733527069E0,-2.482288055E0
9.812465292E0,6.066584473E0,-6.657256165E0,-2.955603790E0
9.822323292E0,6.538103943E0,-8.055648193E0,-3.764521637E0
9.832180292E0,7.509434052E0,-9.909692688E0,-4.841831360E0
9.842067292E0,8.956474915E0,-1.183244431E1,-4.815186768E0
9.851925292E0,1.031534912E1,-1.317395462E1,-3.272494812E0
9.861782292E0,1.124057510E1,-1.283520905E1,-1.835782471E0
9.871639292E0,1.118998032E1,-1.170101761E1,-2.180814972E0
9.881527292E0,9.910890198E0,-1.098819992E1,-3.157833252E0
9.891384292E0,8.648116150E0,-1.063598236E1,-3.249143372E0
9.901241292E0,8.364156647E0,-9.984836426E0,-3.750001831E0
9.911098292E0,8.840316467E0,-9.082063751E0,-4.340823212E0
9.920986292E0,9.211544495E0,-8.101602631E0,-4.336332550E0
9.930843292E0,8.611143036E0,-8.284522247E0,-4.564308472E0
9.940700292E0,7.438780975E0,-8.950187988E0,-4.960085449E0
9.950557292E0,6.190227356E0,-9.613758087E0,-5.135221252E0
9.960415292E0,5.155129852E0,-9.843679962E0,-5.247038727E0
9.970302292E0,4.384382629E0,-9.369166718E0,-5.318140869E0
9.980159292E0,3.869004364E0,-8.571176147E0,-5.171296234E0
9.990017292E0,3.632196808E0,-7.658973083E0,-4.703518982E0
9.999874292E0,3.313509521E0,-6.653513947E0,-4.290827179E0
1.000976129E1,2.779869232E0,-5.503156128E0,-4.012855225E0
1.001961929E1,2.315385132E0,-4.528233490E0,-3.582200775E0
1.002947629E1,2.044747925E0,-3.578159180E0,-3.034639435E0
1.003933329E1,1.645378418E0,-3.065625000E0,-2.809208221E0
1.004922129E1,1.362017670E0,-2.786605225E0,-2.406994629E0
1.005907829E1,1.331780548E0,-2.647245026E0,-2.067799988E0
1.006893529E1,1.466350708E0,-2.571502533E0,-1.978735199E0
1.007882329E1,1.738784180E0,-2.571352844E0,-2.159708862E0
1.008868029E1,2.028431854E0,-2.561174011E0,-2.280507660E0
1.009853729E1,2.198777618E0,-2.446811829E0,-2.270927582E0
1.010839429E1,2.329455872E0,-2.179467773E0,-2.186203766E0
1.011828229E1,2.582280121E0,-1.705253906E0,-2.332299957E0
1.012813929E1,3.131488037E0,-1.373843079E0,-2.445314941E0
1.013799629E1,4.021986237E0,-1.224603424E0,-2.825673981E0
1.014785429E1,5.331014099E0,-1.489103394E0,-3.305126953E0
1.015774129E1,6.724167023E0,-2.199975128E0,-3.741768951E0
1.016759829E1,8.008047180E0,-2.972219238E0,-3.647614746E0
1.017745629E1,8.937763824E0,-3.948938141E0,-2.965333557E0
1.018734329E1,9.698481903E0,-5.705235901E0,-2.551743622E0
1.019720029E1,1.059137512E1,-8.649014282E0,-2.585573273E0
1.020705829E1,1.112127319E1,-1.015114059E1,-2.998115387E0
1.021694529E1,9.501641235E0,-9.441466370E0,-3.038681030E0
1.022680229E1,6.616690521E0,-8.264613647E0,-2.679128723E0
1.023666029E1,4.953199768E0,-7.065906372E0,-2.732866974E0
1.024654729E1,4.044140167E0,-5.823040924E0,-3.281476135E0
1.025640529E1,2.966531067E0,-5.193450165E0,-3.125350800E0
1.026626229E1,1.857187958E0,-5.241051178E0,-1.149309998E0
1.027614929E1,8.616082764E-1,-6.841672668E0,5.029541016E-1
1.028600729E1,4.385879517E-2,-1.116573074E1,-2.036664734E0
1.029586429E1,3.354524231E-1,-1.680914520E1,-8.513995056E0
1.030572129E1,2.352807312E0,-1.962000000E1,-9.722132721E0
1.031560929E1,4.768184509E0,-1.838611588E1,-2.302511902E0
1.032546629E1,7.450905762E0,-1.539368866E1,4.967569885E0
1.033532329E1,1.045006897E1,-1.275767029E1,6.122867432E0
1.034521129E1,1.256651779E1,-1.108624603E1,3.994443512E0
1.035506829E1,1.119611755E1,-9.951904907E0,-6.691085815E-1
1.036492529E1,8.934620361E0,-1.045800247E1,-6.136788483E0
1.037481329E1,9.977351990E0,-1.369397324E1,-7.647447052E0
1.038467029E1,1.250409760E1,-1.552331909E1,-4.831203461E0
1.039452729E1,1.296154633E1,-1.384156631E1,-1.794618073E0
1.040441529E1,9.686207428E0,-9.598340149E0,1.310674438E0
1.041427229E1,5.961502991E0,-7.746690674E0,4.097429352E0
1.042412929E1,3.664379883E0,-6.609355774E0,3.959116974E0
1.043401729E1,2.532583466E0,-4.768483887E0,1.882784729E0
1.044386992E1,2.926264801E0,-3.804787903E0,-1.721420288E-1
1.045372692E1,5.150339813E0,-6.028413849E0,-9.111552429E-1
1.046361492E1,7.299720154E0,-8.360414429E0,-1.763183441E0
1.047347192E1,8.872200165E0,-9.815688171E0,-1.556014252E0
1.048332892E1,8.977581024E0,-9.572294312E0,-9.889933777E-1
1.049318592E1,7.981552277E0,-8.453820190E0,-1.181642761E0
1.050307392E1,6.389612732E0,-7.505093079E0,-2.708318024E0
1.051293092E1,4.779560852E0,-7.244035950E0,-3.955823822E0
1.052278792E1,3.626957703E0,-7.052135010E0,-3.769611053E0
1.053267592E1,2.796035614E0,-7.088509369E0,-3.063080292E0
1.054253292E1,2.325713654E0,-7.440876617E0,-2.362986145E0
1.055239092E1,2.215542755E0,-7.661218414E0,-1.499431915E0
1.056227792E1,2.469414825E0,-7.492219849E0,-5.571414185E-1
1.057213492E1,2.774181061E0,-7.160359955E0,-2.794688416E-1
1.058199292E1,3.283122711E0,-6.755901031E0,-9.403445435E-1
1.059187992E1,3.883823547E0,-6.430178375E0,-1.797611847E0
1.060173692E1,4.571343842E0,-6.336622925E0,-2.425705719E0
1.061159492E1,5.161267090E0,-6.451134796E0,-2.333497467E0
1.062148192E1,5.544470215E0,-6.505621490E0,-1.487606506E0
1.063133992E1,5.862109680E0,-6.049969025E0,-6.093827820E-1
1.064119692E1,6.059998169E0,-5.353617096E0,1.299298096E-1
1.065108392E1,6.107299805E0,-4.833299103E0,2.856060791E-1
1.066094192E1,6.121669922E0,-4.704716492E0,-1.288819885E-1
1.067079892E1,5.900280304E0,-4.968168640E0,-7.647596741E-1
1.068068592E1,5.381010132E0,-5.604645081E0,-1.205443268E0
1.069054392E1,4.646188202E0,-6.600075073E0,-1.334325256E0
1.070040092E1,4.137096863E0,-7.219636688E0,-1.734892273E0
1.071028792E1,4.235442352E0,-7.578590240E0,-2.496059418E0
1.072014592E1,4.627926178E0,-7.790250092E0,-2.689606934E0
1.073000292E1,4.956492920E0,-7.639962616E0,-1.652264099E0
1.073989092E1,5.074148254E0,-7.278913422E0,-3.231779480E-1
1.074974792E1,5.407205658E0,-6.649172974E0,-3.523672485E-1
1.075960492E1,6.051016846E0,-6.482868805E0,-1.010698242E0
1.076949292E1,6.663094025E0,-6.424490204E0,-1.437760162E0
1.077934992E1,7.218588867E0,-6.379134521E0,-1.598376160E0
1.078920692E1,7.619604950E0,-6.354435883E0,-8.593629456E-1
1.079909492E1,7.666457520E0,-6.162385254E0,7.334747314E-2
1.080895192E1,7.397317200E0,-6.389612732E0,6.511459351E-2
1.081880892E1,7.416327667E0,-7.534731445E0,-1.298100586E0
1.082869692E1,8.155789948E0,-9.704319763E0,-3.431613922E0
1.083855392E1,9.292675781E0,-1.230860413E1,-5.403463440E0
1.084841092E1,1.033091675E1,-1.452878723E1,-5.358257446E0
1.085826792E1,1.069750443E1,-1.599633545E1,-4.237088928E0
1.086815592E1,9.808952179E0,-1.610950012E1,-3.155737610E0
1.087801292E1,7.719297638E0,-1.472966949E1,-2.707569580E0
1.088786992E1,6.296656036E0,-1.334534821E1,-2.889141998E0
1.089775792E1,5.617518311E0,-1.282877243E1,-3.230731659E0
1.090761492E1,6.283034363E0,-1.262100449E1,-3.353476410E0
1.091747192E1,8.292904816E0,-1.216101105E1,-3.926634521E0
1.092735992E1,9.334738312E0,-1.184397034E1,-3.919299774E0
1.093721692E1,9.205706635E0,-1.112097382E1,-3.538940735E0
1.094707392E1,8.323591003E0,-1.031385223E1,-3.623365173E0
1.095696192E1,6.906338196E0,-9.630223846E0,-3.504063263E0
1.096681892E1,5.423671417E0,-9.458830261E0,-2.887046356E0
1.097667592E1,4.142036591E0,-9.460027771E0,-2.574196930E0
1.098656392E1,3.100352783E0,-9.523046722E0,-2.797532501E0
1.099642092E1,2.272424469E0,-9.198371887E0,-3.146456909E0
1.100627792E1,1.762285309E0,-8.531059570E0,-3.093616791E0
1.101616592E1,1.482367401E0,-7.877219238E0,-3.071612549E0
1.102602292E1,1.425485687E0,-7.458240509E0,-2.916385345E0
1.103588092E1,1.599573669E0,-7.038663025E0,-2.343676300E0
1.104576792E1,2.003733215E0,-6.459517365E0,-1.634900208E0
1.105562492E1,2.362387390E0,-5.897585907E0,-1.445843353E0
1.106548292E1,2.619702301E0,-5.234464874E0,-1.318308563E0
1.107536992E1,3.028651886E0,-4.582570496E0,-1.008153534E0
1.108522692E1,3.284619598E0,-4.494852905E0,-1.401984558E0
1.109508492E1,3.123853912E0,-4.207300873E0,-1.453028412E0
1.110494192E1,2.891387329E0,-3.916156311E0,-1.304237823E0
1.111482892E1,2.837050323E0,-3.929628296E0,-1.363065491E0
1.112468692E1,2.984194336E0,-4.248165894E0,-1.790277100E0
1.113454392E1,2.773282928E0,-3.944297791E0,-2.013013916E0
1.114440092E1,2.700085144E0,-3.771407318E0,-1.669029236E0
1.115428892E1,3.048859863E0,-4.076173553E0,-1.018182678E0
1.116414592E1,3.616329803E0,-4.687651978E0,-3.225791931E-1
1.117400292E1,4.297413483E0,-5.882467346E0,3.134481812E-1
1.118389092E1,5.435197449E0,-7.237449646E0,1.171164551E0
1.119374792E1,6.325995026E0,-8.249794464E0,4.975653076E-1
1.120360492E1,6.983577576E0,-9.966873779E0,-1.643133087E0
1.121349292E1,7.556286621E0,-1.205622894E1,-2.821931763E0
1.122334992E1,7.354057159E0,-1.293490173E1,-3.608246613E0
1.123320692E1,6.083499298E0,-1.194171707E1,-4.338428192E0
1.124309492E1,4.814887390E0,-1.130868347E1,-4.894970856E0
1.125295192E1,5.671855316E0,-1.171703430E1,-6.260281677E0
1.126280892E1,7.776179352E0,-1.260873001E1,-8.138276367E0
1.127269692E1,9.183552704E0,-1.372929977E1,-6.405928802E0
1.128255392E1,9.787696381E0,-1.450438797E1,-1.128353577E0
1.129244192E1,7.719896393E0,-3.265010376E0,4.019441528E0
1.130229892E1,4.795128479E0,-3.534150696E0,3.187022552E0
1.131215592E1,2.442171478E0,-7.755372620E0,1.597777405E0
1.132201292E1,2.294728088E0,-9.203311615E0,1.263971558E0
1.133190092E1,2.987038422E0,-8.854387207E0,4.900808716E-1
1.134175792E1,4.067491608E0,-1.276665161E1,-1.377285919E0
1.135161492E1,1.664388885E0,-8.409961395E0,-4.435276794E-1
1.136147292E1,2.871927795E0,-6.882238312E0,1.328637085E0
1.137135992E1,4.308789825E0,-1.011192215E1,4.537065125E-1
1.138121692E1,4.106260986E0,-1.094493988E1,9.419911194E-1
1.139107492E1,4.775668945E0,-1.199021622E1,9.003776550E-1
1.140096192E1,4.944517822E0,-1.189666077E1,2.194736023E0
1.141081892E1,3.062930603E0,-7.816744995E0,4.582720184E0
1.142067692E1,4.527185669E0,-7.920778656E0,2.795436859E0
1.143056392E1,7.504344635E0,-5.946534119E0,-2.903811493E0
1.144041217E1,6.145171051E0,-6.892716522E0,-2.518363037E0
1.145026917E1,5.550308075E0,-8.350385284E0,3.055146790E-1
1.146012617E1,4.916226654E0,-8.124505005E0,1.642983398E0
1.147001417E1,4.159999237E0,-7.388036499E0,1.444945221E0
1.147987117E1,3.186872864E0,-7.407046967E0,-3.008743286E-1
1.148972817E1,3.343447266E0,-8.455766144E0,-2.643652496E0
1.149961617E1,4.257596283E0,-1.063673080E1,-2.939437408E0
1.150947317E1,4.495900726E0,-1.218346436E1,-1.013991394E0
1.151933017E1,4.324058075E0,-1.152154083E1,5.861810303E-1
1.152918717E1,4.363426208E0,-9.845775604E0,2.038760376E-1
1.153907517E1,6.460565186E0,-4.079766083E0,3.978726196E-1
1.154893217E1,9.281449127E0,2.754272461E-1,1.029109955E0
1.155878917E1,8.667725372E0,-5.044060822E0,9.647438049E-1
1.156867717E1,7.930957489E0,-8.925788727E0,1.891766052E0
1.157853417E1,6.515950012E0,-1.217747681E1,2.587070160E0
1.158839117E1,4.470303955E0,-1.279973282E1,2.938539276E0
1.159824817E1,2.814896393E0,-1.123204285E1,3.203787689E0
1.160813617E1,1.803898773E0,-9.293723602E0,2.941982117E0
1.161799317E1,1.176403656E0,-9.381141815E0,1.982327728E0
1.162785117E1,3.763174438E-1,-1.158800262E1,1.104702759E-1
1.163770817E1,-5.324427795E-1,-1.403436539E1,-2.414179688E0
1.164759517E1,4.227209473E-1,-1.249571503E1,-2.785856781E0
1.165745317E1,1.513951721E0,-9.925110626E0,-1.370250549E0
1.166731017E1,2.496209106E0,-7.986941071E0,2.990780640E-1
1.167716717E1,3.367247772E0,-7.398215332E0,1.153800659E0
1.168702417E1,4.438569946E0,-6.573280792E0,1.821711731E0
1.169691217E1,5.288951569E0,-5.610482941E0,1.598076782E0
1.170676917E1,5.574857025E0,-5.610932007E0,1.025517426E0
1.171662617E1,5.512137451E0,-6.691385193E0,6.842271423E-1
1.172651417E1,4.752766571E0,-8.696465607E0,6.321354675E-1
1.173637117E1,3.877985687E0,-9.887089691E0,2.695893860E-1
1.174622817E1,3.393892365E0,-1.011356873E1,3.158432007E-2
1.175608517E1,3.237168274E0,-9.772128754E0,-1.437011719E-2
1.176594317E1,3.359763336E0,-9.440418549E0,6.870712280E-2
1.177583017E1,3.602558441E0,-9.500294037E0,4.064048767E-1
1.178568717E1,3.579356689E0,-9.232500916E0,7.716453552E-1
1.179554517E1,3.788621521E0,-8.884324951E0,9.723779297E-1
1.180543217E1,4.017495575E0,-8.852590942E0,1.032852173E0
1.181528917E1,4.216731262E0,-8.834179230E0,9.940827942E-1
1.182514717E1,4.447551270E0,-8.693471832E0,5.944139099E-1
1.183503417E1,4.445455627E0,-8.621022491E0,3.296145630E-1
1.184489217E1,4.401147766E0,-8.560997314E0,3.959266663E-1
1.185474917E1,4.293222198E0,-8.406518555E0,6.002517700E-1
1.186463617E1,4.086801453E0,-7.721243591E0,8.012837219E-1
1.187449417E1,3.890559540E0,-7.196584625E0,1.048569489E0
1.188435117E1,4.095034332E0,-6.651418304E0,1.074765015E0
1.189423817E1,4.731810150E0,-6.674170990E0,3.338058472E-1
1.190409617E1,4.933740234E0,-9.045539703E0,-8.382568359E-3
1.191395317E1,4.693040771E0,-1.116528168E1,6.712042236E-1
1.192381017E1,4.364923096E0,-1.100391724E1,1.262624359E0
1.193369817E1,4.097279663E0,-9.772577820E0,1.615141296E0
1.194355517E1,3.500620422E0,-9.622739410E0,1.869163055E0
1.195341217E1,3.110681305E0,-9.534273376E0,1.372795258E0
1.196326917E1,3.034789124E0,-9.992620239E0,1.009800110E0
1.197315717E1,3.085533600E0,-1.037746994E1,1.116827545E0
1.198301417E1,3.414998474E0,-9.633217621E0,1.149160309E0
1.199287117E1,3.392994232E0,-9.507778473E0,1.137035522E0
1.200272817E1,3.536246338E0,-9.463171234E0,9.297166443E-1
1.201261617E1,3.869752808E0,-9.440418549E0,6.354286194E-1
1.202247317E1,4.143234100E0,-9.504185944E0,3.378474426E-1
1.203233017E1,4.343068542E0,-9.890682220E0,4.715194702E-1
1.204221817E1,4.211941223E0,-1.049123337E1,2.826123047E-1
1.205207517E1,4.369413757E0,-1.033376083E1,4.216731262E-1
1.206193317E1,4.392765198E0,-9.979297943E0,8.601113892E-1
1.207182017E1,4.282743988E0,-9.601184235E0,1.365011444E0
1.208167717E1,4.180356903E0,-9.513466644E0,1.675914917E0
1.209153517E1,3.991300049E0,-9.471104736E0,1.530118103E0
1.210142217E1,3.916006622E0,-9.382788391E0,1.449435883E0
1.211127917E1,4.324207764E0,-9.266929321E0,1.093625793E0
1.212113717E1,4.198918304E0,-9.654174042E0,6.608757019E-1
1.213102417E1,3.213068390E0,-9.599687347E0,2.380050659E-1
1.214088217E1,2.657124481E0,-1.033435959E1,-2.963836670E-2
1.215073917E1,2.622995453E0,-1.133637589E1,4.342469788E-1
1.216062617E1,3.037633209E0,-1.110241241E1,9.906399536E-1
1.217048417E1,3.808081055E0,-1.087413712E1,1.274449768E0
1.218034117E1,3.820355530E0,-1.158994858E1,5.132826233E-1
1.219022817E1,3.991300049E0,-1.138712036E1,7.185058594E-2
1.220008617E1,4.136198730E0,-1.080917221E1,3.338058472E-1
1.220994317E1,4.159550171E0,-1.011536499E1,5.996530151E-1
1.221983017E1,4.008214874E0,-1.010967682E1,1.100810852E0
1.222968817E1,4.060306549E0,-1.057296341E1,1.194216614E0
1.223954517E1,4.339625702E0,-1.109477829E1,1.007854156E0
1.224943317E1,4.352199554E0,-1.201132233E1,7.860154724E-1
1.225929017E1,4.497846680E0,-1.195668594E1,6.845265198E-1
1.226914717E1,4.854704590E0,-1.088401657E1,1.400787048E0
1.227903517E1,4.919370117E0,-7.944279785E0,2.388283539E0
1.228889217E1,4.122876434E0,-1.164727936E1,1.663490753E0
1.229874917E1,4.303251343E0,-1.023107437E1,-3.603007507E-1
1.230863717E1,3.247197418E0,-1.272054749E1,1.771566010E0
1.231849417E1,2.936293945E0,-1.295765442E1,-7.574249268E-2
1.232835117E1,3.501817932E0,-1.201222046E1,-4.399351501E-1
1.233820817E1,3.700454865E0,-1.058523788E1,-3.963757324E-1
1.234809617E1,3.474574585E0,-9.752070465E0,3.802093506E-1
1.235795317E1,3.356170807E0,-9.495354309E0,4.876858521E-1
1.236781017E1,2.898722076E0,-9.624685364E0,6.039939880E-1
1.237769817E1,2.531685333E0,-9.806257782E0,7.878117371E-1
1.238755517E1,2.373314667E0,-8.825048218E0,1.087039490E0
1.239741217E1,2.428549805E0,-8.126001892E0,2.034269714E0
1.240730017E1,3.186723175E0,-7.060517578E0,2.628234558E0
1.241715717E1,4.302502899E0,-7.631130981E0,3.283871155E0
1.242701417E1,4.904101868E0,-9.027277679E0,3.070265350E0
1.243687117E1,4.535717926E0,-9.593550110E0,1.623074799E0
1.244675308E1,3.960015106E0,-9.219178619E0,1.935475159E0
1.245661008E1,3.680396576E0,-7.863597565E0,3.484903107E0
1.246649808E1,3.742816772E0,-7.191345520E0,5.623206482E0
1.247635508E1,4.369413757E0,-6.565646667E0,7.054979095E0
1.248621208E1,5.161267090E0,-6.650669861E0,6.946005707E0
1.249610008E1,5.561235352E0,-7.412286072E0,6.432274017E0
1.250595708E1,5.869743805E0,-7.387288055E0,6.443051605E0
1.251581408E1,5.943839722E0,-7.331753540E0,6.779402161E0
1.252567208E1,6.725214844E0,-6.122118988E0,7.280859375E0
1.253555908E1,7.565267944E0,-5.236111450E0,7.362589417E0
1.254541708E1,7.927065582E0,-5.199437714E0,7.572602692E0
1.255527408E1,8.651708679E0,-5.349276123E0,8.142916718E0
1.256513108E1,9.196875000E0,-4.827910309E0,8.554261322E0
1.257501908E1,8.744365997E0,-4.785099335E0,8.970545654E0
1.258487608E1,8.884175262E0,-4.340374146E0,9.507479095E0
1.259473308E1,8.803942108E0,-3.678001556E0,1.006372238E1
1.260462108E1,8.308771820E0,-2.689756622E0,9.741592255E0
1.261447808E1,7.607330475E0,-2.071691895E0,9.115444336E0
1.262433508E1,6.852599945E0,-1.751657410E0,9.082662506E0
1.263422308E1,6.337970123E0,-1.632355499E0,9.783505096E0
1.264408008E1,6.014792175E0,-1.478325806E0,1.101679047E1
1.265396808E1,5.709576874E0,-9.916877747E-1,1.173589508E1
1.266382508E1,5.349575500E0,-4.179309082E-1,1.156734558E1
1.267368208E1,5.184768219E0,2.119592285E-1,1.132215546E1
1.268357008E1,5.256469116E0,9.342073059E-1,1.160626465E1
1.269342708E1,5.142406311E0,1.045875092E0,1.198856964E1
1.270328408E1,4.729265442E0,7.397616577E-1,1.191177933E1
1.271317208E1,4.188290405E0,7.551795959E-1,1.187525528E1
1.272302908E1,3.603306885E0,4.007167053E-1,1.194605804E1
1.273288608E1,3.132386169E0,2.933898926E-2,1.145253433E1
1.274277408E1,2.808160400E0,1.567240906E-1,1.083476898E1
1.275263108E1,2.529589691E0,1.959425354E-1,1.037597305E1
1.276251908E1,2.051483917E0,-1.037342834E-1,1.009979736E1
1.277237608E1,1.589245148E0,-1.197509766E-3,9.826016693E0
1.278223308E1,9.451345825E-1,-2.647993469E-1,9.402547302E0
1.279212108E1,3.365002441E-1,-5.321434021E-1,8.742420044E0
1.280197808E1,3.742218018E-3,-2.781216431E-1,8.209677887E0
1.281183508E1,-2.392025757E-1,1.040336609E-1,7.705975342E0
1.282172308E1,-3.137475586E-1,5.757028198E-1,7.069648590E0
1.283158008E1,-2.880010986E-1,9.849517822E-1,6.743177490E0
1.284146808E1,-1.829196167E-1,1.295855255E0,6.811136169E0
1.285132508E1,5.358856201E-2,1.569186859E0,6.983278198E0
1.286118208E1,2.390528870E-1,1.452429657E0,6.978937225E0
1.287107008E1,4.168830872E-1,1.248254242E0,6.587650909E0
1.288092708E1,6.842271423E-1,1.647773438E0,6.230643311E0
1.289078408E1,9.708810425E-1,2.046244812E0,6.132597198E0
1.290067208E1,1.101708984E0,2.572400665E0,6.139632568E0
1.291052908E1,1.061293030E0,2.961441650E0,6.248755646E0
1.292041708E1,9.241781616E-1,3.047961731E0,6.064189453E0
1.293027408E1,5.917195129E-1,2.838846588E0,5.758225708E0
1.294013108E1,2.609074402E-1,2.753524017E0,5.639372864E0
1.295001908E1,6.159690857E-1,1.937121735E0,5.656437378E0
1.295987608E1,4.273612976E0,-4.969665527E-2,4.484374695E0
1.296973308E1,5.472619629E0,-1.080902252E0,6.787185974E0
1.297962108E1,4.010609894E0,-1.059047699E0,9.272617493E0
1.298947808E1,3.278931427E0,1.188229065E0,1.731584152E1
1.299933508E1,2.043400726E0,1.309626617E0,1.159204422E1
1.300922308E1,-4.206253052E-2,-7.873626709E-1,8.421786804E0
1.301908008E1,-3.111579437E0,1.795516205E0,8.393196259E0
1.302893708E1,-4.229305115E0,3.087778931E0,8.288114777E0
1.303882508E1,-2.255359955E0,2.903362427E0,8.989256744E0
1.304868208E1,-1.102906494E0,3.117716675E0,7.726931763E0
1.305853908E1,-3.158432007E-2,2.674937439E0,6.815028076E0
1.306842708E1,2.070644073E0,3.115920410E0,6.011199646E0
1.307828408E1,3.060685272E0,3.753294983E0,5.585634613E0
1.308814108E1,2.631078644E0,3.278632050E0,4.404740295E0
1.309802908E1,1.713037720E0,2.533331909E0,4.195475464E0
1.310788608E1,1.008153534E0,2.407593384E0,4.836143188E0
1.311774308E1,9.695338440E-1,2.829715576E0,5.783672791E0
1.312763108E1,1.127156067E0,3.296445007E0,6.724466400E0
1.313748808E1,3.115022278E-1,2.700234833E0,9.532626801E0
1.314734508E1,2.903961182E-1,1.809137878E0,1.069016968E1
1.315723308E1,1.003662872E0,1.500180359E0,1.014380585E1
1.316709008E1,6.976991272E-1,1.990859985E0,1.005219635E1
1.317694708E1,3.336561584E-1,2.595003662E0,1.024619293E1
1.318683508E1,3.996688843E-2,2.754122772E0,1.066277664E1
1.319669208E1,2.240840149E-1,2.755919037E0,1.048554520E1
1.320654908E1,6.786886597E-1,2.814896393E0,1.009560608E1
1.321643708E1,1.474433899E0,3.263363800E0,9.258696442E0
1.322629408E1,2.440824280E0,3.859723663E0,8.488997040E0
1.323615108E1,3.006647644E0,4.270918579E0,8.017327881E0
1.324603908E1,3.018622742E0,4.211043091E0,7.909402313E0
1.325589608E1,2.407892761E0,4.179608459E0,8.439300385E0
1.326575308E1,1.394350433E0,4.404440918E0,9.189989319E0
1.327561108E1,7.089257812E-1,4.536765747E0,9.849966888E0
1.328549808E1,4.336482239E-1,4.513114929E0,1.005279510E1
1.329535508E1,6.409671021E-1,4.823120270E0,1.006896149E1
1.330521308E1,7.912545776E-1,5.069208527E0,9.820777588E0
1.331507008E1,8.782237244E-1,5.048701172E0,9.223669281E0
1.332495808E1,9.888436890E-1,5.313949585E0,8.416996765E0
1.333481508E1,1.000669098E0,5.591622162E0,7.851472778E0
1.334467208E1,7.777825928E-1,5.617817688E0,7.446115723E0
1.335456008E1,5.501060486E-1,5.628595276E0,7.273973694E0
1.336441708E1,2.387535095E-1,5.850733337E0,7.288044434E0
1.337427408E1,-7.229965210E-2,6.078260193E0,7.570507050E0
1.338416208E1,-3.565585327E-1,6.050717468E0,7.957901459E0
1.339401908E1,-5.697152710E-1,5.685776367E0,8.116272125E0
1.340387608E1,-5.957611084E-1,5.422773285E0,8.112380219E0
1.341373308E1,-5.390290833E-1,5.456602936E0,7.961344299E0
1.342362108E1,-6.310876465E-1,5.667664032E0,7.750732269E0
1.343347808E1,-7.767347717E-1,5.848937073E0,7.584727478E0
1.344333292E1,-8.089178467E-1,6.050717468E0,7.324568481E0
1.345322092E1,-8.437953186E-1,6.334826660E0,6.983128510E0
1.346307792E1,-9.114546204E-1,6.603068848E0,6.850653992E0
1.347293492E1,-1.196012878E0,6.789580994E0,6.849007416E0
1.348282292E1,-1.465153198E0,6.926845551E0,7.079977112E0
1.349267992E1,-1.632804565E0,6.968309326E0,7.434440002E0
1.350253692E1,-1.689536591E0,6.847061462E0,7.710615692E0
1.351242492E1,-1.617087250E0,6.649172974E0,7.769742737E0
1.352228192E1,-1.449136505E0,6.348298645E0,7.649692383E0
1.353213892E1,-1.260079651E0,6.157595215E0,7.418572998E0
1.354199692E1,-1.138981476E0,6.170318756E0,7.274572449E0
1.355188392E1,-1.170266418E0,6.264772339E0,7.259154510E0
1.356174092E1,-1.238374786E0,6.434219971E0,7.303761749E0
1.357162892E1,-1.265019379E0,6.464606781E0,7.357949066E0
1.358148592E1,-1.269210663E0,6.450536041E0,7.485184479E0
1.359134292E1,-1.243613892E0,6.394253082E0,7.626191254E0
1.360120092E1,-1.228794708E0,6.398893433E0,7.654482422E0
1.361108792E1,-1.194216614E0,6.463109894E0,7.763306122E0
1.362094592E1,-1.165326691E0,6.401438141E0,7.791746979E0
1.363080292E1,-1.084943848E0,6.319558411E0,7.760761414E0
1.364068992E1,-1.132993927E0,6.300547943E0,7.797584839E0
1.365054792E1,-1.231638794E0,6.377487946E0,7.892188110E0
1.366040492E1,-1.401984558E0,6.455625458E0,8.026309204E0
1.367029192E1,-1.376088409E0,6.510561218E0,8.064030762E0
1.368014992E1,-1.309626617E0,6.464157715E0,7.861651611E0
1.369000692E1,-1.665885773E0,7.602091370E0,2.241887970E0
1.369986392E1,-8.560697937E-1,7.750133514E0,5.664370880E0
1.370975192E1,-1.644629974E0,5.408103790E0,7.813451843E0
1.371960892E1,-1.720821533E0,4.516557770E0,8.473728790E0
1.372946592E1,-1.234333191E0,5.448220367E0,8.439749451E0
1.373935392E1,-1.082698517E0,5.774541779E0,8.314759369E0
1.374921092E1,-1.270258484E0,5.778882751E0,7.879165192E0