Time(s),X(m/s^2),Y(m/s^2),Z(m/s^2)
0.02561837,0.730950058,-9.456000328,0.156000003
0.042641463,0.781950057,-9.42195034,0.131999999
0.059664567,0.796050012,-9.439050674,0.105000004
0.076687658,0.868050039,-9.456000328,0.103050008
0.093710754,0.892050028,-9.453000069,0.081
0.110733822,0.832050026,-9.439050674,0.088950001
0.127756889,0.813000023,-9.424050331,0.124950007
0.144779966,0.789000034,-9.475050926,0.175050005
0.161803038,0.73605001,-9.405000687,0.177000001
0.178826206,0.757950008,-9.397950172,0.199050009
0.195849197,0.77700001,-9.427050591,0.157950014
0.212872365,0.796050012,-9.43200016,0.127050012
0.229895365,0.889050067,-9.417000771,-0.69600004
0.246918418,0.919950068,-9.42195034,-0.589950025
0.263941485,0.868050039,-9.433950424,-0.444000036
0.280964548,0.825000048,-9.440999985,-0.259950012
0.29798765,0.786000013,-9.433950424,-0.07305
0.315010741,0.748050034,-9.409950256,0.061950002
0.332033833,0.733950019,-9.469950676,0.169950008
0.3490569,0.703050017,-9.505950928,0.247050017
0.366079958,0.75000006,-9.48195076,0.304050028
0.383103011,0.693000019,-9.513000488,0.349950016
0.400126083,0.577950001,-9.484050751,0.424050033
0.417149162,0.573000014,-9.463050842,0.511950016
0.434172212,0.577950001,-9.448050499,0.52395004
0.451195322,0.601950049,-9.451050758,0.583950043
0.468218385,0.633000016,-9.501000404,0.679950059
0.485241247,0.589950025,-9.463050842,0.757050037
0.502264557,0.595050037,-9.48195076,0.733050048
0.519287639,0.607050002,-9.48900032,0.666000009
0.536310713,0.658950031,-9.487050056,0.631950021
0.553333583,0.681000054,-9.475050926,0.651000023
0.570356905,0.705000043,-9.440999985,0.679950059
0.587379747,0.681000054,-9.427050591,0.639000058
0.604402804,0.645000041,-9.42195034,0.583950043
0.62142613,0.68295002,-9.4789505,0.51000005
0.638448949,0.700050056,-9.517950058,0.406950027
0.655472035,0.700050056,-9.468000412,0.309000015
0.672495117,0.717000008,-9.433950424,0.211050004
0.68951818,0.717000008,-9.396000862,0.127050012
0.706541252,0.742950022,-9.388950348,0.036000002
0.723564319,0.762000024,-9.465000153,0.097950004
0.740587387,0.786000013,-9.463050842,0.105000004
0.757610473,0.805950046,-9.457950592,0.105000004
0.774633559,0.825000048,-9.451050758,0.076950006
0.791656636,0.873000026,-9.448050499,0.043050002
0.808679699,0.894000053,-9.396000862,0.049950004
0.825702815,0.861000061,-9.405000687,0.037950002
0.842725862,0.84405005,-9.407999992,0.049950004
0.859748955,0.849000037,-9.436050415,0.043050002
0.876772041,0.85800004,-9.484050751,0.079050004
0.893795123,0.789000034,-9.440999985,0.088950001
0.910818186,0.808050036,-9.424050331,0.076950006
0.927841253,0.849000037,-9.448050499,0.064950004
0.944864301,0.837000012,-9.547050476,0.04095
0.961887364,0.793950021,-9.517950058,0.060000002
0.978910445,0.765000045,-9.460050583,0.00705
0.995933532,0.796050012,-9.475050926,0.00705
1.012956608,0.738000035,-9.53895092,0.00495
1.02997968,0.757950008,-9.49905014,0.01695
1.047002771,0.753000021,-9.4789505,-0.042000003
1.064025834,0.757950008,-9.502950668,-0.103950001
1.081048897,0.774000049,-9.493950844,-0.076050006
1.098071969,0.793950021,-9.405000687,-0.103950001
1.11509505,0.802950025,-9.36000061,-0.150000006
1.132118142,0.79095006,-9.379050255,-0.202950016
1.149141229,0.805950046,-9.36000061,-0.205050007
1.166164325,0.850950062,-9.367050171,-0.211950004
1.183187395,0.837000012,-9.487050056,-0.187950015
1.20021044,0.846000016,-9.529950142,-0.21405001
1.217233613,0.850950062,-9.505950928,-0.246000007
1.234256659,0.77700001,-9.48195076,-0.234000012
1.251279743,0.774000049,-9.49905014,-0.222000018
1.268302799,0.77700001,-9.502950668,-0.211950004
1.285325897,0.769950032,-9.4789505,-0.226050004
1.302348969,0.765000045,-9.48900032,-0.219000012
1.319372061,0.79095006,-9.436050415,-0.234000012
1.336395128,0.781950057,-9.463050842,-0.217050016
1.353418203,0.77700001,-9.465000153,-0.234000012
1.370441287,0.781950057,-9.460050583,-0.219000012
1.387464311,0.765000045,-9.427050591,-0.109050006
1.404487376,0.655050039,-9.440999985,-0.021000002
1.42151046,0.619050026,-9.436050415,0.034050003
1.438533537,0.589950025,-9.453000069,0.034050003
1.455556643,0.583050013,-9.42195034,0.049950004
1.472579728,0.561000049,-9.440999985,0.088950001
1.48960282,0.553950012,-9.456000328,0.096000001
1.506625895,0.564000011,-9.420000076,0.105000004
1.523649002,0.636000037,-9.417000771,0.060000002
1.540672075,0.700050056,-9.42195034,-0.010950001
1.557695142,0.796050012,-9.468000412,-0.061050002
1.574718252,0.813000023,-9.53895092,-0.112050004
1.591741329,0.882000029,-9.508050919,-0.163950011
1.608764401,0.894000053,-9.444000244,-0.147
1.625787506,0.808050036,-9.400050163,-0.07305
1.642810564,0.801000059,-9.42195034,-0.061050002
1.659833851,0.853050053,-9.505950928,-0.082950003
1.676856694,0.868050039,-9.475050926,-0.115950003
1.693879756,0.861000061,-9.501000404,-0.109050006
1.710902829,0.825000048,-9.465000153,-0.061050002
1.727925901,0.81705004,-9.433950424,-0.025050001
1.744948983,0.801000059,-9.433950424,-0.022950001
1.761972264,0.838950038,-9.451050758,-0.00105
1.778995341,0.832050026,-9.433950424,-0.043950003
1.796018401,0.877050042,-9.484050751,-0.076050006
1.813041493,0.89895004,-9.457950592,-0.076050006
1.830064535,0.89895004,-9.405000687,-0.07305
1.847087606,0.904050052,-9.405000687,-0.066
1.864110669,0.916050017,-9.393000603,-0.094950005
1.88113375,0.919950068,-9.409950256,-0.066
1.898156813,0.907950044,-9.409950256,-0.037050001
1.915179899,0.89895004,-9.415050507,0
1.932202972,0.877050042,-9.448050499,0.022050001
1.949226068,0.798000038,-9.456000328,0.034050003
1.966249245,0.813000023,-9.433950424,-0.022950001
1.983272259,0.822000027,-9.424050331,-0.055950001
2.00029543,0.81705004,-9.407999992,-0.07305
2.017318536,0.853050053,-9.427050591,-0.082950003
2.034341602,0.873000026,-9.424050331,-0.009000001
2.051364681,0.862950027,-9.477000237,-0.033
2.068387743,0.868050039,-9.417000771,-0.006
2.085410849,0.837000012,-9.396000862,0.00195
2.102433902,0.786000013,-9.379050255,0.01695
2.119456984,0.772050023,-9.397950172,0.013950001
2.136480046,0.748050034,-9.42195034,0.010050001
2.153503128,0.730950058,-9.396000862,-0.070950001
2.170526401,0.793950021,-9.352950096,-0.085050002
2.187549456,0.829050064,-9.415050507,-0.076050006
2.204572519,0.849000037,-9.472050667,-0.070950001
2.221595615,0.801000059,-9.48195076,-0.021000002
2.238618711,0.832050026,-9.487050056,-0.049050003
2.255641812,0.861000061,-9.407999992,-0.07305
2.272664874,0.834000051,-9.373950005,-0.115950003
2.289687961,0.826950014,-9.391050339,-0.115950003
2.306711115,0.754950047,-9.289950371,-0.114000008
2.323734129,0.625950038,-9.333000183,-0.121050008
2.340757271,0.516000032,-9.429000854,0.028950002
2.357780353,0.45600003,-9.460050583,0.097950004
2.374803425,0.433950007,-9.508050919,0.112950005
2.391826502,0.49695003,-9.403050423,-0.079950005
2.40884956,0.588,-9.312000275,-0.07305
2.425872861,0.733950019,-9.276000023,-0.19995001
2.442895699,0.765000045,-9.241950035,-0.210000008
2.45991902,0.70995003,-9.250050545,-0.19995001
2.476942111,0.673950017,-9.277950287,-0.262050003
2.493965182,0.657000005,-9.388950348,-0.316950023
2.510988245,0.721950054,-9.465000153,-0.459000021
2.528011307,0.766950011,-9.396000862,-0.622050047
2.545034497,0.727050006,-9.451050758,-0.780000031
2.562057572,0.730950058,-9.429000854,-0.904050052
2.579080649,0.549000025,-9.451050758,-0.966000021
2.596103752,0.457950026,-9.54900074,-1.009050012
2.613126838,0.394050032,-9.457950592,-1.170000076
2.630149935,0.139950007,-9.312000275,-1.215000033
2.647172997,-0.012,-9.513000488,-1.147950053
2.664196079,0.079950005,-9.67800045,-1.158000112
2.681219396,0.058050003,-9.484050751,-1.135950089
2.698242478,0.193050012,-9.244950294,-1.110000014
2.715265572,0.091950007,-9.226050377,-1.090950012
2.732288654,-0.201000005,-9.477000237,-0.946950018
2.749311747,-0.336000025,-9.775950432,-1.191000104
2.766334909,-0.108000003,-9.666000366,-1.479000092
2.783357973,0.127950013,-9.475050926,-1.147950053
2.800381035,0.049050003,-9.513000488,-0.744000018
2.817404079,-0.127050012,-9.415050507,-0.649950028
2.834427376,0.058050003,-9.148950577,-0.889950037
2.851450443,0.315000027,-9.031949997,-1.134000063
2.868473515,0.339000017,-9.07005024,-1.054949999
2.885496611,0.303000003,-9.276000023,-0.997050047
2.902519683,0.30795002,-9.367050171,-1.060050011
2.91954276,0.24000001,-9.433950424,-1.195950031
2.936565803,0.436950028,-9.565950394,-1.258050084
2.953588851,0.508949995,-9.642000198,-1.347000122
2.970612016,0.436950028,-9.523050308,-1.330050111
2.987635113,0.436950028,-9.429000854,-1.3950001
3.004658199,0.219000012,-9.463050842,-1.345050097
3.021681286,0.138000011,-9.396000862,-1.255950093
3.038704329,-0.228000015,-9.420000076,-1.275000095
3.055727636,-0.544050038,-9.570000648,-1.309050083
3.072750687,-0.727950037,-9.640050888,-1.306050062
3.08977374,-0.814050019,-9.67305088,-1.120050073
3.106796798,-0.937050045,-9.493950844,-0.838950038
3.123819972,-1.183050036,-9.207000732,-0.543000042
3.140843046,-1.156949997,-9.412050247,-0.303000003
3.157866113,-1.011000037,-9.751950264,-0.126000002
3.174889195,-0.799950063,-9.669000626,-0.109050006
3.191912272,-0.733050048,-9.517950058,-0.127950013
3.208935349,-1.023000002,-9.532050133,-0.115950003
3.225958671,-1.132950068,-9.949050903,-0.30795002
3.24298178,-1.321950078,-10.67895031,-0.412950009
3.26000489,-1.597050071,-11.83305073,-0.540000022
3.277027967,-1.140000105,-12.65700054,-0.664950013
3.294051122,-0.088950001,-13.01805019,-0.562050045
3.311074194,0.315000027,-11.89995098,0.127050012
3.328097296,0.178050011,-10.71495056,1.582950115
3.345120368,0.636000037,-10.34895039,2.686050177
3.362143654,0.861000061,-10.4779501,2.806050062
3.379166734,2.176950216,-11.23200035,0.00705
3.396189828,3.133050203,-10.29600048,-2.197050095
3.413212987,0.873000026,-9.409950256,-2.701950073
3.43023602,-0.283050001,-10.16400051,-0.934950054
3.447259064,0.166050002,-11.24205017,0.547950029
3.464282138,-1.480050087,-11.2459507,0.25395
3.481305215,-2.0400002,-10.38495064,-0.265050024
3.498328527,-1.116000056,-9.288000107,-0.118950009
3.515351604,-0.549000025,-8.740050316,0.342000008
3.532374698,0.126000002,-8.385000229,0.787950039
3.549397789,0.814950049,-8.266050339,1.353000045
3.566420943,1.404000044,-7.999950409,1.555950046
3.583443996,1.383000016,-7.485000134,1.422000051
3.60046707,1.308000088,-7.042050362,1.492050052
3.617490419,1.006950021,-6.862950325,1.690050125
3.634513501,0.460950017,-6.763950348,2.097000122
3.651536592,-0.13395001,-6.798000336,2.515950203
3.66855966,-0.562950015,-7.047000408,3.163050175
3.685582766,-1.207050085,-7.003950119,3.520050049
3.702605827,-1.765050054,-6.949050426,3.745050192
3.719628988,-2.566950083,-7.21200037,3.948000193
3.736652046,-3.082050085,-7.606950283,4.089000225
3.75367536,-3.484050274,-8.107950211,4.306950092
3.770698423,-3.976950169,-8.176950455,4.34100008
3.787721495,-3.834000111,-7.516050339,3.694050074
3.804744543,-2.809050083,-8.74695015,1.63500011
3.821767779,-0.754950047,-11.95305061,1.633050084
3.83879079,3.454050064,-21.5869503,-1.534050107
3.855813887,5.328000069,-18.7330513,3.816000223
3.872836949,4.512000084,-11.99295044,3.27300024
3.889860275,2.388000011,-5.74695015,-0.562050045
3.906883343,2.96505022,-2.74695015,-3.265050173
3.92390642,4.878000259,-1.734000087,-4.776000023
3.940929564,4.636050224,-4.94505024,-3.31305027
3.957952661,0.123000003,-9.793050766,-0.495000035
3.974975743,-4.729050159,-16.60500145,1.587000132
3.991999051,-6.313950062,-13.16700077,3.14805007
4.00902217,-2.770950079,-9.397950172,3.643950224
4.026045232,0.934950054,-7.837050438,-2.50605011
4.043068352,2.563050032,-6.709050179,-5.833950043
4.06009141,1.255950093,-6.925050259,-2.94900012
4.077114492,0.058050003,-8.244000435,-0.708000004
4.094137589,-0.574950039,-9.793050766,-0.322050005
4.11116067,0.159000009,-10.22400093,-1.018950105
4.128183976,1.335000038,-9.918000221,-2.062950134
4.14520712,1.677000046,-9.769050598,-1.584000111
4.162230172,1.035000086,-9.54900074,-0.376950026
4.179253251,-0.252000004,-9.1039505,-0.154950008
4.196276323,-0.958050072,-8.572050095,-0.684000015
4.213299653,-1.357950091,-8.392050743,-0.946950018
4.230322721,-1.19295001,-8.436000824,-0.684000015
4.247345793,-1.054050088,-8.62005043,0.037950002
4.26436887,-1.47300005,-9.253950119,0.868950069
4.281391939,-1.911000133,-9.469950676,1.525050044
4.298415108,-1.954050064,-9.730950356,1.519950032
4.31543818,-1.759950042,-9.751950264,1.674000025
4.332461486,-1.248000026,-9.822000504,2.370000124
4.349484592,-1.441950083,-9.440999985,2.928000212
4.366507653,-1.947000146,-8.698950768,3.010050058
4.383530774,-2.368050098,-7.999950409,1.947000146
4.400553829,-3.661050081,-10.0900507,-0.499050021
4.417576934,-6.355050087,-13.46595097,0.607950032
4.434600031,-6.826050282,-14.60100079,0.211050004
4.451623332,2.11500001,-18.00300026,-3.45600009
4.468646414,10.67205048,-19.9980011,-3.147000074
4.485669544,7.960050583,-14.45505047,-1.72995007
4.502692643,-0.273000002,-11.24205017,-1.009050012
4.519715734,-3.922050238,-10.1430006,-1.641000032
4.536739044,-3.441000223,-9.901050568,1.080000043
4.553762111,-1.866000056,-10.32705021,2.605050087
4.570785183,-0.999000073,-8.818950653,2.512050152
4.587808312,0.066,-7.686000347,1.789050102
4.604831463,-0.570000053,-7.81305027,2.959050179
4.621854493,-0.454950035,-8.067000389,-0.21405001
4.638877565,-0.121950008,-7.102050304,-2.653950214
4.655900856,0.487050027,-5.809050083,-1.843050122
4.672923933,1.576050043,-4.854000092,0.196050003
4.689947087,2.575050116,-5.356950283,1.960950136
4.706970146,2.175000191,-6.055950165,2.389050007
4.723993442,0.910950065,-6.1489501,1.750050068
4.741016509,0.211950004,-5.875950336,1.149000049
4.758039634,0.061050002,-5.697000504,0.814050019
4.775062697,0.070050001,-5.809050083,0.72300005
4.792085856,-0.034050003,-6.307050228,0.972000063
4.809108954,-0.652050018,-7.015950203,1.627950072
4.826132181,-1.867950082,-8.055000305,3.031050205
4.843155118,-3.325950146,-9.220950127,4.819950104
4.860178463,-5.21295023,-10.58100033,6.192000389
4.87720154,-7.498950481,-11.70105076,6.805050373
4.89422472,-6.68805027,-11.16495037,5.377950191
4.911247801,-3.934050083,-11.10000038,4.659000397
4.928271118,-3.064950228,-9.244950294,3.01695013
4.945294147,-1.593000054,-7.875000477,2.842050076
4.962317231,1.390050054,-9.493950844,2.026050091
4.979340286,4.632000446,-14.82105064,0.654000044
4.996363426,4.809000015,-18.45300102,2.551950216
5.013386751,2.805000067,-21.95400047,4.824000359
5.030409832,-0.570000053,-13.14795017,2.634000063
5.047432899,0.037050001,-6.280950069,-1.998000145
5.064456034,5.343000412,-2.866050243,-6.516000271
5.081479103,7.591050148,-2.06400013,-8.745000839
5.09850218,4.486050129,-3.20595026,-4.43805027
5.11552549,0.694950044,-6.712050438,-0.978000045
5.132548577,-3.331050158,-12.89100075,-0.009000001
5.149571668,-2.45505023,-12.52305031,2.820000172
5.166594853,0.564000011,-10.09995079,1.36500001
5.183617934,3.316950083,-8.88105011,-4.90500021
5.200640992,1.420950055,-8.601000786,-4.98900032
5.217664274,-1.353000045,-9.154050827,-1.177050114
5.234687361,-1.690950036,-8.929050446,1.105949998
5.25171051,-0.787950039,-8.562000275,0.838050067
5.26873357,0.232950017,-8.320950508,-0.19995001
5.285756855,0.601950049,-8.266050339,-0.825000048
5.302779925,-0.180000007,-8.176950455,-0.564000011
5.319802985,-1.177950025,-7.777050495,0.277950019
5.336826035,-1.933050036,-7.782000542,1.209000111
5.35384918,-2.353950024,-8.160000801,1.642050028
5.370872237,-2.341950178,-8.697000504,1.843950033
5.38789556,-2.281949997,-9.858000755,0.922050059
5.404918666,-2.10705018,-10.65705013,-0.420000017
5.421941808,-2.548050165,-10.32900047,-0.193050012
5.438964892,-3.271050215,-10.14000034,0.89805007
5.455988221,-4.308000088,-9.726000786,1.321950078
5.473011307,-5.311050415,-9.235050201,0.973950028
5.490034413,-6.118050098,-10.45905018,1.051050067
5.507057591,-4.438950062,-10.62195015,1.305000067
5.524080697,-5.680050373,-9.54900074,2.016000032
5.541103766,-4.453950405,-11.42100048,1.413000107
5.558127087,1.672050118,-19.84005165,-2.37405014
5.575150164,11.02695084,-24.13695145,-4.491000175
5.592173245,8.103000641,-17.10300064,-0.882000029
5.609196429,2.472000122,-15.14205074,0.139050007
5.626219513,-1.605000019,-14.36595058,0.867000043
5.643242818,-3.228000164,-11.12895012,0.948000073
5.660265895,-2.66505003,-8.344950676,1.11105001
5.677288948,-0.819000065,-8.632050514,2.575950146
5.694312089,1.483050108,-7.68405056,2.866050243
5.711335156,2.272950172,-6.015000343,2.452050209
5.728358472,1.678950071,-6.039000511,-0.576000035
5.745381559,1.591050029,-5.974050522,-3.070950031
5.762404626,3.013050079,-5.437950134,-2.062950134
5.779427746,4.585950375,-5.524050236,-0.010950001
5.796450825,5.086950302,-6.760050297,1.204050064
5.813474135,3.43200016,-7.324950218,0.892950058
5.830497217,0.862950027,-7.108950138,1.030050039
5.847520366,-0.762000024,-6.529950142,1.587000132
5.864543455,-1.221000075,-6.445950508,2.059050083
5.881566536,-0.937050045,-7.095000267,2.473050117
5.898589852,-1.188000083,-7.744050503,3.046050072
5.91561292,-2.332050085,-7.789050579,3.412050247
5.932636069,-3.253950119,-7.861050606,3.598950148
5.949659157,-3.690000057,-8.019000053,4.480050087
5.966682463,-4.223999977,-8.251049995,5.301000118
5.983705509,-4.842000008,-8.701050758,5.595000267
6.000728634,-4.729050159,-8.212950706,5.08095026
6.017751704,-3.618000269,-7.024950504,4.525050163
6.034775,-0.616050005,-7.783950329,2.725050211
6.051798082,2.046000004,-15.01005077,-0.48300001
6.068821236,6.529950142,-18.95100021,2.248050213
6.085844324,8.315999985,-22.07100105,4.19204998
6.10286742,4.392000198,-21.77400017,7.224000454
6.119890733,-3.403050184,-9.42195034,1.48695004
6.136913789,-1.162050009,-4.854000092,-8.638050079
6.153936971,4.97205019,-1.231050014,-12.53505039
6.17096005,5.992050171,-1.914000034,-9.49200058
6.187983356,3.271950245,-4.717050076,-0.613950014
6.205006425,-0.28005001,-10.90395069,1.884000063
6.222029601,-1.305000067,-15.2310009,1.099050045
6.239052704,-0.508050025,-12.00795078,2.737050056
6.256075771,2.599050045,-9.407999992,-1.105050087
6.273099065,3.480000257,-8.088000298,-3.190950155
6.29012213,-1.332000017,-8.208000183,-1.677000046
6.307145217,-3.301950216,-7.854000568,-0.186000004
6.324168372,-1.612050056,-8.026050568,-0.19995001
6.341191668,-0.261000007,-8.148000717,-0.090000004
6.358214732,-0.046050001,-8.22495079,0.318000019
6.375237818,-1.140000105,-8.428050041,0.661050022
6.392260984,-2.0400002,-8.341950417,0.748950064
6.409284065,-2.301000118,-7.873050213,0.666000009
6.426307328,-2.170050144,-7.858950138,0.378000021
6.443330424,-2.170050144,-8.646000862,-0.078000002
6.460353583,-2.46600008,-9.694950104,-0.38895002
6.477376677,-2.431050062,-9.793050766,-0.286050022
6.494399967,-1.825050116,-9.388950348,-0.472950012
6.511423068,-1.195050001,-9.420000076,-1.08795011
6.528446198,-1.030050039,-9.855000496,-1.723050117
6.545469301,-1.494000077,-11.25795078,-1.785000086
6.562492622,-2.344050169,-13.10205078,-0.802950025
6.579515697,-1.600050092,-12.66600037,-0.033
6.596538878,-3.910050154,-11.90505028,-0.571050048
6.61356195,-4.654950142,-11.93805027,-1.084050059
6.630585261,-3.157950163,-13.00095081,0.00705
6.647608322,-0.526950002,-12.66600037,1.638000131
6.664631423,2.071950197,-12.46305084,3.058050156
6.681654545,3.909000158,-13.23405075,2.677050114
6.698677637,5.986950397,-13.97805023,0.112950005
6.715700943,5.332950115,-13.05195045,-0.157050014
6.732723997,2.035950184,-12.19500065,0.325950027
6.749747128,-1.834050059,-11.90295029,0.036000002
6.766770176,-2.103000164,-11.17500019,0.139050007
6.783793432,-0.673050046,-10.26495075,0.649050057
6.800816596,0.187950015,-9.324000359,0.297000021
6.817839689,0.010950001,-8.187000275,-0.30795002
6.834862995,0.439050019,-7.485000134,-0.451950014
6.85188606,1.006950021,-6.666000366,-0.115950003
6.868909149,2.019000053,-5.680050373,0.405000031
6.885932281,2.356950045,-4.783950329,0.972000063
6.902955368,2.295000076,-4.392000198,1.132050037
6.919978677,2.122050047,-4.114050388,0.625050008
6.937001778,2.122050047,-3.558000088,-0.142950013
6.954024949,2.211000204,-3.159000158,-0.247950018
6.971048035,2.137050152,-3.264000177,0.261000007
6.988071346,1.483050108,-4.19505024,1.731000066
7.0050945,-0.232950017,-6.34305048,3.511950254
7.022117589,-3.751950264,-10.27200031,5.557050228
7.039140685,-7.68405056,-14.64195061,8.715000153
7.056163991,-8.289000511,-16.25100136,9.310950279
7.073187118,-3.714000225,-12.79095078,7.705050468
7.090210285,-0.180000007,-9.769050598,4.237950325
7.107233348,0.499050021,-8.256000519,2.21505022
7.124256659,1.342050076,-9.451050758,0.076950006
7.141279793,3.796050072,-14.5030508,-0.241050005
7.158302882,4.426050186,-19.62600136,5.32005024
7.175326197,0.268950015,-22.32495117,7.473000526
7.19234926,-0.417000026,-10.67400074,4.390950203
7.209372416,1.306050062,-4.899000168,-3.808050156
7.226395483,7.717950344,-2.31795001,-12.85200024
7.24341879,5.989050388,-2.191050053,-11.59695053
7.260441836,-1.16595006,-3.469950199,-4.347000122
7.277464966,-3.889050245,-9.328950882,-0.070950001
7.29448806,-4.083000183,-15.72600079,3.714000225
7.311511376,-0.892950058,-11.3230505,4.245000362
7.328534535,3.312000275,-8.953050613,-0.859050036
7.345557619,3.274050236,-7.819950581,-5.24505043
7.362580914,1.311000109,-8.788050652,-2.953950167
7.379603996,0.391050011,-9.199050903,-0.010950001
7.396627058,-0.300000012,-8.304000854,0.699000061
7.4136502,-0.517949998,-8.023950577,-0.655050039
7.430673496,0.312000006,-7.815000534,-1.75605011
7.447696578,0.88500005,-8.080950737,-0.930000067
7.464719723,0.745950043,-8.380949974,-0.262050003
7.481743011,0.148950011,-8.232000351,-0.406050026
7.49876608,-1.321950078,-7.954050541,-0.439950019
7.515789251,-1.992000103,-8.293950081,-0.127950013
7.532812311,-2.265000105,-9.100950241,0.535950005
7.549835402,-2.449950218,-9.532050133,0.532050014
7.566858703,-3.115050077,-9.726000786,-0.274050027
7.583881871,-3.862050295,-9.598950386,-1.174950004
7.600904936,-3.62100029,-9.7999506,-1.705950022
7.617928239,-2.548050165,-10.98105049,-0.877950013
7.634951314,-1.879950047,-12.13695049,-0.121050008
7.651974464,-2.734950066,-12.38400078,0.627000034
7.668997532,-3.58005023,-12.87000084,1.417050123
7.686020823,-3.225000143,-11.72100067,2.02305007
7.703043865,-4.000950336,-10.29600048,0.796950042
7.72006705,-3.589050055,-10.1430006,0.520050049
7.737090351,-2.143050194,-12.11805058,-0.154950008
7.754113443,2.014950037,-14.78505039,-0.313050002
7.771136599,7.825950146,-17.63895035,-2.524950027
7.788159676,8.704050064,-16.77495003,-1.471050024
7.805183002,4.15500021,-15.09405041,0.337950021
7.822206014,0.37500003,-12.83895016,-0.154950008
7.839229242,-2.416050196,-11.06700039,-0.661950052
7.856252553,-0.154050008,-8.962050438,-0.504000008
7.873275746,-0.223050013,-7.294050217,1.614000082
7.890298825,-0.474000037,-6.8770504,1.731000066
7.907321927,0.298050016,-6.226050377,1.281000018
7.924345207,1.123950005,-6.147000313,0.345000029
7.941368347,1.701000094,-5.497950077,-0.424950033
7.958391416,2.548950195,-4.328999996,-0.418050021
7.975414698,3.394050121,-3.336000204,-0.097050004
7.992437761,3.400950193,-3.20595026,-0.175950006
8.009460905,2.74695015,-3.409950256,-0.00405
8.026483998,1.854000092,-3.384000063,0.342000008
8.043507314,0.145050004,-4.561950207,1.128000021
8.060530448,-1.89195013,-7.092000484,2.241000175
8.077553531,-4.420050144,-10.10400009,3.511950254
8.094576814,-6.735000134,-12.59895039,5.752950191
8.111599908,-8.502000809,-14.91900063,8.458950043
8.128623098,-7.024950504,-14.0020504,8.152950287
8.145646414,-3.022050142,-9.649050713,5.512050152
8.16266951,-0.574950039,-6.190050125,2.595000029
8.179692661,0.97995007,-6.630000114,0.475950033
8.196715738,3.778950214,-12.14895058,-2.824050188
8.213739028,7.464000225,-26.60595131,-1.567050099
8.230762154,6.729000092,-28.69395065,9.217950821
8.247785252,1.191000104,-15.86505032,8.428050041
8.264808541,0.472950012,-5.689050198,2.557050228
8.281831631,1.270050049,-0.193950012,-7.546050549
8.298854782,8.131950378,1.624050021,-16.10505104
8.315878068,4.986000061,-2.413950205,-11.60700035
8.33290113,-0.903000057,-6.223050117,-3.673950195
8.349924291,-3.120000124,-13.96395111,2.410950184
8.366947616,-2.395050049,-15.06300068,5.892000198
8.383970732,1.536000013,-10.07595062,3.09795022
8.400993871,2.106000185,-8.119950294,-2.668950081
8.418016969,-0.048,-7.807950497,-4.825950146
8.43504028,-1.921050072,-8.61300087,-1.573950052
8.452063443,-2.281949997,-8.36400032,1.792950034
8.469086527,-1.011000037,-7.801050186,1.000950098
8.486109842,-0.331050009,-7.842000484,-1.162950039
8.503132982,0.30795002,-7.95195055,-1.704000115
8.520156075,0.298050016,-7.990050316,-0.814950049
8.537179376,-0.193950012,-8.138999939,0.313950002
8.554202458,-0.187050015,-8.163000107,0.994050026
8.57122559,0.058050003,-8.656050682,0.706050038
8.588248933,0.303000003,-9.076950073,-0.198000014
8.605271996,-0.217950016,-9.436050415,-0.499050021
8.622295133,-1.345950007,-9.505950928,-0.186000004
8.63931821,-3.21600008,-9.597000122,-0.562050045
8.656341496,-3.538950205,-9.144000053,-1.038000107
8.673364645,-2.236950159,-10.11195087,-0.732000053
8.690387738,-1.930050135,-11.59095097,-0.211950004
8.70741104,-2.941050053,-12.03405094,-0.274050027
8.724434101,-4.168950081,-11.47395039,0.852000058
8.741457247,-4.438950062,-10.82295036,1.759950042
8.758480548,-4.666950226,-10.35795021,2.028000116
8.775503678,-3.742950201,-10.27905083,1.234950066
8.792526776,-0.063000001,-13.33005047,0.867000043
8.809549873,6.802950382,-20.71305084,-2.793000221
8.826573282,11.0340004,-21.34995079,-4.347000122
8.843596358,5.083950043,-16.21005058,-0.246000007
8.860619663,1.591050029,-15.69000053,0.466950029
8.877642726,-1.99695015,-13.60200024,0.193950012
8.894665875,-2.416050196,-10.85595036,-0.00105
8.911688983,-0.481950015,-8.335050583,1.243050098
8.928712299,-0.594000042,-7.441950321,1.543950081
8.94573545,-0.241950005,-6.408000469,1.195050001
8.962758531,0.717000008,-5.33700037,0.393000007
8.979781822,1.105050087,-4.593000412,-0.376950026
8.996804957,1.215000033,-3.640050173,-0.411000013
9.013828031,1.524000049,-2.337000132,-0.127950013
9.030851348,2.119950056,-1.618950129,-0.454050034
9.047874438,2.094000101,-2.007000208,-0.697950006
9.064897603,1.420950055,-2.740050077,-0.391950011
9.081920925,1.17900002,-3.787950277,0.36195001
9.098944072,0.676050007,-5.926050186,1.474950075
9.115967146,-0.445950031,-8.352000237,2.509050131
9.132990438,-2.434950113,-10.97805023,3.799950123
9.150013592,-5.244000435,-12.81195068,6.406950474
9.16703668,-6.40500021,-14.91495037,9.0499506
9.184059981,-7.19505024,-14.15595055,8.916000366
9.201083051,-4.272000313,-10.59495068,6.757050514
9.218106181,-1.576050043,-6.949050426,4.642950058
9.235129466,0.409950018,-5.103000164,2.251049995
9.252152529,1.156949997,-8.725049973,-0.973050058
9.269175661,3.801000118,-12.54405022,-2.005050182
9.286198954,6.268950462,-17.52195168,1.08705008
9.303222092,7.204950333,-23.78805161,8.524050713
9.32024519,-2.353950024,-16.98600006,8.509050369
9.337268502,-2.887950182,-8.785050392,-0.775050044
9.354291639,0.748050034,-2.92200017,-9.166950226
9.371314747,7.609950542,-1.44900012,-12.53505039
9.388338079,5.271000385,-2.026050091,-7.203000546
9.405361285,2.380950212,-4.777050018,0.967050076
9.422384359,-4.114050388,-13.81800079,1.590000033
9.439407667,-3.007950068,-13.72905064,2.689050198
9.456430747,0.298050016,-9.429000854,1.333950043
9.473453911,3.877050161,-7.926000595,-4.069050312
9.490477217,2.070000172,-8.539050102,-4.117050171
9.507500354,-2.028000116,-9.922050476,-0.193050012
9.524523402,-2.21505022,-8.299050331,1.792950034
9.541546732,-0.922050059,-7.516050339,0.306000024
9.558569876,-0.649050057,-7.609950542,-1.486050129
9.57559296,-0.193950012,-7.950000286,-1.740000129
9.592616256,-0.204000011,-8.098050117,-0.768000007
9.609639438,-0.718950033,-8.275050163,0.157950014
9.626662766,-0.889050067,-8.233950615,0.201000005
9.643685857,-0.999000073,-8.211000443,-0.250050008
9.660709001,-1.00395,-8.80395031,-0.205050007
9.677732305,-1.00395,-9.652050018,0.346950024
9.69475538,-1.533000112,-9.919950485,0.852000058
9.711778546,-2.304000139,-10.09200001,0.64200002
9.728801849,-3.65895009,-9.501000404,0.01905
9.745824915,-3.498000145,-8.239050865,-0.544950008
9.762848042,-2.695950031,-9.187050819,-0.459000021
9.779871119,-3.975000143,-12.22095013,0.864000022
9.796894386,-3.115050077,-13.73400021,-0.301050007
9.813917552,-7.236000538,-13.26495075,-1.096050024
9.830940638,-4.774950027,-15.4480505,-1.294050097
9.847963948,2.218050003,-18.04905128,-0.765000045
9.864987109,9.229050636,-18.54405022,-1.051950097
9.882010455,10.88295078,-17.46705055,-1.905000091
9.899033528,4.591050148,-14.43795109,-0.102000006
9.916056691,0.729000032,-12.21105099,1.338000059
9.933080005,-2.383050203,-10.52100086,0.994050026
9.950103175,-2.986050129,-8.905050278,0.028950002
9.967126252,-0.501000047,-8.038050652,1.432050109
9.984149568,0.688050032,-7.654950142,1.786050081
10.00117271,1.135950089,-7.183050156,0.630000055
10.01819577,1.195950031,-6.834000111,-1.294050097
10.03521906,0.990000069,-6.523050308,-2.314050198
10.05224222,1.423050046,-5.758950233,-1.846950054
10.06926551,2.296950102,-4.521000385,-0.814950049
10.08628859,3.070950031,-4.429950237,0.193950012
10.10331174,2.701950073,-5.328000069,0.603000045
10.12033506,2.154000044,-6.1270504,0.904950023
10.13735822,1.761000037,-6.027000427,1.092000008
10.1543815,1.324950099,-5.59800005,1.420050025
10.17140458,0.49695003,-5.826000214,1.642050028
10.18842775,-0.807000041,-6.831000328,2.301000118
10.20545104,-2.217000008,-8.656050682,3.44505024
10.22247414,-4.504050255,-11.22300053,6.522000313
10.2394973,-7.714950562,-13.80405045,8.848950386
10.25652061,-8.337000847,-13.49895096,8.116950035
10.27354377,-4.432050228,-10.10700035,6.139050484
10.29056685,-0.994050026,-6.469950199,4.425000191
10.30759013,0.862950027,-5.998050213,1.483950019
10.32461325,3.103950262,-8.665050507,-1.624950051
10.34163634,5.722950459,-12.81000042,-0.928050041
10.35865964,4.687050343,-17.74200058,3.82095027
10.3756828,1.645950079,-20.78505135,9.964950562
10.39270608,-1.447050095,-16.08795166,4.219050407
10.40972924,-1.867950082,-7.975950241,-0.046950001
10.42675232,1.35405004,-4.597949982,-6.832050323
10.44377564,6.535050392,-3.546000242,-12.19095039
10.4607988,4.288949966,-4.204950333,-7.230000496
10.47782209,2.071950197,-5.878050327,-0.901950061
10.49484516,-1.530000091,-11.76105022,0.232050017
10.51186832,-2.205000162,-12.28800011,2.679000139
10.52889163,-0.934050024,-10.34400082,2.241000175
10.54591471,1.485000014,-9.36000061,-1.672950029
10.56293811,1.714950085,-9.028950691,-2.554050207
10.57996118,-0.982050061,-9.025050163,-0.387000024
10.59698435,-1.827000141,-8.059950829,1.312050104
10.61400766,-0.652050018,-7.452000141,0.970050037
10.63103081,0.049050003,-7.758000374,-0.169050008
10.64805388,-0.01695,-7.855950356,-1.054949999
10.66507717,-0.874050021,-7.942050457,-0.81795001
10.68210033,-2.032950163,-8.079000473,0.40200001
10.69912365,-2.191050053,-7.978050232,1.348050117
10.71614673,-2.052000046,-7.834950447,1.120950103
10.73316988,-2.21505022,-8.340000153,0.060000002
10.75019319,-2.248950005,-9.003000259,-0.516000032
10.76721635,-2.263050079,-9.304950714,0.13395001
10.78423938,-2.731950045,-9.096000671,0.508050025
10.80126269,-3.196950197,-8.641050339,-0.495000035
10.81828586,-3.010050058,-9.646950722,-0.729000032
10.83530917,-3.676050186,-12.36000061,0.131999999
10.85233233,-4.01295042,-13.98105049,1.267050028
10.86935543,-3.181950092,-13.51605034,0.586950004
10.88637877,-5.799000263,-11.90295029,-0.106950007
10.90340193,-5.233950138,-14.80395031,1.213950038
10.920425,1.027950048,-18.46995163,1.189950109
10.93744838,9.469950676,-19.29600143,-2.046000004
10.95447145,9.754950523,-14.92200089,-2.731050014
10.97149479,3.360000134,-11.89305019,0.309000015
10.98851794,-1.396050096,-10.85895061,1.551000118
11.00554123,-3.84795022,-10.58100033,0.498000026
11.02256436,-2.42595005,-8.866950035,0.366000027
11.03958767,-1.123050094,-7.747950554,1.954050064
11.05661072,-0.232950017,-7.585950375,2.148000002
11.07363387,0.894000053,-7.282050133,1.402950048
11.09065719,0.688050032,-7.207050323,-0.519000053
11.10768027,0.742950022,-6.95595026,-2.422049999
11.12470362,2.134050131,-5.779950142,-2.058000088
11.14172669,3.814950228,-4.521000385,-0.147
11.15874983,4.204950333,-4.272000313,0.883050025
11.17577313,3.681000233,-4.753050327,1.59495008
11.1927963,2.653950214,-4.978050232,1.546950102
11.20981962,1.453950047,-4.903950214,1.240050077
11.2268427,0.322050005,-5.440050125,1.350000024
11.24386586,-1.195050001,-6.529950142,1.978050113
11.26088917,-3.249000072,-8.401950836,2.416050196
11.27791229,-5.512050152,-10.21200085,4.152000427
11.29493559,-7.581000328,-11.9239502,6.658950329
11.31195869,-8.170050621,-12.66405106,7.081950188
11.32898186,-5.431050301,-11.20605087,5.940000057
11.34600515,-1.759950042,-8.890050888,3.201000214
11.36302834,0.781950057,-9.136950493,1.72905004
11.38005163,3.481950283,-13.93995094,-0.472950012
11.39707468,7.372950554,-19.08105087,0.83100003
11.41409807,5.83095026,-27.64005089,4.027050018
11.43112116,-0.928950071,-16.40895081,7.567950249
11.44814431,-0.960000038,-6.760050297,0.385050029
11.46516763,1.585950017,-1.70295012,-6.649950504
11.48219078,7.963950157,1.207950115,-12.04200077
11.49921406,7.035000324,-0.513000011,-8.62305069
11.51623715,0.655050039,-4.353000164,-1.105050087
11.53326032,-2.482950211,-13.9470005,1.56795013
11.55028361,-6.532050133,-17.76405144,3.5239501
11.56730676,-2.340000153,-10.70805073,5.875950336
11.5843301,0.45600003,-9.235050201,-0.370050013
11.60135326,2.392950058,-7.710000515,-6.025050163
11.61837654,1.042950034,-7.510950565,-3.492000103
11.63539963,-0.673050046,-7.413000584,0.289950013
11.65242275,-1.132950068,-7.702950478,1.180050015
11.66944605,-0.907950044,-7.732050419,-0.33405003
11.68646922,-0.508050025,-8.206049919,-1.962000132
11.70349253,-0.703950048,-8.866950035,-1.519050121
11.72051569,-0.829050064,-8.967000008,0.277950019
11.737539,-0.709050059,-8.718000412,1.080000043
11.75456208,-0.501000047,-8.383049965,0.345000029
11.77158526,-0.733050048,-8.266050339,-0.910950065
11.78860854,-1.075049996,-8.601000786,-1.500000119
11.80563171,-1.291050076,-9.180000305,-1.002000093
11.82265504,-1.795950055,-10.11900043,0.055050004
11.83967811,-2.689050198,-10.75095081,0.567000032
11.85670151,-3.048000097,-11.0020504,0.589050055
11.87372458,-1.642950058,-10.42800045,0.354000002
11.89074773,-1.5160501,-10.4419508,-0.217050016
11.90777104,-3.609000206,-11.83095074,-0.126000002
11.92479417,-3.034050226,-12.66600037,0.32100001
11.9418175,-4.854000092,-12.26205063,-0.553950012
11.95884063,-4.750950336,-13.98105049,0.601050019
11.97586372,1.336950064,-18.41295052,1.372050047
11.99288702,8.230050087,-19.63095093,0.060000002
12.00991018,10.81800079,-16.13294983,-1.996050119
12.0269335,4.15500021,-12.24195099,-0.799050033
12.04395665,-0.024,-11.04105091,0.168000013
12.06097997,-1.533000112,-10.56195068,0.259050012
12.07800312,-2.509950161,-10.10700035,0.381000012
12.0950264,-1.698000073,-9.063000679,2.008949995
12.11204955,-1.705050111,-8.518950462,2.602950096
12.12907287,-0.931950033,-8.134050369,1.321950078
12.14609593,0.003,-7.48995018,-0.649950028
12.16311909,0.781950057,-6.787950516,-1.800000072
12.1801424,2.007000208,-5.287050247,-1.740000129
12.19716555,3.102000237,-3.481950283,-0.921000063
12.21418884,3.51300025,-2.500050068,0.04095
12.23121199,3.085050106,-2.859000206,0.847950041
12.24823529,2.059950113,-3.645000219,1.519950032
12.26525844,1.153050065,-4.558950424,1.81005013
12.28228176,0.160950005,-5.707950115,2.227050066
12.29930494,-1.369950056,-6.822000504,2.785050154
12.316328,-3.232950211,-8.095950127,2.832000017
12.3333513,-5.019000053,-10.41795063,4.734000206
12.35037446,-6.010050297,-13.1760006,7.542000294
12.36739777,-5.716050148,-12.29505062,7.096950531
12.38442092,-3.817050219,-9.42195034,6.091050148
12.40144422,-1.147050023,-8.103000641,3.787950277
12.41846739,0.511050046,-9.81000042,1.128000021
12.43549071,2.553000212,-12.21405029,0.045000002
12.45251386,4.189050198,-14.63205051,1.46295011
12.46953715,2.853000164,-16.97100067,6.436050415
12.48656023,0.853050053,-17.75895119,6.001950264
12.50358363,-1.198050022,-10.64805031,4.14495039
12.5206067,-0.00495,-6.517950535,-2.673000097
12.53762987,3.600000143,-4.320000172,-9.2310009
12.55465317,4.62195015,-4.150050163,-8.911050797
12.57167634,1.30095005,-4.863000393,-3.664950132
12.58869967,-0.192000002,-8.071949959,-0.436950028
12.60572282,-0.841050029,-12.41700077,1.872000098
12.62274613,-0.019950001,-10.83000088,3.784950256
12.63976931,1.963950038,-9.34995079,0.043050002
12.6567926,2.319000006,-8.329950333,-5.332950115
12.67381575,0.211950004,-8.686950684,-3.832050085
12.69083906,-2.256000042,-9.652050018,-0.447000027
12.70786224,-1.935000062,-8.979000092,1.591950059
12.72488527,-0.249000013,-7.987950325,0.991050065
12.74190859,-0.237000018,-7.801050186,-0.957000017
12.75893176,-0.582000017,-7.870950222,-1.266000032
12.77595505,-0.403050005,-8.023950577,-0.411000013
12.7929782,-0.634950042,-8.143050194,0.760950029
12.81000149,-0.889050067,-8.080950737,1.44900012
12.82702453,-1.156949997,-7.858950138,0.916950047
12.84404796,-1.377000093,-7.933050156,0.259050012
12.86107112,-1.696050048,-8.383049965,-0.037050001
12.87809443,-1.863000035,-8.407050133,0.096000001
12.8951175,-1.873050094,-8.842950821,0.958050072
12.91214091,-1.930050135,-9.241950035,1.153950095
12.92916398,-2.320050001,-9.087000847,0.382950008
12.94618736,-2.626950026,-9.316950798,-0.097050004
12.96321041,-3.288000107,-10.36305046,0.570000053
12.98023358,-4.054049969,-12.01995087,0.862050057
12.99725688,-4.111050129,-12.30000019,2.047049999
13.01428005,-4.48995018,-11.89305019,1.870050073
13.03130337,-6.406950474,-13.56195068,1.884000063
13.04832649,-0.462000012,-22.84005165,-0.622050047
13.0653498,12.09000015,-23.41905022,-4.600950241
13.08237295,11.99205017,-15.81705093,-2.455950022
13.09939625,2.96295023,-12.70200062,-0.175950006
13.11641943,-2.287050009,-11.83995056,1.185000062
13.13344273,-4.228950024,-11.18400097,1.48695004
13.15046583,-2.019000053,-9.010050774,1.23300004
13.1674892,-1.293000102,-7.866000175,2.683950186
13.18451236,-0.319050014,-6.973050117,2.473050117
13.20153569,0.295950025,-6.022050381,1.687950134
13.21855884,0.070050001,-6.051000118,-0.703050017
13.23558215,0.255000025,-5.773050308,-2.299950123
13.25260533,1.645950079,-4.662000179,-1.954950094
13.26962863,3.68805027,-3.634950161,-0.732000053
13.28665175,4.416000366,-3.565950155,-0.298050016
13.30367512,3.573000193,-4.186050415,0.357000023
13.32069818,1.79400003,-4.786950111,1.117950082
13.33772135,0.142050013,-5.649000168,1.789050102
13.35474466,-1.054050088,-6.532050133,2.338950157
13.37176804,-1.968000054,-7.899000168,3.460050106
13.38879115,-3.508050203,-9.171000481,4.552050114
13.4058143,-5.577000141,-10.78695011,6.465000153
13.42283763,-6.481950283,-13.47600079,7.480050564
13.43986078,-5.509950161,-12.8220005,7.231050491
13.45688407,-2.268000126,-9.340950012,6.168000221
13.47390718,0.892050028,-6.95595026,4.077000141
13.49093047,1.822950125,-8.986050606,1.492050052
13.50795362,3.252000093,-12.80295086,-1.297050118
13.52497692,5.24505043,-17.74200058,0.298950017
13.54200007,6.03000021,-26.51700211,5.955000401
13.55902338,-2.521950006,-15.78795052,7.906050205
13.5760465,-2.365950108,-7.294050217,-1.38105011
13.59306978,2.734950066,-1.167000055,-9.247950554
13.6100929,8.134050369,0.231000006,-14.89395046
13.6271162,5.580000401,-0.76395005,-7.639050484
13.64413939,2.055000067,-5.482950211,0.747000039
13.66116272,-2.245950222,-17.32995033,1.21905005
13.67818587,-1.94505012,-15.56805038,2.844000101
13.69520918,-0.676050007,-9.925050735,2.887950182
13.71223232,1.773000121,-7.858950138,-2.724000216
13.7292556,0.658950031,-8.005050659,-4.330049992
13.74627875,-1.660050035,-8.230050087,-1.117050052
13.76330205,-1.441950083,-7.80300045,0.838050067
13.78032522,-0.148950011,-7.978050232,-0.48300001
13.79734855,0.982950032,-8.305950165,-1.644000053
13.81437169,0.766950011,-8.479050636,-1.522050023
13.83139499,-0.41505003,-8.470950127,-0.697950006
13.84841813,-1.309950113,-8.493000031,0.370950013
13.86544142,-1.590000033,-8.551050186,0.607950032
13.88246458,-1.447050095,-8.779950142,0.337950021
13.89948791,-1.264950037,-9.36495018,-0.154950008
13.91651109,-1.806000113,-9.622950554,-0.484950036
13.93353439,-2.440050125,-9.429000854,-0.171000004
13.95055756,-2.725050211,-9.831000328,0.924000025
13.96758087,-2.581050158,-10.89195061,1.666050076
13.98460401,-2.719950199,-11.16300011,1.570950031
14.00162729,-3.264000177,-10.19100094,0.502950013
14.01865049,-3.403050184,-9.906000137,-0.126000002
14.03567379,-4.906050205,-11.79000092,0.690000057
14.05269694,-3.946050167,-13.24305058,0.759000063
14.06972026,-4.590000153,-11.77995014,-1.312950015
14.0867434,-4.233000278,-13.300951,-1.275000095
14.10376671,0.363000006,-16.84905052,-0.655050039
14.12078985,7.078950405,-18.68100166,-0.789000034
14.13781317,8.676000595,-16.45605087,-1.084050059
14.15483635,3.670950174,-13.02300072,-0.826950014
14.17185966,1.696050048,-11.31105042,0.28005001
14.18888281,-1.79400003,-10.60695076,0.196050003
14.20590608,-2.74695015,-9.709050179,-0.408000022
14.22292923,-1.597050071,-8.874000549,1.045950055
14.23995254,0.159000009,-8.187000275,2.184000015
14.25697569,0.66900003,-7.68900013,1.342950106
14.27399899,0.853050053,-7.027950287,-0.768000007
14.29102215,0.664050043,-6.456000328,-2.221050024
14.30804547,1.006950021,-5.698950291,-2.001000166
14.3250686,2.467050076,-4.681050301,-0.847050011
14.3420919,2.96505022,-4.750950336,0.33495003
14.35911505,2.81400013,-5.542950153,1.16595006
14.37613836,2.388000011,-6.196950436,1.324050069
14.3931615,1.666950107,-6.477000237,0.988950074
14.41018481,0.84405005,-6.565950394,0.958050072
14.42720796,-0.091050006,-6.700050354,1.249950051
14.44423128,-1.236000061,-7.357950211,2.160000086
14.46125446,-2.761050224,-8.842950821,3.163050175
14.47827785,-4.899000168,-10.78395081,5.119050026
14.49530091,-6.214050293,-11.12400055,6.763950348
14.5123243,-5.287050247,-10.02495003,6.172050476
14.52934759,-3.259050131,-8.779950142,4.741050243
14.54637074,-1.414950013,-9.693000793,2.758050203
14.56339406,0.645000041,-15.06300068,0.031050002
14.58041724,2.96505022,-15.46800041,1.36500001
14.59744033,3.808050156,-14.30595112,4.482000351
14.61446371,4.617000103,-13.44000053,4.642950058
14.63148702,2.45505023,-9.858000755,2.58795023
14.64851017,-0.115050003,-5.838000298,-0.784050047
14.66553345,0.796050012,-5.761050224,-5.820000172
14.68255661,2.263950109,-5.886000156,-9.538050652
14.69957995,1.555050015,-7.509000301,-4.531050205
14.71660313,0.68295002,-8.815950394,0.049950004
14.73362645,-0.690000057,-10.80600071,1.46295011
14.7506496,-0.65595001,-11.17200089,3.310950041
14.76767292,0.46995002,-9.48900032,1.912950039
14.78469605,1.504950047,-8.482950211,-2.070000172
14.80171934,0.853050053,-7.873050213,-4.801950455
14.81874251,-1.023000002,-8.74905014,-2.092050076
14.83576589,-1.759950042,-9.514950752,0.895050049
14.85278919,-0.345000029,-9.48900032,1.711950064
14.86981236,0.49695003,-8.565000534,-0.046950001
14.88683566,0.298050016,-7.923000336,-1.950000048
14.90385878,-0.261000007,-7.756050587,-2.029050112
14.9208821,-0.613050044,-8.005050659,-0.616950035
14.93790527,-0.643950045,-8.332950592,0.441000015
14.95492857,-0.79005003,-8.413949966,0.646050036
14.97195174,-1.237950087,-8.244000435,0.177000001
14.98897504,-1.693050027,-8.175000191,-0.166950002
15.00599822,-2.13105011,-8.421000481,-0.138000011
15.02302154,-2.943000078,-8.371050835,0.211050004
15.04004491,-3.510000229,-8.409000397,0.225000009
15.057068,-4.207050323,-8.530950546,0.156000003
15.07409137,-4.164000034,-9.712050438,0.65595001
15.0911145,-3.757050276,-11.14605045,1.099050045
15.10813782,-4.588050365,-13.26705074,0.996000052
15.12516098,-4.573050022,-16.4640007,-0.77700001
15.14218429,2.85495019,-19.47105026,-0.079950005
15.15920746,3.790950298,-19.34895134,2.884950161
15.17623074,4.62405014,-16.00200081,2.551950216
15.19325388,4.141050339,-13.88295078,1.707000136
15.21027716,3.121050119,-12.82005024,0.55095005
15.22730034,3.049050093,-10.54305077,1.183050036
15.2443237,1.416000009,-9.652050018,0.52395004
15.26134679,-0.160950005,-10.45200062,0.229950011
15.27837011,-0.448050022,-9.963000298,1.018050075
15.29539347,0.190050006,-8.758950233,1.474950075
15.31241664,0.046950001,-7.636050224,0.960000038
15.32943991,0.226050004,-6.561000347,-0.217050016
15.34646303,0.355050027,-5.320950031,-1.048050046
15.36348636,0.658950031,-4.600050449,-0.970950067
15.38050953,1.384950042,-4.150050163,0.474000037
15.39753295,2.296950102,-4.465950012,1.549050093
15.41455603,1.894950032,-5.716050148,1.398000121
15.43157941,0.664050043,-6.62100029,0.928950071
15.44860271,-0.300000012,-6.451050282,0.943050027
15.46562586,-0.976950049,-5.941050053,1.065000057
15.4826492,-1.324050069,-6.075000286,1.563000083
15.49967232,-1.363050103,-6.853050232,2.940000057
15.51669565,-1.497000098,-8.361000061,4.710000038
15.53371883,-2.782950163,-9.8770504,5.421000481
15.55074212,-3.747000217,-10.87500095,5.878050327
15.56776552,-4.019999981,-10.57605076,6.679950237
15.58478869,-3.865050077,-9.219000816,6.079050064
15.601812,-3.502950191,-7.645050526,4.531949997
15.61883515,-2.548050165,-6.702000141,2.931000233
15.63585844,-1.2739501,-7.806000233,1.228050113
15.65288161,0.252000004,-11.45700073,0.799950063
15.66990491,3.727050066,-16.20495033,2.100000143
15.68692831,6.49905014,-21.91305161,2.950050116
15.70395148,3.363000154,-24.70005035,6.550950527
15.72097459,-0.403050005,-12.13500023,5.842050076
15.73799798,-0.889050067,-4.822950363,-2.15895009
15.75502127,3.208950043,-1.447050095,-7.452000141
15.77204439,7.36095047,-0.154050008,-8.50605011
15.78906769,5.473950386,-2.323050022,-5.166000366
15.80609107,0.439050019,-6.20895052,0.010050001
15.82311416,-4.308000088,-15.03900051,0.760950029
15.84013733,-6.751950264,-15.74505043,4.051050186
15.85716073,-1.04400003,-10.6260004,4.603950024
15.87418406,2.869050026,-8.527050018,-2.494050026
15.8912072,2.496000051,-7.321950436,-6.045000076
15.90823048,-0.991950035,-7.959000587,-2.668950081
15.92525386,-2.842050076,-8.244000435,0.95295006
15.94227704,-1.678950071,-8.188950539,2.209950209
15.95930036,-0.060000002,-8.184000015,0.055050004
15.9763235,0.679050028,-8.103000641,-1.965000153
15.99334681,0.082050003,-8.392050743,-1.546050072
16.01036996,-0.558000028,-8.320950508,0.057000004
16.02739322,-0.793050051,-7.957050323,0.730050027
16.04441658,-1.063050032,-7.933050156,0.318000019
16.06143974,-1.417950034,-8.047950745,-0.564000011
16.07846303,-1.630950093,-8.55300045,-1.174950004
16.09548622,-2.028000116,-9.010050774,-1.069050074
16.1125095,-1.899000049,-9.003000259,-0.435000032
16.12953265,-1.32705009,-9.199050903,0.061950002
16.14655602,-0.975000024,-9.321000099,0.103050008
16.16357934,-1.116000056,-9.645000458,-0.454050034
16.18060251,-1.545000076,-11.01705074,-0.234000012
16.19762581,-2.161950111,-11.70105076,0.915000022
16.21464899,-3.505950212,-12.33795071,1.04400003
16.23167235,-4.216950417,-12.29505062,0.888000071
16.24869574,-3.934050083,-11.24895096,1.719000101
16.26571889,-4.759950161,-10.08795071,1.477050066
16.28274218,-4.152000427,-10.38900089,0.759000063
16.29976535,-1.30005002,-15.63000107,-0.856050015
16.31678866,7.584000587,-23.5530014,-4.885950089
16.33381185,10.7299509,-20.09295082,-2.970000029
16.35083523,4.890000343,-14.0329504,0.211050004
16.36785854,0.268950015,-12.88200092,0.409050018
16.38488169,-4.152000427,-10.85895061,0.25395
16.40190499,-2.173950195,-7.783950329,-0.270000011
16.41892835,0.067950003,-5.929050446,0.946050048
16.43595149,0.316950023,-5.947950363,2.169000149
16.45297476,0.820050061,-5.826000214,1.99695015
16.46999792,1.471050024,-6.058050156,0.826050043
16.48702124,1.500000119,-6.787950516,-1.603050113
16.50404461,2.034000158,-6.763950348,-3.061050177
16.52106774,3.312000275,-5.443050385,-1.75605011
16.53809105,4.402050018,-4.734000206,-0.346050024
16.5551142,4.219950199,-5.116950035,0.318000019
16.57213756,3.103950262,-5.713050365,1.306950092
16.58916085,1.531050086,-6.240000248,1.951050043
16.60618402,-0.036000002,-7.258050442,2.782050133
16.62320734,-1.375050068,-8.437950134,4.18500042
16.64023051,-2.668050051,-9.168000221,5.196000099
16.65725389,-4.621050358,-9.80505085,5.502000332
16.6742772,-6.747000217,-10.22700024,6.007050514
16.69130032,-7.582950592,-9.985050201,5.812950134
16.70832362,-5.742000103,-8.919000626,4.84800005
16.72534677,-3.082050085,-7.147050381,3.721050262
16.74237014,-0.601050019,-7.131000519,2.344050169
16.75939346,1.806000113,-10.33395004,0.630000055
16.77641662,6.15405035,-15.38895035,1.137000084
16.79343989,7.395000458,-25.67205048,4.309950352
16.81046304,0.397950023,-31.87800217,6.876000404
16.82748635,-1.657050133,-12.03900051,2.6410501
16.84450975,0.691050053,-3.345000267,-7.110000134
16.86153289,7.591050148,2.875950098,-16.34205055
16.87855628,8.130000114,3.837000132,-13.72800064
16.8955796,2.958000183,-0.036000002,-0.448950023
16.91260276,1.974000096,-8.050050735,2.263050079
16.92962606,-4.545000076,-22.52400017,4.765050411
16.94664945,-5.031000137,-16.15500069,5.631000042
16.9636726,-1.807950139,-9.973050117,2.860950232
16.9806959,1.885050058,-7.768050194,-3.628950119
16.99771905,2.992050171,-6.882000446,-5.202000141
17.01474245,-0.859950066,-6.027000427,-2.227950096
17.03176573,-3.295050144,-6.082050323,0.397050023
17.0487889,-2.047049999,-7.636050224,0.694050014
17.06581223,-0.196950004,-8.838000298,-0.970950067
17.08283561,0.681000054,-9.54900074,-2.137050152
17.09985877,0.247950018,-9.529950142,-1.500000119
17.11688208,-0.502950013,-9.340950012,0.225000009
17.1339055,-0.573000014,-8.967000008,0.742050052
17.15092866,-0.694950044,-8.737050056,0.417000026
17.167952,-1.023000002,-8.955000877,-0.664950013
17.18497515,-1.801050067,-9.376950264,-1.371000051
17.20199845,-2.42595005,-9.702000618,-0.673950017
17.2190216,-2.413950205,-9.706950188,0.735000014
17.23604499,-2.521950006,-9.613950729,0.95295006
17.25306826,-3.004950047,-9.333000183,0.412050009
17.27009165,-2.68200016,-9.343050003,0.120000005
17.28711481,-2.632050037,-10.31505013,0.21495001
17.3041381,-3.112950087,-11.15295029,0.619950056
17.32116123,-2.718000174,-10.31700039,1.755000114
17.33818461,-3.589050055,-9.513000488,1.180050015
17.3552079,-4.537950039,-10.87800026,0.715950012
17.37223108,-1.79400003,-17.94600105,-1.372950077
17.38925448,9.846000671,-25.14300156,-4.687050343
17.40627778,9.796050072,-18.46305084,-0.904050052
17.42330095,3.978000164,-13.73895073,0.238950014
17.44032426,0.376950026,-12.63495064,0.256050021
17.45734743,-2.416050196,-9.577950478,-0.082950003
17.47437082,-1.767000079,-7.947000504,-0.142950013
17.49139412,-0.199050009,-7.096950531,0.919050038
17.5084175,-0.970050037,-6.937050343,2.313000202
17.52544064,-1.123050094,-7.533000469,2.758050203
17.54246396,0.042000003,-7.61400032,1.441050053
17.55948712,1.336950064,-7.140000343,-1.321050048
17.57651041,2.545950174,-6.007950306,-3.163950205
17.59353379,3.355050087,-4.308000088,-1.821000099
17.61055693,3.694950104,-3.420000076,-0.00405
17.62758033,3.09705019,-4.423050404,0.385050029
17.64460365,2.458050013,-5.670000076,0.891000032
17.6616268,1.195950031,-6.204000473,1.537050128
17.6786502,-0.223050013,-6.979950428,2.59800005
17.69567352,-1.141950011,-8.332950592,4.221000195
17.71269667,-2.428050041,-9.786000252,4.449000359
17.72971999,-4.851000309,-11.43600082,4.328999996
17.74674336,-5.589000225,-12.2860508,6.201000214
17.76376651,-5.305950165,-10.99995041,6.47205019
17.78078982,-4.096950054,-8.93100071,4.918050289
17.79781321,-2.818050146,-7.180950165,2.287050009
17.81483637,-1.402950048,-6.08700037,-0.00105
17.83185974,0.256950021,-8.304000854,-2.15895009
17.84888305,1.58100009,-14.34495068,-0.933000028
17.86590621,4.318050385,-18.42000008,4.39800024
17.88292954,4.347000122,-23.03595161,9.120000839
17.89995292,-0.457950026,-15.98505116,6.357000351
17.91697606,-0.325950027,-7.926000595,1.777050138
17.93399937,1.276950002,-3.52305007,-5.628000259
17.95102255,6.568950176,-1.509000063,-10.89795017
17.96804592,6.517950535,-2.197950125,-9.583050728
17.98506922,0.688050032,-4.938000202,-1.692000031
18.00209261,-3.574950218,-11.12700081,0.366000027
18.01911577,-5.893050194,-15.19005108,3.40500021
18.03613915,-1.55400002,-10.65495014,5.638950348
18.05316246,1.939950109,-9.319050789,0.673050046
18.07018561,3.484950066,-8.138999939,-5.934000492
18.08720897,0.882000029,-7.959000587,-3.637950182
18.10423229,-2.257950068,-8.412000656,-0.217050016
18.12125541,-2.482950211,-7.938000202,1.410000086
18.13827869,-0.631950021,-7.867950439,0.169950008
18.15530208,0.595050037,-7.849050522,-2.032050133
18.17232524,0.142050013,-8.395050049,-2.872050047
18.18934859,-0.484050036,-9.118050575,-1.396950126
18.2063719,-0.433950007,-9.420000076,0.076950006
18.22339527,0.027000001,-9.523050308,0.354000002
18.24041844,0.121050008,-9.574950218,-0.198000014
18.25744175,-0.546000004,-9.891000748,-0.744000018
18.27446514,-1.542000055,-10.37295055,-0.49695003
18.2914883,-2.038050175,-10.0489502,0.060000002
18.30851164,-2.299050093,-9.286050797,0.748950064
18.32553506,-1.861050129,-8.689050674,1.012950063
18.3425582,-1.413000107,-8.61000061,0.936000049
18.35958152,-1.885050058,-9.115950584,0.273000002
18.37660491,-3.261000156,-10.42005062,0.522000015
18.39362805,-2.971950054,-11.53095055,1.113000035
18.41065137,-2.602950096,-10.41600037,1.650000095
18.42767472,-4.894050121,-10.22205067,0.654000044
18.44469788,-5.613000393,-11.77800083,-0.145050004
18.46172126,-0.726000011,-20.8600502,-1.006950021
18.47874455,13.63395023,-25.67400169,-5.061000347
18.49576769,11.10795021,-16.97400093,-1.857000113
18.51279106,2.662950039,-13.39905071,0.421050012
18.52981436,-0.706950009,-11.65800095,0.928950071
18.54683751,-2.188950062,-8.447999954,0.373950005
18.5638609,-0.92505002,-6.570000172,0.156000003
18.58088422,0.738000035,-5.821050167,1.396050096
18.59790738,-0.427050024,-6.034050465,3.346950054
18.61493077,-0.811950028,-6.481950283,3.385950089
18.63195414,-0.166050002,-7.150050163,1.819950104
18.64897744,0.00795,-7.570950508,-1.189050078
18.66600082,1.189050078,-6.4789505,-2.950950146
18.68302397,2.668050051,-4.605000019,-2.343000174
18.70004727,3.17595005,-3.328950167,-1.146000028
18.71707069,2.383050203,-3.62100029,0.043050002
18.73409384,1.102050066,-4.633050442,1.396050096
18.75111715,0.042000003,-5.565000057,2.121000051
18.76814053,-0.87195003,-6.420000076,2.677050114
18.78516368,-1.168950081,-7.258050442,3.369000196
18.80218707,-1.461000085,-8.188950539,3.811950207
18.81921042,-2.572050095,-9.055950165,4.089000225
18.83623384,-3.646950245,-10.39695072,5.389950275
18.853257,-5.33700037,-12.27405071,6.145950317
18.8702804,-5.301000118,-12.47700024,5.904000282
18.88730373,-3.136950254,-9.975000381,5.458950043
18.9043269,-0.237000018,-7.942050457,3.682050228
18.92135027,1.641000032,-10.24305058,1.422000051
18.93837358,5.446050167,-14.40195084,-0.258000016
18.95539696,8.81400013,-19.70805168,0.613050044
18.97242012,5.491050243,-29.25195122,6.498000145
18.9894435,-1.590000033,-13.07295036,4.783950329
19.00646678,-0.412050009,-4.902000427,-2.311950207
19.02349018,4.966950417,0.07305,-12.6600008
19.04051333,7.49505043,0.730950058,-13.37100029
19.05753669,1.063950062,-1.411050081,-4.677000046
19.07455999,-0.058050003,-7.48995018,0.892950058
19.09158337,-6.099000454,-17.97405052,3.220050097
19.1086065,-5.529000282,-13.99995041,5.992950439
19.12562979,-0.406950027,-10.23405075,0.579000056
19.14265318,2.889000177,-7.578000546,-5.683050156
19.15967633,2.872050047,-6.865050316,-4.96200037
19.17669973,-0.309000015,-8.055000305,-0.77700001
19.19372308,-2.517000198,-8.670000076,2.277000189
19.21074638,-1.557000041,-7.939950466,1.317000031
19.22776973,-0.100950003,-7.927950382,-0.765000045
19.24479289,0.667050004,-8.269950867,-1.588950038
19.26181618,-0.00795,-8.589000702,-1.546050072
19.27883957,-0.472050011,-8.638950348,-0.63105005
19.29586273,-0.436050028,-8.54295063,0.01695
19.31288614,-0.694950044,-8.54295063,-0.187950015
19.32990943,-1.156949997,-9.052950859,-0.430050015
19.34693282,-1.518000126,-10.01805019,-0.286050022
19.36395598,-2.088000059,-10.93005085,0.055050004
19.3809794,-3.963000298,-11.06505013,0.699000061
19.39800278,-3.883950233,-10.20000076,0.916950047
19.4150261,-2.164950132,-9.790950775,0.820950031
19.43204927,-2.461950064,-10.65300083,-0.166950002
19.44907266,-3.237000227,-12.12495041,-0.315000027
19.46609596,-2.529000044,-11.99100018,0.205950007
19.48311914,-4.164000034,-11.24895096,-0.387000024
19.5001425,-4.735949993,-12.88395023,0.309000015
19.51716588,0.667050004,-18.43200111,0.784950018
19.53418916,9.994950294,-20.71305084,-1.468950033
19.55121253,10.35195065,-16.78905106,-1.099950075
19.56823567,3.322050095,-13.49700069,0.438000023
19.58525905,0.954000056,-11.79195023,0.342000008
19.60228244,-3.160950184,-10.02495003,-0.44205001
19.61930574,-2.431050062,-8.61000061,0.309000015
19.63632888,-0.879000068,-8.115000725,2.119050026
19.65335227,-0.466950029,-8.026050568,2.9620502
19.67037558,-0.160950005,-7.933050156,1.939050078
19.68739897,0.607050002,-7.708050251,0.025950002
19.70442212,1.347000122,-7.368000507,-1.780050039
19.72144552,2.142000198,-6.079950333,-2.118000031
19.73846892,3.058950186,-4.461000443,-0.745950043
19.75549222,3.636000156,-3.589950085,0.618000031
19.77251564,3.396000147,-3.633000135,1.321950078
19.7895388,2.19900012,-4.477950096,1.393050075
19.80656221,0.837000012,-5.308950424,1.650000095
19.82358564,0.006,-6.135000229,1.863000035
19.84060893,-0.826050043,-7.231050491,2.370000124
19.85763208,-1.834050059,-8.22495079,2.971050024
19.8746555,-3.325950146,-8.835000038,4.008000374
19.89167891,-5.055000305,-10.0129509,5.842050076
19.9087022,-6.036000252,-11.61000061,6.805050373
19.9257256,-5.956950188,-11.29395008,6.639000416
19.94274873,-4.207050323,-9.451050758,5.119050026
19.9597721,-2.351999998,-6.355050087,2.470950127
19.9767954,0.292950004,-6.084000111,-0.226050004
19.9938188,2.842950106,-11.85900021,-1.483050108
20.01084218,5.479050159,-19.21500015,2.659950018
20.02786529,4.782000065,-25.14795113,8.100000381
20.04488859,-1.252950072,-16.50705147,6.301950455
20.06191196,-2.137950182,-6.088950157,0.274950028
20.07893532,0.430050015,-2.268000126,-6.688950539
20.09595871,6.616050243,-0.907950044,-10.77105045
20.11298186,6.544950485,-2.944950104,-8.2999506
20.13000526,1.644000053,-6.199050426,-0.078000002
20.14702859,-1.357950091,-14.31105042,2.329950094
20.16405199,-3.309000254,-14.69205093,4.578000069
20.18107515,-0.271050006,-10.52100086,3.346950054
20.1980985,1.155000091,-8.524050713,-2.392950058
20.2151218,0.597000003,-7.377000332,-5.010000229
20.2321452,-1.042050004,-7.938000202,-2.008050203
20.24916857,-2.06400013,-8.368950844,1.507950068
20.26619175,-0.988950074,-8.032950401,1.2739501
20.28321514,0.043950003,-7.732050419,-0.850950062
20.30023854,0.28095001,-7.878000259,-2.107950211
20.31726191,-0.60405004,-8.317950249,-1.225050092
20.33428522,-1.159050107,-8.802000046,0.180000007
20.35130836,-0.678000033,-8.950050354,0.586950004
20.36833175,-0.130050004,-8.512050629,-0.316950023
20.38535515,-0.868950069,-8.365950584,-1.038000107
20.40237846,-1.95600009,-9.040950775,-0.805950046
20.41940185,-2.725050211,-10.05900002,-0.138000011
20.43642503,-3.028950214,-10.40805054,0.397050023
20.4534484,-3.060000181,-10.22400093,0.51000005
20.47047179,-3.490950108,-9.760050774,0.220050007
20.48749508,-2.761050224,-9.535050392,0.333000004
20.50451846,-2.011950016,-9.525000572,0.850050032
20.52154163,-3.060000181,-9.429000854,0.972000063
20.53856502,-4.867950439,-9.814950943,1.492050052
20.55558839,-4.552050114,-10.1430006,3.012000084
20.57261176,-3.931950092,-9.238050461,3.213000059
20.58963508,-3.870000124,-10.16700077,1.123050094
20.60665824,-0.819000065,-17.90505028,-3.511050224
20.6236816,11.85795021,-25.48800087,-6.294000149
20.640705,10.95000076,-19.02795029,-1.636950135
20.65772836,4.138050079,-15.70005035,-0.159000009
20.67475167,-1.104000092,-15.16095066,1.159050107
20.69177507,-2.754000187,-12.79800034,0.486000031
20.70879844,-4.786950111,-9.183000565,0.823950052
20.72582159,-2.45505023,-8.122050285,2.509050131
20.74284498,-0.628050029,-7.540050507,3.487950087
20.7598683,1.201050043,-5.979000092,2.739000082
20.77689169,1.255950093,-5.019000053,0.91200006
20.79391506,0.636000037,-4.867950439,-1.21995008
20.81093844,0.724050045,-4.40805006,-2.458050013
20.82796149,2.197050095,-3.301950216,-1.747050047
20.844985,3.589950085,-2.9620502,-0.358050019
20.86200838,3.772050142,-4.200000286,0.160050005
20.87903178,2.842950106,-4.846950054,0.168000013
20.89605508,0.796050012,-5.062050343,0.508050025
20.91307846,-0.934050024,-6.204000473,1.417050123
20.93010186,-2.134050131,-7.435050488,2.155050039
20.947125,-2.730000019,-9.022050858,3.816000223
20.9641484,-3.901050091,-10.38900089,5.46900034
20.98117176,-5.632050037,-12.00300026,6.040950298
20.99819506,-5.458950043,-13.36095047,6.964950562
21.01521846,-4.393949986,-12.33300018,7.426950455
21.03224182,-2.301000118,-9.490950584,5.902050495
21.04926519,-0.043050002,-7.261950493,4.318950176
21.06628834,1.014000058,-8.047950745,2.275050163
21.0833117,1.830000043,-10.82295036,-0.291000009
21.10033508,3.469950199,-14.05500031,0.820950031
21.11735839,3.97995019,-17.60100174,2.482950211
21.13438179,2.443050146,-19.61700058,6.831000328
21.15140516,-1.525950074,-12.46800041,4.069950104
21.16842834,-1.198050022,-7.224000454,-2.530050039
21.18545171,2.644050121,-4.080000401,-8.094000816
21.20247513,5.176950455,-2.895000219,-10.11495018
21.21949851,2.098050117,-3.805050135,-4.792050362
21.23652183,-0.154050008,-7.315050125,-0.568949997
21.25354523,-2.529000044,-13.57395077,0.963000059
21.27056861,-1.470000029,-11.80005074,4.269000053
21.28759199,1.35405004,-9.637950897,1.8910501
21.30461515,2.974950075,-8.220000267,-4.427999973
21.32163853,1.138050079,-8.412000656,-4.407000065
21.33866194,-1.023000002,-8.886000633,-0.327000022
21.35568526,-1.078050017,-8.176950455,1.378950119
21.37270864,-0.439050019,-7.744050503,-0.384000003
21.38973201,-0.070050001,-7.921050549,-1.764000058
21.40675535,0.037050001,-8.452050209,-1.414050102
21.42377849,-0.00495,-8.54805088,-0.490050018
21.44080187,-0.130050004,-8.136000633,-0.157050014
21.45782527,-0.517949998,-8.008950233,-0.679050028
21.4748487,-0.666000009,-8.371050835,-1.143000007
21.49187207,-0.931950033,-8.910000801,-1.30095005
21.50889545,-1.46295011,-9.469950676,-0.535050035
21.52591876,-2.09100008,-9.865050316,0.237000018
21.54294215,-2.683950186,-10.11900043,0.390000016
21.55996553,-3.80700016,-10.15200043,-0.066
21.57698869,-3.381000042,-9.301950455,-0.589950025
21.59401211,-2.15805006,-9.991950035,0.297000021
21.6110355,-3.47205019,-11.44005013,0.964950025
21.62805886,-3.136950254,-11.82105064,0.778050065
21.64508226,-2.956950188,-11.26995087,1.935000062
21.66210555,-3.537000179,-10.86600018,1.786050081
21.67912894,-4.71900034,-10.30800056,1.606950045
21.69615234,-3.25695014,-12.14700031,1.446000099
21.7131757,2.067000151,-17.91900063,0.781050026
21.73019906,10.83000088,-20.59095192,-4.251000404
21.74722222,9.022950172,-15.99705029,-2.020050049
21.76424561,2.926950216,-13.13805103,1.104000092
21.78126896,-2.007000208,-12.99000072,1.735950112
21.79829229,-4.162050247,-12.32895088,1.506000042
21.8153157,-2.478000164,-9.535050392,0.205950007
21.83233908,-1.399050117,-8.092950821,1.633050084
21.84936246,0.24000001,-7.41105032,1.765050054
21.86638583,0.970950067,-6.156000137,1.282950044
21.8834092,0.889050067,-6.004950523,-0.112050004
21.90043261,0.292950004,-6.43200016,-1.912050128
21.91745597,1.780050039,-5.605950356,-1.792050123
21.93447912,3.82005024,-3.910050154,-0.451950014
21.95150249,4.62405014,-3.427050114,0.229950011
21.96852589,3.669000149,-4.19505024,0.867000043
21.98554924,2.173050165,-4.722000122,1.321950078
22.00257262,0.676050007,-5.565000057,1.735950112
22.01959602,-0.931950033,-6.616050243,2.185950041
22.03661938,-2.289000034,-7.834950447,2.911050081
22.05364269,-3.774000168,-9.301950455,3.072000027
22.07066608,-5.206050396,-11.05305099,5.5260005
22.08768946,-6.15405035,-12.77400017,7.999050617
22.10471288,-6.096000195,-12.5010004,7.762050152
22.12173626,-4.309950352,-10.31295013,5.653050423
22.13875964,-1.624050021,-8.565000534,3.067050219
22.15578305,-0.201000005,-10.66905022,0.46905002
22.17280624,1.201050043,-13.11900043,-0.207000017
22.18982964,6.196950436,-16.25505066,2.260050058
22.20685302,5.460000038,-23.72100067,3.208050251
22.22387641,0.268950015,-14.12400055,7.027050495
22.24089982,-0.024,-6.433950424,0.010050001
22.25792318,2.086050034,-2.707950115,-7.297050476
22.27494656,6.576000214,-0.598950028,-12.30105019
22.29196994,5.556000233,-2.833050251,-6.202950478
22.30899326,0.397950023,-5.602950096,-0.805950046
22.32601674,-3.589050055,-13.27395058,1.055999994
22.34304003,-4.992000103,-15.77595043,3.859950066
22.36006347,-1.144950032,-9.975000381,3.855000257
22.37708676,2.351999998,-8.637000084,-0.930000067
22.39411012,2.689950228,-7.693050385,-5.899050236
22.41113348,0.159000009,-8.488050461,-3.757950068
22.42815686,-1.639950037,-8.854949951,0.639000058
22.44518033,-1.55400002,-8.206049919,2.593050241
22.46220364,-0.340050012,-7.827000141,0.748950064
22.47922702,0.30795002,-8.104949951,-1.864050031
22.49625037,0.172950015,-8.728050232,-2.254050016
22.51327376,-0.012,-8.830950737,-0.387000024
22.53029714,0.135000005,-8.545949936,0.570000053
22.54732052,0.34800002,-8.617950439,0.072000004
22.5643439,-0.063000001,-9.013050079,-0.856050015
22.5813673,-0.868950069,-9.81000042,-1.210950017
22.59839069,-1.758000135,-10.37700081,-0.865950048
22.6154141,-2.248950005,-10.06605053,-0.271950007
22.6324375,-2.617050171,-10.12800026,0.313950002
22.6494609,-2.610000134,-9.706950188,0.306000024
22.66648427,-2.629050016,-9.232950211,0.169950008
22.68350766,-2.53395009,-9.585000038,0.318000019
22.70053106,-2.859000206,-10.9260006,0.570000053
22.71755443,-2.701050043,-12.23805046,1.108950019
22.73457782,-2.589000225,-12.08700085,1.911000133
22.75160121,-2.986050129,-10.05900002,0.883050025
22.76862462,-4.516050339,-9.135000229,0.249000013
22.785648,-4.960950375,-10.4320507,0.747000039
22.80267138,-0.694950044,-15.57105064,1.081950068
22.81969473,9.448950768,-21.3070507,-3.973950148
22.8367181,12.79905033,-19.72500038,-4.084050179
22.85374149,4.002000332,-13.84905052,0.012
22.87076487,0.283950001,-12.40995026,0.277950019
22.88778827,-3.727950096,-11.29200077,-0.49695003
22.90481167,-1.99695015,-9.051000595,-0.519000053
22.92183504,-1.291050076,-7.140000343,1.72905004
22.93885842,-0.769050062,-6.523050308,2.101950169
22.9558818,0.163950011,-5.955000401,1.78395009
22.97290517,0.81705004,-6.031950474,0.667950034
22.98992864,1.240950108,-6.226050377,-0.901950061
23.00695196,1.995000124,-5.457000256,-1.597950101
23.02397536,3.211950064,-4.063950062,-1.012050033
23.04099883,3.451050282,-3.204000235,-0.667050004
23.05802217,2.770950079,-3.355050087,-0.183000013
23.07504553,1.777950048,-4.207050323,1.015050054
23.092069,0.691050053,-5.392050266,1.822050095
23.1090923,-0.907950044,-7.027950287,2.623950243
23.12611577,-2.797050238,-9.139050484,3.498000145
23.14313915,-5.389950275,-11.4090004,4.422000408
23.16016254,-6.47205019,-13.51605034,7.153950214
23.17718592,-6.214050293,-13.45395088,8.290950775
23.19420928,-4.372050285,-9.808050156,6.772950172
23.21123262,-1.645050049,-7.071000099,4.714050293
23.22825602,1.099950075,-5.152950287,2.02305007
23.24527941,3.231000185,-8.026050568,-2.22300005
23.26230281,5.28000021,-14.69400024,-2.745000124
23.27932618,8.118000031,-21.35505104,-0.475050032
23.29634958,4.360949993,-29.92200089,9.313950539
23.31337295,-2.7900002,-11.26095009,6.829050541
23.33039655,-1.843950033,-3.997050285,-2.677950144
23.34741991,3.336000204,0.717000008,-10.19895077
23.36444332,7.714950562,1.732050061,-11.62800026
23.38146671,3.220950127,-2.66505003,-2.752050161
23.39849014,1.40895009,-8.851950645,1.663950086
23.41551352,-8.173950195,-19.88505173,0.129000008
23.43253696,-5.716050148,-12.50595093,4.647000313
23.44956025,0.183000013,-9.235050201,2.911050081
23.46658365,4.210050106,-7.477950573,-5.419950485
23.4836071,2.569950104,-7.510950565,-5.905950069
23.5006305,-0.915000022,-8.292000771,-1.954950094
23.51765389,-2.146050215,-8.397000313,0.466950029
23.53467729,-0.235050008,-8.569950104,-0.286050022
23.55170066,1.441950083,-9.325950623,-1.491000056
23.56872406,1.67505002,-10.00095081,-1.717950106
23.58574764,0.825000048,-9.994050026,-1.060050011
23.60277102,0.409950018,-9.577950478,-0.376950026
23.61979442,-0.381000012,-8.980950356,-0.22905001
23.6368178,-0.97995007,-8.494950294,-0.217050016
23.65384121,-1.200000048,-8.565000534,-0.103950001
23.6708646,-1.576050043,-8.902050018,0.088950001
23.68788798,-2.23905015,-9.046050072,0.718050063
23.70491144,-2.419050217,-9.562950134,1.357950091
23.72193474,-3.015000105,-9.379050255,0.856950045
23.7389582,-3.685050249,-8.431050301,0.393000007
23.7559816,-3.192000151,-8.911950111,0.189000011
23.773005,-3.690000057,-11.33700085,-0.025050001
23.79002838,-3.372000217,-12.48900032,0.498000026
23.80705175,-4.249950409,-12.36705017,-0.040050004
23.82407528,-6.193950176,-11.80905056,-0.811050057
23.84109848,-2.629050016,-15.99000072,0.297000021
23.85812186,3.682950258,-19.2120018,-0.384000003
23.87514551,9.74805069,-19.91595078,-2.664000034
23.89216888,7.62195015,-16.42500114,-1.404000044
23.90919225,2.929050207,-13.52595043,0.630000055
23.92621563,-0.220950007,-11.5890007,1.077000022
23.94323907,-4.060950279,-10.15200043,-0.55005002
23.96026248,-2.275050163,-8.656050682,0.037950002
23.97728585,-0.640050054,-7.918050289,1.402950048
23.99430924,0.673950017,-7.46295023,1.674000025
24.01133265,1.324950099,-6.640050411,0.706050038
24.02835602,1.069050074,-5.886000156,-0.862950027
24.04537964,1.054949999,-5.413950443,-1.822950125
24.06240301,2.095950127,-4.348950386,-1.510050058
24.0794264,3.856050253,-3.475050211,-0.676950038
24.09644981,4.174050331,-3.994050264,0.21495001
24.11347319,3.159000158,-5.059950352,0.816000044
24.13049664,2.082000017,-5.674950123,1.099050045
24.14752001,1.183950067,-6.385950089,1.621050119
24.16454339,-0.277950019,-6.958050251,2.196000099
24.18156679,-1.344000101,-7.981050491,2.835000038
24.1985904,-2.692050219,-9.657000542,4.149000168
24.2156138,-4.537950039,-11.02395058,6.562950134
24.23263718,-5.791950226,-11.36595058,7.951050282
24.24966056,-5.518950462,-10.38705063,6.964950562
24.26668394,-4.297950268,-8.539050102,4.698000431
24.28370732,-2.90895009,-6.586950302,2.515950203
24.30073079,-1.501950026,-4.81305027,0.733050048
24.31775418,1.243950009,-6.444000244,-2.451000214
24.33477756,3.457950115,-13.61205101,-1.858950138
24.35180098,6.870000362,-17.36894989,3.63195014
24.3688246,7.584000587,-24.31395149,8.191050529
24.38584797,-2.917050123,-19.66995049,10.13295078
24.40287134,-3.613050222,-9.295050621,1.984950066
24.41989471,-0.208950013,-4.459050179,-5.665950298
24.43691809,6.664050102,-1.842000127,-13.19595051
24.45394149,6.937050343,-3.055950165,-9.952050209
24.47096487,1.825050116,-4.140000343,-2.560950041
24.48798833,-2.446950197,-10.52100086,-0.054000001
24.50501169,-3.853050232,-14.92395115,1.468050122
24.5220351,-0.598950028,-10.77495098,2.554950237
24.53905868,2.521950006,-8.778000832,-0.589950025
24.55608206,2.995950222,-7.732050419,-4.263000011
24.57310543,-0.036000002,-9.055950165,-2.377050161
24.59012884,-1.651950121,-8.641050339,0.261000007
24.60715232,-0.711000025,-7.789050579,0.490950018
24.6241757,-0.156000003,-7.750950336,-0.382050008
24.6411991,-0.331050009,-8.104949951,-1.096050024
24.65822247,-0.373950005,-8.886000633,-0.868050039
24.6752461,-0.178050011,-9.460050583,-0.649950028
24.6922695,0.003,-9.159000397,-0.705000043
24.70929287,-0.631950021,-8.54295063,-0.610050023
24.72631627,-1.494000077,-8.710950851,0.052950002
24.74333972,-1.980000138,-9.598950386,0.811950028
24.76036311,-2.257950068,-10.09500027,1.003050089
24.77738652,-2.536050081,-10.03005028,0.702000022
24.79440991,-3.538950205,-9.064949989,-0.016050002
24.81143328,-3.44595027,-7.408050537,-0.337050021
24.82845666,-2.920950174,-8.412000656,-0.025050001
24.84548027,-3.352050066,-10.40100002,0.72300005
24.86250365,-3.345000267,-12.12000084,1.006049991
24.87952702,-2.991000175,-11.22300053,1.201950073
24.8965504,-4.94505024,-9.850950241,1.686000109
24.91357388,-3.484050274,-13.63095093,-0.918000042
24.93059724,5.48595047,-25.1569519,-6.624000549
24.94762086,11.71095085,-23.09595108,-5.863050461
24.96464419,6.283950329,-16.36095047,1.212000012
24.9816676,1.441950083,-14.52900028,2.002050161
24.99869096,-1.91595006,-9.754950523,0.025950002
25.01571436,-3.007950068,-7.597950459,-0.76305002
25.03273783,0.364950031,-6.156000137,1.498950124
25.0497612,2.866950035,-5.980950356,4.027050018
25.06678458,2.412000179,-6.196950436,3.220050097
25.08380797,2.026950121,-6.973050117,1.812000036
25.10083157,2.077050209,-7.569000244,-0.748050034
25.117855,1.657950044,-7.246050358,-4.179000378
25.13487839,1.717950106,-6.436050415,-3.934950113
25.15190183,1.789950132,-5.196000099,-1.174950004
25.16892522,1.665000081,-5.634000301,0.286950022
25.18594861,1.330050111,-6.388050079,0.493050009
25.202972,0.95205003,-6.136950493,1.032000065
25.21999562,0.829050064,-6.058050156,2.191050053
25.23701903,0.466050029,-6.195000172,2.428050041
25.25404252,-0.039000001,-6.589950085,2.521050215
25.27106592,-0.867000043,-7.441950321,2.422950029
25.2880893,-1.746000051,-8.811000824,2.98995018
25.30511266,-2.635950089,-10.61400032,4.638000011
25.32213602,-4.425000191,-12.70005035,6.073950291
25.33915965,-5.167050362,-13.29105091,7.075050354
25.35618303,-4.116000175,-11.28495026,6.490950108
25.37320651,-2.955000162,-7.483050346,4.747950077
25.39022993,-0.903000057,-5.509950161,2.157000065
25.40725332,0.44205001,-8.242050171,-0.259950012
25.42427671,4.351050377,-15.74295044,-0.250050008
25.44130006,6.315000534,-29.61300087,-3.147000074
25.45832367,2.154000044,-29.07195091,10.41795063
25.47534706,0.030000001,-7.102050304,1.5160501
25.49237051,0.286050022,-0.81705004,-6.139950275
25.5093939,7.95195055,3.547050238,-9.760950089
25.52641728,8.56305027,1.825050116,-7.924050331
25.54344068,3.109050035,-2.874000072,-2.709000111
25.56046407,-2.293950081,-12.83895016,-0.853950024
25.57748763,-9.445950508,-22.16205025,2.269950151
25.59451104,-4.008000374,-11.65605068,7.789050579
25.61153442,1.452000022,-9.1039505,1.471950054
25.6285579,4.750950336,-6.702000141,-6.411000252
25.64558129,2.137050152,-6.59400034,-5.134950161
25.66260491,-1.525950074,-7.633050442,-1.360950112
25.67962829,-2.623950243,-8.175000191,2.341950178
25.6966517,-0.915000022,-8.433000565,1.681050062
25.71367511,0.621000052,-8.725049973,-0.760050058
25.73069856,0.834000051,-8.878950119,-1.747050047
25.74772194,-0.312000006,-8.6749506,-1.024049997
25.76474558,-0.771000028,-8.470950127,-0.235950008
25.78176894,-0.841050029,-8.368950844,-0.322050005
25.79879231,-1.252950072,-8.494950294,-0.780000031
25.8158157,-1.803000093,-9.022050858,-0.580950022
25.83283905,-2.428050041,-9.645000458,0.091050006
25.84986251,-3.505950212,-9.823950768,0.80400002
25.86688594,-4.14195013,-9.357000351,0.747000039
25.88390955,-3.582000256,-8.869050026,0.211050004
25.90093292,-2.835000038,-9.055950165,0.310950011
25.91795632,-4.111050129,-10.74105072,0.169950008
25.93497979,-3.501000166,-12.46005058,0.936000049
25.95200318,-3.130050182,-11.88105011,0.453000009
25.96902656,-4.390950203,-11.50695038,0.394950032
25.98604997,-1.201950073,-17.58405113,-0.17400001
26.00307359,7.524000168,-23.34495163,-2.086950064
26.02009699,10.88505077,-19.54500008,-3.226950169
26.03712037,5.335950375,-14.05995083,0.034050003
26.05414381,1.3950001,-12.08700085,1.603950024
26.0711672,-1.557000041,-10.44705009,1.213950038
26.08819082,-2.473950148,-9.268950462,-0.411000013
26.10521419,0.813000023,-8.494950294,1.410000086
26.12223753,1.653000116,-7.521000385,2.698050022
26.13926091,0.433950007,-7.33395052,2.740950108
26.15628436,0.360000014,-7.519050121,1.603950024
26.17330773,0.733950019,-7.582950592,-0.352950007
26.19033107,1.396950126,-6.565950394,-2.365050077
26.20735466,2.496000051,-4.666950226,-2.107950211
26.22437802,3.286050081,-3.010050058,-0.574050009
26.2414015,3.322050095,-2.743950129,0.124950007
26.25842489,2.701950073,-3.015000105,0.268050015
26.27544849,1.873050094,-3.388050079,0.666000009
26.29247188,1.195950031,-4.102050304,1.44900012
26.30949528,0.564000011,-5.455050468,2.6410501
26.32651866,-0.448050022,-7.332000256,3.802050114
26.34354211,-4.092000008,-10.13805008,3.760950089
26.36056551,-7.759950161,-13.8709507,5.788950443
26.3775889,-9.297000885,-15.93405056,7.659000397
26.39461251,-6.673050404,-13.81305027,8.361000061
26.4116359,-2.200950146,-9.772050858,6.187050343
26.42865934,1.198050022,-8.530950546,3.951000214
26.44568275,3.078000069,-12.54900074,0.453000009
26.46270634,7.015950203,-20.83095169,-2.013000011
26.47972973,5.683050156,-30.44895172,0.036000002
26.49675313,0.886950016,-16.27695084,8.545050621
26.5137766,1.057050109,-4.94505024,1.321950078
26.53079999,2.959950209,0.042000003,-6.385050297
26.5478234,9.162000656,3.067950249,-11.41695023
26.56484704,6.952050209,0.501000047,-8.414999962
26.58187043,-0.012,-3.991950274,-3.885000229
26.59889381,-4.777050018,-13.53795052,-1.411950111
26.6159172,-9.103050232,-21.15405083,3.496050119
26.63294064,-2.445000172,-11.79000092,7.108950138
26.64996405,2.817000151,-8.980950356,0.682050049
26.66698764,3.841050148,-7.054050446,-6.436950207
26.68401101,0.781950057,-7.452000141,-5.410050392
26.70103451,-2.482950211,-8.050050735,-1.146000028
26.71805791,-3.156000137,-7.914000511,3.967050076
26.73508129,-1.521000028,-8.043000221,2.571000099
26.75210489,0.097050004,-8.163000107,-1.096050024
26.76912829,0.364950031,-8.469000816,-2.769000053
26.78615176,-0.340050012,-8.469000816,-1.339950085
26.80317516,-0.391050011,-8.29695034,0.21495001
26.82019878,-0.460050017,-8.317950249,0.144000009
26.83722216,-0.573000014,-8.789999962,-0.793950021
26.85424556,-1.042050004,-9.289950371,-1.075950027
26.87126904,-1.32705009,-9.415050507,-0.645000041
26.88829238,-2.076000214,-9.862950325,-0.382050008
26.90531577,-2.911950111,-10.12800026,-0.499050021
26.92233939,-2.308050156,-9.649050713,-0.598050058
26.93936279,-1.138050079,-10.15500069,-0.349050015
26.95638616,-0.879000068,-11.48595047,-0.130950004
26.9734096,-2.404050112,-11.57205009,0.037950002
26.99043299,-3.718950272,-11.58600044,0.972000063
27.00745663,-3.199050188,-10.74795055,1.690050125
27.02448001,-3.625050068,-9.645000458,1.161000013
27.04150344,-2.629050016,-9.096000671,1.666050076
27.05852683,-2.208000183,-9.256950378,0.916950047
27.0755502,0.135000005,-12.96795082,0.687000036
27.09257382,6.897000313,-20.13405037,-2.866950035
27.10959718,10.83300018,-21.0870018,-3.691050291
27.12662058,4.969050407,-15.69495106,0.622950018
27.14364402,-0.903000057,-12.90300083,0.703950048
27.16066744,-5.164950371,-12.06795025,0.385050029
27.17769104,-2.440050125,-9.274050713,0.091050006
27.1947144,-1.106999993,-7.41105032,2.200050116
27.21173789,-0.393000007,-6.613950253,2.152050018
27.22876128,0.420000017,-5.581950188,1.606950045
27.2457849,0.781950057,-5.136000156,0.526950002
27.26280829,0.607050002,-5.266050339,-0.748050034
27.27983176,1.086000085,-4.791000366,-1.339950085
27.29685516,2.403000116,-3.448050261,-0.940050066
27.31387855,3.264000177,-2.929050207,-1.060050011
27.33090216,2.872050047,-3.099000216,-0.717000008
27.34792552,2.203950167,-3.538950205,0.532050014
27.36494897,1.405950069,-4.732050419,1.765050054
27.38197236,0.090000004,-6.975000381,2.824950218
27.39899594,-1.423050046,-9.561000824,3.844950199
27.41601933,-3.652050257,-11.74395084,5.149950027
27.4330428,-5.107050419,-12.54195023,6.268050194
27.45006617,-4.684050083,-11.31600094,6.34005022
27.46708976,-3.943950176,-9.6060009,6.024000168
27.48411317,-2.281949997,-7.578000546,4.956000328
27.50113662,-0.180000007,-5.83095026,2.776950121
27.51816002,0.838950038,-6.727950096,0.285000026
27.53518342,1.974000096,-11.75895023,-1.093050003
27.55220704,5.130000114,-20.04495049,-0.468000025
27.56923041,8.941050529,-30.97800064,7.324050426
27.58625381,-0.919950068,-26.51205063,8.743950844
27.60327729,1.488000035,-9.276000023,3.289950132
27.62030066,1.789950132,-1.626000047,-7.021050453
27.63732429,9.127950668,1.669950128,-13.79700089
27.65434769,7.966950417,0.601950049,-12.4249506
27.67137112,-0.895950019,-2.164950132,-4.255949974
27.68839451,-3.154050112,-9.250050545,-1.524000049
27.70541787,-6.084000111,-19.14300156,2.899050236
27.72244148,-4.46295023,-13.85100079,7.552050591
27.73946485,0.600000024,-9.903000832,2.0400002
27.75648837,2.644050121,-7.054050446,-4.749000072
27.77351175,2.014950037,-6.882000446,-5.985000134
27.79053536,-0.799950063,-7.216950417,-2.215950012
27.80755875,-2.062050104,-8.0020504,1.918050051
27.82458234,-1.353000045,-8.245950699,1.465050101
27.84160556,-0.445950031,-8.445000648,-0.801000059
27.85862917,0.454050034,-8.782950401,-1.858950138
27.87565256,0.432000011,-8.911950111,-1.183950067
27.89267602,-0.082050003,-8.74200058,-0.298050016
27.9096994,-0.417000026,-8.530950546,-0.430050015
27.92672302,-1.236000061,-8.184000015,-0.751050055
27.9437464,-2.035950184,-8.026050568,-0.562050045
27.96076986,-2.191050053,-8.589000702,0.268050015
27.97779324,-2.209950209,-9.565950394,1.117950082
27.99481687,-2.863950253,-9.790950775,1.065000057
28.01184027,-3.316050053,-9.039000511,0.28005001
28.02886378,-2.263050079,-8.893050194,-0.114000008
28.04588717,-1.705050111,-10.14705086,0.145950005
28.0629108,-2.478000164,-11.52705097,0.445050031
28.07993419,-3.091050148,-12.13200092,2.299050093
28.09695769,-3.051000118,-10.63395023,1.480050087
28.11398108,-4.849050045,-10.13295078,0.579000056
28.13100446,-3.369000196,-14.52705097,-2.23995018
28.1480281,7.822950363,-22.72905159,-4.914000034
28.1650515,12.88200092,-21.38400078,-3.229050159
28.18207493,6.657000542,-17.53905106,0.346950024
28.19909833,0.394050032,-15.44595051,1.621050119
28.21612193,-1.510950089,-13.12800026,1.249950051
28.23314528,-3.534000158,-9.079950333,-0.760050058
28.25016874,-1.839000106,-8.212950706,0.187050015
28.2671921,0.295950025,-7.818000317,2.536050081
28.28421572,0.982950032,-6.982050419,3.052950144
28.30123908,1.039950013,-6.304950237,2.061000109
28.31826253,1.828050137,-5.863950253,-0.586050034
28.33528609,1.94505012,-5.187000275,-2.905950069
28.35230946,2.344950199,-4.015950203,-3.36495018
28.36933288,3.267000198,-2.184000015,-1.876050115
28.38635632,3.520950079,-1.98300004,-1.524000049
28.40337971,3.063000202,-2.668050051,-0.913950026
28.42040334,1.993050098,-3.640050173,0.570000053
28.43742675,1.464000106,-4.774950027,1.987050056
28.45445021,1.071000099,-6.538950443,3.514950275
28.47147359,0.142050013,-9.436050415,4.801050186
28.48849721,-3.312000275,-12.66405106,6.085950375
28.50552058,-5.731950283,-15.50400066,8.854050636
28.52254405,-6.62100029,-15.56100082,8.017950058
28.53956767,-4.681050301,-12.38595104,7.552050591
28.55659105,-0.762000024,-8.74905014,5.044950008
28.5736145,0.595050037,-6.159000397,3.912000179
28.5906379,1.720050097,-8.518950462,2.121000051
28.60766149,3.705000162,-13.8709507,-2.082000017
28.62468487,4.453950405,-20.3730011,-0.126000002
28.64170832,2.938950062,-26.20095062,7.366950512
28.65873171,-0.364050031,-13.80600071,5.062050343
28.67575508,0.436950028,-5.874000072,-1.359000087
28.69277872,4.452000141,-1.258050084,-9.997950554
28.70980217,7.465950489,0.382050008,-14.35005093
28.72682559,1.380000114,-1.576050043,-7.122000217
28.7438492,-0.880950034,-5.36400032,0.555000007
28.76087265,-4.108950138,-15.30495071,3.912000179
28.77789604,-2.964000225,-15.79605103,4.858050346
28.79491969,0.613950014,-10.14705086,1.153950095
28.81194306,3.20505023,-7.677000523,-4.515000343
28.82896652,1.423050046,-6.769050121,-5.650050163
28.8459899,-1.035000086,-8.095950127,-2.623050213
28.86301329,-2.284950018,-7.975950241,1.470000029
28.88003689,-1.498950124,-8.348999977,0.598950028
28.89706029,0.363000006,-8.476050377,-1.582050085
28.91408375,1.231950045,-8.662950516,-1.624950051
28.93110736,0.616050005,-8.686950684,-0.504000008
28.94813079,-0.070050001,-8.605950356,-0.303000003
28.96515423,-0.288000017,-8.376000404,-0.382050008
28.9821776,-0.433950007,-8.313000679,-0.384000003
28.99920122,-0.68295002,-8.862000465,-0.195000008
29.0162246,-1.104000092,-9.433950424,0.247050017
29.03324805,-1.312050104,-10.13100052,0.634050012
29.05027145,-1.971000075,-10.15905094,0.373950005
29.06729507,-3.240000248,-9.319050789,-0.543000042
29.08431843,-3.304050207,-8.983950615,-0.681000054
29.10134188,-3.415050268,-10.30305004,-0.568949997
29.11836551,-3.664050102,-11.65800095,-0.30795002
29.13538889,-3.501000166,-12.21405029,0.204000011
29.15241235,-3.759000063,-11.6970005,0.594000042
29.16943573,-5.323050022,-11.20305061,1.080000043
29.18645932,-4.708050251,-11.59095097,0.775950015
29.20348272,-0.295050025,-15.56100082,0.960000038
29.22050619,7.276950359,-19.6549511,-2.709000111
29.23752958,9.961050034,-18.81195068,-4.041000366
29.25455319,4.833000183,-14.79000092,0.057000004
29.27157666,1.918950081,-13.49700069,1.498950124
29.28860005,0.187950015,-11.29905033,0.378000021
29.30562365,-2.7900002,-10.08300018,-0.700950027
29.32264702,-0.220950007,-8.577000618,-0.544950008
29.33967039,0.195000008,-7.594950199,1.444050074
29.35669386,0.015000001,-6.859950542,1.389000058
29.37371751,0.930000067,-6.630000114,0.880950034
29.39074088,1.627050042,-6.123000145,-0.643050015
29.40776434,1.545000076,-5.293950081,-1.456950068
29.42478772,1.91595006,-3.95595026,-1.254000068
29.4418113,2.866950035,-2.905050039,-0.480000019
29.45883469,3.370050192,-2.842950106,-0.175950006
29.47585813,3.322050095,-3.091950178,-0.219000012
29.49288151,2.737950087,-3.420000076,0.112950005
29.50990514,2.296950102,-4.399050236,1.252050042
29.52692862,1.026000023,-6.59400034,2.820000172
29.54395202,-1.245000005,-10.08495045,4.690050125
29.56097562,-5.589000225,-13.87995052,5.488050461
29.57799906,-8.878050804,-16.30605125,8.313000679
29.59502246,-8.775000572,-14.74200058,9.771000862
29.61204611,-4.930050373,-10.36305046,8.61000061
29.62906952,-0.751950026,-6.546000481,4.710000038
29.646093,0.621000052,-5.947950363,1.56795013
29.6631164,2.323050022,-9.62100029,-2.673000097
29.68014002,5.197050095,-18.94200134,-2.977050066
29.6971635,7.354050159,-29.31900215,0.718050063
29.71418688,-1.498950124,-22.09305191,11.42805099
29.73121047,0.676050007,-7.734000206,3.607950211
29.74823388,0.52305001,-1.011000037,-5.142000198
29.76525733,7.950000286,2.674950123,-12.44505024
29.78228072,8.005050659,1.54005003,-11.75505066
29.79930434,0.13305001,-3.514950275,-4.548000336
29.81632772,-3.382950068,-12.39600086,0.213000014
29.83335116,-6.142050266,-19.81305122,5.157000065
29.85037476,-1.735950112,-11.11695099,5.890050411
29.86739816,3.556950092,-8.893050194,-0.600000024
29.88442154,3.757950068,-7.035000324,-5.568000317
29.90144502,0.609000027,-8.019000053,-3.921000242
29.91846865,-2.782950163,-8.041049957,0.306000024
29.9354921,-2.301000118,-7.179000378,2.3989501
29.95251548,-0.867000043,-7.46295023,0.259050012
29.96953908,0.303000003,-8.160000801,-1.765950084
29.98656246,0.44205001,-8.986050606,-1.653000116
