"Time (s)","X (rad/s)","Y (rad/s)","Z (rad/s)"
1.929279167E-2,4.327319145E0,-1.617080212E0,-2.009152412E0
2.931579167E-2,2.886987686E0,-2.482736349E0,-1.658075571E0
3.933879168E-2,-7.277380228E-1,-1.459098935E0,-6.267776489E-1
4.936179167E-2,-1.122266173E0,1.221449077E-1,8.296183348E-1
5.938479168E-2,2.087364674E0,-1.008543521E-1,2.069506645E0
6.940779169E-2,7.512325048E-1,-1.529209614E0,1.694817424E0
7.943079167E-2,3.419278860E-1,-1.302963138E0,1.355042100E0
8.945379168E-2,-3.800556064E-1,-5.545104742E-1,9.805250168E-1
9.947779169E-2,-1.072160721E0,-5.711628795E-1,3.895971775E-1
1.095007917E-1,-1.212114334E0,-3.038699925E-1,5.431669950E-1
1.195237917E-1,-9.615905881E-1,4.726964533E-1,8.432931900E-1
1.295467917E-1,-1.910323650E-1,3.506403267E-1,5.573676825E-1
1.395697917E-1,1.198244840E-1,-2.443962097E-1,3.806787729E-2
1.495927917E-1,-1.533333398E-2,-4.257529378E-1,5.759736896E-2
1.596157917E-1,-4.717602581E-2,-3.886736035E-1,3.768574819E-2
1.696387917E-1,-1.150351390E-2,-3.485078216E-1,7.134144008E-2
1.796617917E-1,3.711205348E-2,-2.229620665E-1,3.725632653E-2
1.896847917E-1,-2.639767900E-2,-1.635258943E-1,-3.821867984E-3
1.997077917E-1,1.324096620E-1,-1.761439294E-1,5.913026631E-2
2.097307917E-1,1.086904854E-1,-1.863654107E-1,2.897502482E-2
2.197537917E-1,8.807229251E-2,-1.721294820E-1,2.456292138E-2
2.297767917E-1,1.181835905E-1,-1.552783400E-1,2.476851642E-2
2.397997917E-1,1.024116501E-1,-1.076453701E-1,1.884621941E-2
2.498227917E-1,6.492712349E-2,-5.993749946E-2,1.834714413E-2
2.598457917E-1,2.068407834E-2,-2.522662096E-2,2.213409916E-2
2.698687917E-1,-1.683053747E-2,-1.557559147E-2,2.373811975E-2
2.798927917E-1,-3.076815233E-2,-2.258525975E-2,2.726670727E-2
2.899157917E-1,-2.580348775E-2,-4.255151376E-2,3.811509535E-2
2.999387917E-1,-1.919506304E-2,-4.867421836E-2,3.606508672E-2
3.099617917E-1,-1.148787513E-2,-2.512628213E-2,2.593176067E-2
3.199847917E-1,-3.156247083E-3,1.445935667E-2,1.489618607E-2
3.300077917E-1,2.203139663E-2,4.283080995E-2,2.774808323E-3
3.400307917E-1,4.897747934E-2,5.089375749E-2,5.954681430E-3
3.500537917E-1,6.825796515E-2,3.781737015E-2,1.944172755E-2
3.600767917E-1,7.422144711E-2,2.004248463E-2,3.846580163E-2
3.700997917E-1,6.483833492E-2,-1.148161758E-2,5.342983454E-2
3.801227917E-1,4.604773223E-2,-3.606803715E-2,6.345792115E-2
3.901462917E-1,2.810628526E-2,-3.859750926E-2,6.846679747E-2
4.001692917E-1,1.839993522E-2,-2.687494829E-2,7.033896446E-2
4.101922917E-1,7.460467052E-3,-1.029890310E-2,6.748751551E-2
4.202152917E-1,5.508332048E-3,-3.629080718E-3,6.899995357E-2
4.302382917E-1,7.591722533E-3,-1.637363806E-2,7.229348272E-2
4.402612917E-1,9.320272133E-3,-4.987891018E-2,6.134777516E-2
4.502852917E-1,1.533715241E-2,-6.453748792E-2,4.890335724E-2
4.603082917E-1,1.882279664E-2,-7.665625960E-2,3.553379327E-2
4.703312917E-1,1.389142033E-2,-9.310633689E-2,3.307063505E-2
4.803542917E-1,1.044650003E-2,-1.046182662E-1,3.823912144E-2
4.903772917E-1,1.261484530E-2,-1.236212626E-1,4.579477757E-2
5.004002917E-1,2.257027477E-2,-1.393116713E-1,4.795684293E-2
5.104232917E-1,3.109478764E-2,-1.290981770E-1,4.627505690E-2
5.204462917E-1,3.645335883E-2,-1.007187888E-1,4.135158658E-2
5.304692917E-1,2.736106142E-2,-6.977232546E-2,3.593924269E-2
5.404922917E-1,2.441664599E-2,-4.211135209E-2,3.344075009E-2
5.505152917E-1,2.671841532E-2,-3.635839373E-2,2.776155993E-2
5.605382917E-1,3.353952244E-2,-3.030732460E-2,2.079654299E-2
5.705612917E-1,3.524634242E-2,-2.186084352E-2,2.332015522E-2
5.805842917E-1,2.546298876E-2,-1.039468776E-2,1.955214702E-2
5.906072917E-1,7.385984994E-3,-5.095263943E-3,1.816197671E-2
6.006302917E-1,-4.133482464E-3,9.066564962E-3,1.394765824E-2
6.106542917E-1,-5.931648426E-3,2.736993879E-2,8.068464696E-3
6.206772917E-1,-5.160063505E-3,3.922179341E-2,-3.510082141E-3
6.307002917E-1,-4.579494707E-3,4.555532336E-2,-7.717343979E-3
6.407232917E-1,-7.239697967E-3,5.562228709E-2,-3.553310875E-3
6.507462917E-1,-6.107322406E-3,6.470473111E-2,8.563231677E-5
6.607692917E-1,3.348174505E-4,7.210335881E-2,4.286717623E-3
6.707922917E-1,7.354910020E-3,9.269811213E-2,5.237998907E-3
6.808152917E-1,1.139293239E-2,1.030592546E-1,7.396005094E-3
6.908382917E-1,9.506882168E-3,1.097419262E-1,1.169727650E-2
7.008612917E-1,8.088918403E-3,1.059094369E-1,1.781540737E-2
7.108842917E-1,-2.361326013E-3,1.064492613E-1,2.527785301E-2
7.209072917E-1,-1.407422591E-3,1.082312688E-1,3.093031235E-2
7.309302917E-1,-2.708909567E-3,9.827423841E-2,3.011778183E-2
7.409532917E-1,2.691496629E-3,1.040799692E-1,2.157137170E-2
7.509762917E-1,1.267728582E-2,1.066658944E-1,1.349720173E-2
7.609992917E-1,3.665750613E-3,9.820715338E-2,1.042958535E-2
7.710222917E-1,-6.206321064E-3,8.791909367E-2,1.147753932E-2
7.810462917E-1,-8.508427069E-3,6.968950480E-2,1.150169410E-2
7.910692917E-1,-5.818367936E-3,6.532245129E-2,6.667524576E-3
8.010922917E-1,-1.334903575E-2,7.684405148E-2,-9.341430850E-4
8.111152917E-1,-9.704766795E-3,9.170049429E-2,-7.008813322E-3
8.211382917E-1,-2.130859066E-3,9.580933303E-2,-6.403119303E-3
8.311612917E-1,-1.686909702E-3,9.597924352E-2,-1.241848804E-4
8.411842917E-1,-5.558662117E-3,9.416652471E-2,8.787453175E-3
8.512072917E-1,-5.586358719E-3,9.908990562E-2,1.343759894E-2
8.612302917E-1,-9.654821828E-3,1.118458211E-1,1.201157458E-2
8.712532917E-1,-1.851089858E-2,1.249299347E-1,8.082878776E-3
8.812762917E-1,-2.174576558E-2,1.320252419E-1,-1.828108449E-3
8.912992917E-1,-2.001604252E-2,1.227614358E-1,-8.773898706E-3
9.013222917E-1,-1.348423027E-2,1.097123250E-1,-1.486072876E-2
9.113452917E-1,-8.153378963E-3,9.361404926E-2,-1.780804992E-2
9.213682917E-1,-1.302369498E-2,5.315382779E-2,-1.262503676E-2
9.313922917E-1,-1.407271437E-2,3.334310651E-2,-1.023911126E-2
9.414152917E-1,-1.079577580E-2,2.366493642E-2,-7.474294398E-3
9.514382917E-1,-1.082453690E-2,2.111389488E-2,-1.734117046E-3
9.614612917E-1,-1.070836745E-2,2.540560067E-2,4.580665380E-3
9.714842917E-1,-8.442816325E-3,1.411805954E-2,2.040144056E-2
9.815072917E-1,-1.229612529E-2,-1.926098485E-4,2.439012751E-2
9.915302917E-1,-1.216042787E-3,-5.150083452E-3,2.394697815E-2
1.001553292E0,-7.328543812E-3,-7.927346975E-3,2.518071234E-2
1.011576292E0,-1.194566581E-2,1.016879920E-3,3.024657816E-2
1.021599292E0,-1.786733046E-2,1.375544537E-2,4.054168612E-2
1.031622292E0,-1.569392532E-2,3.397842497E-2,5.231365561E-2
1.041645292E0,-1.543974131E-2,5.291006714E-2,6.199058518E-2
1.051668292E0,-1.512122713E-2,6.618379802E-2,6.573551893E-2
1.061691292E0,-3.421773762E-2,1.058022678E-1,7.077774405E-2
1.071714292E0,-5.799736828E-2,8.901077509E-2,8.255717158E-2
1.081737292E0,-8.366414160E-2,8.875370026E-2,9.268461913E-2
1.091760292E0,-1.003022417E-1,1.124664918E-1,9.511928260E-2
1.101784292E0,-1.102035344E-1,1.329617649E-1,8.578539640E-2
1.111807292E0,-1.138539314E-1,1.550745219E-1,5.786028877E-2
1.121830292E0,-9.897114336E-2,1.336825937E-1,1.386373118E-2
1.131853292E0,-7.830953598E-2,9.294261783E-2,-3.123583458E-2
1.141876292E0,-8.302409202E-2,5.535027757E-2,-9.966710955E-2
1.151899292E0,-1.206995621E-1,1.184301451E-2,-1.823726296E-1
1.161922292E0,-1.624507010E-1,-3.660824150E-2,-2.662289143E-1
1.171945292E0,-2.283535451E-1,-1.125059351E-1,-3.571263254E-1
1.181968292E0,-3.033209443E-1,-1.624450982E-1,-4.594792426E-1
1.191991292E0,-3.922971487E-1,-1.766192317E-1,-5.605182052E-1
1.202014292E0,-4.958541095E-1,-1.546717435E-1,-6.600685716E-1
1.212037292E0,-6.051568985E-1,-1.278110892E-1,-7.878789902E-1
1.222060292E0,-7.180747986E-1,-1.079070568E-1,-9.316512346E-1
1.232083292E0,-7.966644168E-1,-1.047288403E-1,-1.130487323E0
1.242106292E0,-8.280002475E-1,-7.667843252E-2,-1.334393263E0
1.252129292E0,-8.376739025E-1,-1.387789939E-2,-1.511646628E0
1.262153292E0,-8.615047336E-1,7.200814318E-3,-1.656198978E0
1.272176292E0,-9.273297787E-1,-9.269329160E-2,-1.787281394E0
1.282199292E0,-1.056921363E0,-2.074604928E-1,-1.902682304E0
1.292222292E0,-1.194175959E0,-3.141097128E-1,-2.034594059E0
1.302245292E0,-1.285721898E0,-2.781800032E-1,-2.181534290E0
1.312268292E0,-1.325972080E0,-1.458802819E-1,-2.326502323E0
1.322291292E0,-1.337324739E0,-7.978598028E-2,-2.468954802E0
1.332314292E0,-1.382415295E0,-5.258525163E-2,-2.541080713E0
1.342337292E0,-1.442878366E0,2.363336086E-2,-2.520330191E0
1.352360292E0,-1.362961411E0,1.921249032E-1,-2.481089115E0
1.362383292E0,-1.147476912E0,2.046910077E-1,-2.440829754E0
1.372406292E0,-1.003721833E0,-1.002875902E-2,-2.318051577E0
1.382429292E0,-1.025118470E0,-3.688456416E-1,-2.140225887E0
1.392452042E0,-1.115069628E0,-6.831721067E-1,-1.936224937E0
1.402475042E0,-1.122583866E0,-8.953465223E-1,-1.768372536E0
1.412499042E0,-1.052329421E0,-7.977861762E-1,-1.684115767E0
1.422522042E0,-9.091358185E-1,-6.290936470E-1,-1.661629319E0
1.432545042E0,-8.145999908E-1,-5.227181911E-1,-1.533397794E0
1.442568042E0,-7.431570888E-1,-6.677115560E-1,-1.398548841E0
1.452591042E0,-6.910020113E-1,-8.373197317E-1,-1.268540621E0
1.462614042E0,-6.690890789E-1,-9.034238458E-1,-1.060156226E0
1.472637042E0,-6.244619489E-1,-8.118611574E-1,-8.864800334E-1
1.482660042E0,-5.544486642E-1,-6.593109369E-1,-6.833167672E-1
1.492683042E0,-4.691904485E-1,-5.521799922E-1,-4.755172133E-1
1.502706042E0,-3.624798954E-1,-5.078796744E-1,-2.804140151E-1
1.512729042E0,-2.518734932E-1,-4.853948653E-1,-1.070347726E-1
1.522752042E0,-1.257664412E-1,-4.247136414E-1,6.382280588E-2
1.532775042E0,-4.508630373E-4,-3.346399367E-1,2.485790700E-1
1.542798042E0,1.140625104E-1,-2.253476381E-1,4.513643682E-1
1.552821042E0,2.226307988E-1,-1.043527573E-1,6.408711672E-1
1.562845042E0,3.212681711E-1,-9.131892584E-3,8.042204976E-1
1.572868042E0,4.062720239E-1,8.125685900E-2,9.667047262E-1
1.582891042E0,4.694336355E-1,1.909460872E-1,1.112995028E0
1.592914042E0,5.181518793E-1,3.386505842E-1,1.239766240E0
1.602937042E0,5.472300649E-1,5.587289929E-1,1.332013845E0
1.612960042E0,5.501803160E-1,8.102017045E-1,1.382245541E0
1.622983042E0,4.702032208E-1,1.045713902E0,1.411272764E0
1.633006042E0,4.356649518E-1,1.265499830E0,1.419285655E0
1.643029042E0,5.452760458E-1,1.382726192E0,1.336578131E0
1.653052042E0,6.323635578E-1,1.249734879E0,1.201484203E0
1.663075042E0,6.994748712E-1,9.972169995E-1,1.022249222E0
1.673098042E0,8.086061478E-1,8.573570848E-1,8.474882841E-1
1.683121042E0,9.030091166E-1,7.473688126E-1,7.121024132E-1
1.693144042E0,9.410356283E-1,6.343077421E-1,6.277214289E-1
1.703167042E0,9.462531805E-1,4.632132053E-1,5.549952984E-1
1.713190042E0,9.076258540E-1,3.045071661E-1,4.983266890E-1
1.723214042E0,8.188012242E-1,1.410509050E-1,4.584896863E-1
1.733237042E0,7.288417816E-1,1.971701719E-2,4.725407958E-1
1.743260042E0,6.760205030E-1,-4.227136262E-3,5.226023793E-1
1.753283042E0,6.577137113E-1,4.531831294E-2,5.762658715E-1
1.763306042E0,6.440942287E-1,6.336124241E-2,6.789382696E-1
1.773329042E0,6.201278567E-1,5.907248706E-2,8.347084522E-1
1.783352042E0,6.360077858E-1,1.140583754E-1,1.056326509E0
1.793375042E0,6.842567921E-1,2.525723279E-1,1.307019353E0
1.803398042E0,7.181271911E-1,3.577913642E-1,1.530772328E0
1.813421042E0,7.968598008E-1,4.851447940E-1,1.636405826E0
1.823444042E0,7.895097136E-1,6.143290401E-1,1.541226149E0
1.833467042E0,6.821648479E-1,4.520663321E-1,1.248406291E0
1.843490042E0,7.253479958E-1,2.397261746E-2,8.265587091E-1
1.853513042E0,8.616901040E-1,3.756032884E-2,3.918820620E-1
1.863537042E0,1.265888453E0,1.722723544E-1,1.765746810E-2
1.873560042E0,1.256559372E0,6.792170554E-2,-3.010496795E-1
1.883583042E0,6.619799733E-1,3.755275011E-1,-7.573388815E-1
1.893606042E0,-8.504651487E-3,6.423077583E-1,-1.262155414E0
1.903629042E0,-4.930358529E-1,7.350622416E-1,-1.921709180E0
1.913652042E0,-8.388198614E-1,6.629659534E-1,-2.140920877E0
1.923675042E0,-9.627307057E-1,3.817117810E-1,-1.758885026E0
1.933698042E0,-8.518846035E-1,1.835150719E-1,-1.191708326E0
1.943721042E0,-5.184683800E-1,-1.766942143E-1,-6.821728945E-1
1.953744042E0,-1.632626355E-1,-6.342988014E-1,-1.729666293E-1
1.963767042E0,1.278776228E-1,-9.114827514E-1,2.121583372E-1
1.973790042E0,2.535268962E-1,-9.628833532E-1,3.971143365E-1
1.983813042E0,2.963162065E-1,-7.925505638E-1,2.637119591E-1
1.993836042E0,4.108664691E-1,-4.550505579E-1,1.852003299E-2
2.003859042E0,5.340477228E-1,-1.015602276E-1,-1.175478101E-1
2.013882042E0,5.742872953E-1,1.361604482E-1,-2.146240324E-1
2.023906042E0,5.647040606E-1,2.434959859E-1,-2.679913640E-1
2.033929042E0,4.550603628E-1,2.456678003E-1,-2.976400554E-1
2.043952042E0,3.063341081E-1,1.958920211E-1,-3.492060900E-1
2.053975042E0,2.218037546E-1,1.680105925E-1,-4.123008847E-1
2.063998042E0,8.344727755E-2,2.532061636E-1,-4.462643564E-1
2.074021042E0,-1.542137563E-1,2.558184564E-1,-3.932797015E-1
2.084044042E0,-2.726491690E-1,1.734154075E-1,-2.161865234E-1
2.094067042E0,-2.994693220E-1,8.872181922E-2,-4.222724587E-2
2.104090042E0,-2.876928747E-1,3.611502051E-2,7.977137715E-2
2.114113042E0,-3.169809878E-1,-1.208317205E-1,1.255188882E-1
2.124136042E0,-3.992939889E-1,-3.552057147E-1,9.497906268E-2
2.134159042E0,-4.979787469E-1,-5.352683663E-1,4.826800432E-3
2.144182042E0,-6.263321042E-1,-4.374506772E-1,-1.273411661E-1
2.154205042E0,-7.481266856E-1,-1.494881362E-1,-2.665823996E-1
2.164228042E0,-8.090762496E-1,9.783130884E-2,-3.230518401E-1
2.174252042E0,-8.926675320E-1,2.687188983E-1,-2.778079212E-1
2.184275042E0,-1.001725316E0,4.548088312E-1,-1.564764977E-1
2.194298042E0,-9.538525939E-1,5.840874910E-1,-4.168760031E-2
2.204321042E0,-9.141176343E-1,7.456995845E-1,-1.046246663E-2
2.214344042E0,-9.466332197E-1,8.383229971E-1,-5.457959324E-2
2.224367042E0,-1.009720325E0,9.020689726E-1,-1.784409434E-1
2.234390042E0,-1.182099342E0,8.809357285E-1,-4.281187057E-1
2.244413042E0,-1.404162169E0,7.871022224E-1,-7.462643981E-1
2.254436042E0,-1.608674765E0,7.596112490E-1,-1.114925146E0
2.264459042E0,-1.771648765E0,7.372902632E-1,-1.603833199E0
2.274482042E0,-1.910809636E0,6.119906306E-1,-2.099366426E0
2.284505042E0,-1.953127146E0,3.194164932E-1,-2.368802786E0
2.294528042E0,-1.861270189E0,-1.645017117E-1,-2.457156181E0
2.304551042E0,-1.740249872E0,-3.633979857E-1,-2.495218039E0
2.314574042E0,-1.638756514E0,-6.902616024E-1,-2.524133444E0
2.324597042E0,-1.521020532E0,-1.193155169E0,-2.495160580E0
2.334621042E0,-1.343756199E0,-1.261611938E0,-2.334057808E0
2.344644042E0,-1.058088064E0,-1.026549935E0,-2.099362612E0
2.354667042E0,-7.182618380E-1,-9.120646119E-1,-1.779237986E0
2.364690042E0,-3.960197568E-1,-8.536407948E-1,-1.391371131E0
2.374713042E0,-2.122046351E-1,-6.159914732E-1,-1.110217929E0
2.384736042E0,-7.630161196E-2,-1.556394398E-1,-8.682186007E-1
2.394759333E0,1.247665137E-1,3.174176216E-1,-6.305586696E-1
2.404782333E0,3.284111321E-1,6.834994555E-1,-3.495981395E-1
2.414805333E0,4.804683328E-1,8.453930616E-1,-3.999420628E-2
2.424828333E0,5.764886737E-1,7.655500770E-1,2.641252577E-1
2.434851333E0,6.442267299E-1,4.592588842E-1,5.501801968E-1
2.444874333E0,7.145130634E-1,1.143427044E-1,7.874868512E-1
2.454897333E0,8.073995709E-1,-1.377297491E-1,1.005693674E0
2.464920333E0,9.146820307E-1,-3.189613223E-1,1.225974917E0
2.474943333E0,1.025147200E0,-4.128236473E-1,1.449476123E0
2.484967333E0,1.148117185E0,-4.334153831E-1,1.676078796E0
2.494990333E0,1.253765345E0,-4.388160110E-1,1.927316427E0
2.505013333E0,1.374947190E0,-2.955650687E-1,2.186405897E0
2.515036333E0,1.497475505E0,-2.115720138E-2,2.410259724E0
2.525059333E0,1.633116841E0,2.670330107E-1,2.569321632E0
2.535082333E0,1.718161106E0,4.433265626E-1,2.604354858E0
2.545105333E0,1.666012764E0,3.604765534E-1,2.559649706E0
2.555128333E0,1.433448434E0,-7.278024219E-3,2.453720808E0
2.565151333E0,1.012526035E0,-5.147017241E-1,2.265760183E0
2.575174333E0,5.865014791E-1,-9.202204347E-1,1.980900764E0
2.585197333E0,4.355804622E-1,-8.493443131E-1,1.674608946E0
2.595220333E0,5.720506907E-1,-5.283769369E-1,1.386181474E0
2.605243333E0,8.166560531E-1,-2.621049285E-1,1.120646477E0
2.615266333E0,1.040343285E0,-6.790298969E-2,8.378808498E-1
2.625289333E0,1.229382396E0,1.916601360E-1,4.790109098E-1
2.635313333E0,1.291089654E0,4.828837216E-1,8.646816015E-2
2.645336333E0,1.230347872E0,6.565802097E-1,-1.954852939E-1
2.655359333E0,1.236480594E0,7.421851158E-1,-3.379489481E-1
2.665382333E0,1.220411897E0,7.347939014E-1,-4.187889099E-1
2.675405333E0,1.054851174E0,2.504644990E-1,-3.354769647E-1
2.685428333E0,7.353084683E-1,1.669272333E-1,-3.808164597E-2
2.695451333E0,7.721557021E-1,7.122904658E-1,2.454334348E-1
2.705474333E0,6.697614789E-1,4.661137462E-1,2.425559461E-1
2.715497333E0,4.038068056E-1,-9.600045532E-2,1.257779300E-1
2.725520333E0,5.040411353E-1,-3.655822873E-1,-1.837806404E-1
2.735543333E0,5.636882186E-1,2.166020274E-1,-4.354901016E-1
2.745566333E0,5.333516598E-1,8.357226253E-1,-5.114938021E-1
2.755589333E0,4.049265683E-1,7.866382003E-1,-5.179311633E-1
2.765612333E0,2.464562207E-1,-2.961406708E-1,-5.534026623E-1
2.775635333E0,2.892329693E-1,-1.068627477E0,-7.083619237E-1
2.785659333E0,2.685081661E-1,-8.180760741E-1,-8.296887875E-1
2.795682333E0,2.305599898E-1,-4.581533372E-1,-7.097253203E-1
2.805705333E0,2.309431136E-1,-3.871160150E-1,-5.074259043E-1
2.815728333E0,2.110652775E-1,-3.781856298E-1,-3.298588395E-1
2.825751333E0,1.212079227E-1,-5.125474930E-1,-1.740484983E-1
2.835774333E0,6.120750681E-3,-5.820823908E-1,-1.049365662E-2
2.845797333E0,-6.360804290E-2,-3.662293255E-1,1.308905780E-1
2.855820333E0,-4.538589716E-2,-2.368476056E-2,2.599313855E-1
2.865843333E0,-1.655170694E-3,3.003976643E-1,3.824553490E-1
2.875866333E0,-7.673714310E-2,3.897544444E-1,5.343780518E-1
2.885889333E0,-6.811578572E-2,2.401277274E-1,6.826628447E-1
2.895912333E0,4.415909201E-2,-7.658111863E-3,7.580971122E-1
2.905935333E0,7.574719936E-2,-1.366983056E-1,7.688761950E-1
2.915958333E0,3.612495586E-2,-2.188303322E-2,6.939918399E-1
2.925981333E0,2.425689716E-3,2.541406453E-1,4.343502522E-1
2.936005333E0,-1.033052653E-1,4.825064242E-1,-1.768912934E-2
2.946028333E0,-2.761450708E-1,5.153375268E-1,-4.843150377E-1
2.956051333E0,-4.248519838E-1,5.083560348E-1,-7.451551557E-1
2.966074333E0,-5.630453229E-1,4.453499317E-1,-7.956949472E-1
2.976097333E0,-7.584350705E-1,3.636020720E-1,-6.319150329E-1
2.986120333E0,-9.340179563E-1,2.574801743E-1,-3.390396535E-1
2.996143333E0,-9.596452713E-1,1.211492419E-1,-9.156009555E-2
3.006166333E0,-9.515562654E-1,7.145896554E-2,5.371861905E-2
3.016189333E0,-9.082777500E-1,1.216520965E-1,1.053868681E-1
3.026212333E0,-8.773129582E-1,2.324909270E-1,7.898841053E-2
3.036235333E0,-9.476944804E-1,3.758171797E-1,-4.541108385E-3
3.046258333E0,-9.565797448E-1,3.706783056E-1,-1.438228041E-1
3.056281333E0,-1.079120755E0,2.773856521E-1,-3.047759831E-1
3.066304333E0,-1.317107201E0,2.341695726E-1,-4.554174542E-1
3.076327333E0,-1.482132196E0,4.313012958E-1,-5.643082261E-1
3.086350333E0,-1.575634480E0,6.830894947E-1,-6.233127713E-1
3.096374333E0,-1.675145626E0,6.953967810E-1,-6.772585511E-1
3.106397333E0,-1.741897941E0,5.507601500E-1,-7.370187640E-1
3.116420333E0,-1.760180473E0,2.778851688E-1,-8.862003088E-1
3.126443333E0,-1.764772058E0,-5.070056766E-2,-1.165711045E0
3.136466333E0,-1.708238959E0,-2.442588508E-1,-1.465683818E0
3.146489333E0,-1.559393287E0,-2.211427391E-1,-1.757609963E0
3.156512333E0,-1.387667418E0,-1.325622648E-1,-2.013894796E0
3.166535333E0,-1.203292251E0,-1.144634262E-1,-2.201746702E0
3.176558333E0,-1.036221266E0,-2.341669202E-1,-2.307931185E0
3.186581333E0,-8.494360447E-1,-2.830147147E-1,-2.342628002E0
3.196604333E0,-6.202049851E-1,-2.253993601E-1,-2.344568491E0
3.206627333E0,-3.491826355E-1,-1.803350747E-1,-2.182369947E0
3.216650333E0,-1.063172519E-1,-3.143288195E-1,-1.957138658E0
3.226673333E0,4.212044552E-2,-3.973452747E-1,-1.744519353E0
3.236696333E0,8.078794181E-2,-2.376256734E-1,-1.543474674E0
3.246720333E0,1.136904284E-1,-1.739235222E-2,-1.317576289E0
3.256743333E0,2.313430309E-1,2.000403702E-1,-1.085724592E0
3.266766333E0,3.725850284E-1,3.149992228E-1,-7.693439722E-1
3.276789333E0,4.809991121E-1,2.423396856E-1,-4.102513194E-1
3.286812333E0,5.569489002E-1,5.766180903E-2,-9.342473000E-2
3.296835333E0,6.222634912E-1,-1.494495720E-1,1.392612457E-1
3.306858333E0,6.921261549E-1,-2.846533060E-1,3.445452750E-1
3.316881333E0,7.498504519E-1,-3.518062532E-1,5.405672193E-1
3.326904333E0,8.096534014E-1,-3.303913772E-1,7.517936826E-1
3.336927333E0,8.551458120E-1,-2.776517272E-1,9.822090864E-1
3.346950333E0,8.937835097E-1,-1.996639222E-1,1.231895447E0
3.356973333E0,9.184145927E-1,-1.380745918E-1,1.497689843E0
3.366996333E0,9.460882545E-1,-1.125677153E-1,1.785623550E0
3.377019333E0,1.005940914E0,-7.953946292E-2,2.102701187E0
3.387042333E0,1.079569578E0,2.360672131E-2,2.423277855E0
3.397066458E0,1.116608858E0,1.430076957E-1,2.671211004E0
3.407089458E0,9.944671988E-1,3.245446384E-1,2.808376789E0
3.417112458E0,8.605642915E-1,1.878706664E-1,2.767226219E0
3.427135458E0,5.901672244E-1,-1.638266593E-1,2.616184235E0
3.437158458E0,1.789722294E-1,-4.662232697E-1,2.415388823E0
3.447181458E0,-7.785302401E-2,-5.838763118E-1,2.114896297E0
3.457204458E0,7.262942195E-2,-2.527913153E-1,1.823889852E0
3.467227458E0,4.793692827E-1,2.126558572E-1,1.569504261E0
3.477250458E0,9.307892323E-1,5.414638519E-1,1.252299666E0
3.487273458E0,1.287574410E0,6.290664673E-1,9.341969490E-1
3.497296458E0,1.454223156E0,4.717229307E-1,6.137776375E-1
3.507319458E0,1.403159261E0,2.257955670E-1,3.354060352E-1
3.517342458E0,1.236493349E0,6.585454103E-3,1.108932942E-1
3.527365458E0,1.039496660E0,4.435341805E-2,-7.049956173E-2
3.537388458E0,9.397083521E-1,5.195913836E-2,-8.539089561E-2
3.547412458E0,7.133444548E-1,-1.286736727E-1,9.985386580E-2
3.557435458E0,8.794698119E-1,2.296727598E-1,3.580180407E-1
3.567458458E0,9.749883413E-1,2.522384822E-1,3.664093018E-1
3.577481458E0,4.716221392E-1,3.496820480E-2,2.244516313E-1
3.587504458E0,2.878503799E-1,-1.730486751E-1,1.687589101E-3
3.597527458E0,5.902826786E-1,-3.024008274E-1,-5.958133936E-1
3.607550458E0,6.007313728E-1,5.725529790E-1,-9.824831486E-1
3.617573458E0,2.747724056E-1,1.164819241E0,-9.156138301E-1
3.627596458E0,1.392161101E-1,2.777334154E-1,-7.064662576E-1
3.637619458E0,3.101225793E-1,-9.875082970E-1,-5.781655312E-1
3.647642458E0,3.094317913E-1,-1.145857692E0,-6.617442369E-1
3.657665458E0,2.987272143E-1,-3.147740364E-1,-9.860876799E-1
3.667688458E0,2.137882560E-1,1.848141551E-1,-9.857767820E-1
3.677711458E0,1.768270433E-1,7.037118822E-2,-6.362661719E-1
3.687734458E0,9.290902317E-2,-1.051713005E-1,-3.984870315E-1
3.697758458E0,-9.150493890E-3,-2.607904375E-1,-1.962721348E-1
3.707781458E0,-1.065008417E-1,-1.711316109E-1,8.462744951E-2
3.717804458E0,-1.265019774E-1,1.076656580E-1,3.202141523E-1
3.727827458E0,-9.111839533E-2,3.704134822E-1,5.695875287E-1
3.737850458E0,-7.981142402E-2,3.997679055E-1,7.425840497E-1
3.747873458E0,-1.099321172E-1,2.139514536E-1,7.915735841E-1
3.757896458E0,-9.073578566E-2,1.315455288E-1,6.441724300E-1
3.767919458E0,-8.286061883E-2,1.708102524E-1,2.749888003E-1
3.777942458E0,-1.035419255E-1,3.255502880E-1,-7.484403253E-2
3.787965458E0,-2.010930628E-1,5.946671367E-1,-3.326853812E-1
3.797988458E0,-3.538983166E-1,5.300287604E-1,-4.479318261E-1
3.808011458E0,-5.304944515E-1,2.574162781E-1,-3.380822539E-1
3.818034458E0,-6.463273168E-1,1.129957065E-1,-1.394535899E-1
3.828057458E0,-6.501115561E-1,8.828334510E-2,7.892450690E-2
3.838081458E0,-6.506205201E-1,1.138720587E-1,2.737283409E-1
3.848104458E0,-6.139138341E-1,1.267019510E-1,4.153184593E-1
3.858127458E0,-5.431379080E-1,7.929103076E-2,4.867377877E-1
3.868150458E0,-4.770881832E-1,6.204774976E-2,4.790448844E-1
3.878173458E0,-5.224378109E-1,3.706596792E-2,3.604460657E-1
3.888196458E0,-6.227300167E-1,-1.004933789E-1,1.874236614E-1
3.898219458E0,-7.358142138E-1,-1.785327792E-1,-4.237970337E-2
3.908242458E0,-8.923919797E-1,-1.126566306E-1,-3.646082878E-1
3.918265458E0,-1.060132980E0,1.530714482E-1,-6.974322796E-1
3.928288458E0,-1.279207349E0,3.023952544E-1,-1.010792375E0
3.938311458E0,-1.526381612E0,1.683588773E-1,-1.314798713E0
3.948334458E0,-1.657225490E0,-1.137942076E-1,-1.579133391E0
3.958357458E0,-1.723286510E0,-2.171083391E-1,-1.753134489E0
3.968380458E0,-1.818786383E0,-1.416429281E-1,-1.840150833E0
3.978403458E0,-1.895009756E0,-2.206365466E-1,-1.890098453E0
3.988427458E0,-1.845747352E0,-1.923561096E-1,-1.894611359E0
3.998450458E0,-1.661448002E0,-9.498987347E-2,-1.932924390E0
4.008473458E0,-1.449535608E0,-2.368055731E-1,-1.987886548E0
4.018496458E0,-1.282972932E0,-6.802644730E-1,-1.969976068E0
4.028519458E0,-1.080394506E0,-8.234215975E-1,-1.900780678E0
4.038542458E0,-8.464957476E-1,-4.871346354E-1,-1.846081257E0
4.048565458E0,-6.397734880E-1,-2.105819732E-1,-1.734198928E0
4.058588458E0,-4.773645699E-1,-1.387410760E-1,-1.604724288E0
4.068611458E0,-3.647216558E-1,-7.480070740E-2,-1.475723624E0
4.078634458E0,-2.418112010E-1,-5.032465234E-2,-1.345758796E0
4.088657458E0,-9.030944109E-2,-9.648732096E-2,-1.144438505E0
4.098680458E0,3.079807386E-2,-1.054667011E-1,-8.312938213E-1
4.108703458E0,1.215380207E-1,-1.114186794E-1,-4.864252210E-1
4.118726458E0,2.442748547E-1,-9.498085082E-2,-1.515164971E-1
4.128750458E0,4.088911414E-1,-1.428823918E-1,1.618148983E-1
4.138773458E0,5.696965456E-1,-3.127191067E-1,4.030195475E-1
4.148796458E0,7.000863552E-1,-4.540657401E-1,6.188072562E-1
4.158819458E0,8.195882440E-1,-5.489379168E-1,8.369023204E-1
4.168842458E0,9.608368874E-1,-5.278065205E-1,1.092860222E0
4.178865458E0,1.146937966E0,-4.458788931E-1,1.367807865E0
4.188888458E0,1.319658995E0,-3.337483108E-1,1.646333575E0
4.198911458E0,1.431717634E0,-1.769030392E-1,1.956275344E0
4.208934458E0,1.493542790E0,2.446047589E-2,2.283788204E0
4.218957458E0,1.559457660E0,2.675338387E-1,2.594027281E0
4.228980458E0,1.609283447E0,3.822641373E-1,2.809680939E0
4.239003458E0,1.526668191E0,1.752560735E-1,2.856875420E0
4.249026458E0,1.234139562E0,-2.195284516E-1,2.812499285E0
4.259049458E0,7.406398654E-1,-6.307184100E-1,2.731213570E0
4.269073458E0,1.247050241E-1,-9.077091217E-1,2.492310762E0
4.279096458E0,-2.513466179E-1,-9.502519965E-1,2.192317486E0
4.289119458E0,-7.586338371E-2,-6.843523383E-1,1.865905285E0
4.299142458E0,3.860416710E-1,-4.518878758E-1,1.440087676E0
4.309165458E0,9.312880039E-1,-1.065724641E-1,9.441697001E-1
4.319188458E0,1.380190611E0,3.333140910E-1,3.684757948E-1
4.329211458E0,1.635096073E0,4.184198081E-1,-8.432801813E-2
4.339234458E0,1.785380125E0,3.389657140E-1,-3.016605973E-1
4.349257458E0,1.841923714E0,3.161513805E-1,-4.186305702E-1
4.359280458E0,1.613891125E0,4.041608572E-1,-5.325640440E-1
4.369303458E0,1.227208018E0,2.581844032E-1,-4.636567235E-1
4.379326458E0,9.575381279E-1,-3.427347243E-1,-1.594268084E-1
4.389349458E0,1.275276065E0,2.997161746E-1,2.484243363E-1
4.399371583E0,1.132461667E0,1.283220500E-1,4.701434076E-1
4.409395583E0,6.817215681E-1,-8.070845008E-1,4.347195625E-1
4.419418583E0,7.313868999E-1,-1.561951041E0,4.552334547E-2
4.429441583E0,7.923549414E-1,-1.016838670E0,-5.392934680E-1
4.439464583E0,6.686910391E-1,7.972331643E-1,-8.465077281E-1
4.449487583E0,2.865380049E-1,8.527509570E-1,-1.028032303E0
4.459510583E0,8.210338652E-2,-5.683459044E-1,-1.108856797E0
4.469533583E0,1.808282174E-2,-9.232951403E-1,-9.582937360E-1
4.479556583E0,-4.083215818E-2,-5.626184344E-1,-7.794368863E-1
4.489579583E0,-6.470076740E-2,-3.084625006E-1,-5.792885423E-1
4.499602583E0,-4.830981046E-2,-1.931061000E-1,-3.896975517E-1
4.509625583E0,-9.548272938E-3,-9.326849878E-2,-2.212162167E-1
4.519648583E0,6.993270665E-2,-8.859305829E-2,-4.509897903E-2
4.529671583E0,1.271272898E-1,-7.217533141E-2,1.264865100E-1
4.539694583E0,1.610548794E-1,-2.072598785E-2,2.668521702E-1
4.549718583E0,1.829892993E-1,6.202546880E-2,3.528165519E-1
4.559741583E0,1.823117882E-1,1.481001824E-1,3.914680779E-1
4.569764583E0,1.814843863E-1,2.403081656E-1,4.171856344E-1
4.579787583E0,1.603434235E-1,3.391322196E-1,4.592065811E-1
4.589810583E0,1.091843992E-1,3.356367350E-1,5.313791037E-1
4.599833583E0,4.525495693E-2,2.087118030E-1,6.130462885E-1
4.609856583E0,-3.629587591E-2,9.103595465E-2,6.254083514E-1
4.619879583E0,-1.171507761E-1,1.311551481E-1,5.420863032E-1
4.629902583E0,-1.530737281E-1,2.460364699E-1,3.724907041E-1
4.639925583E0,-2.149256468E-1,3.240225911E-1,1.325665116E-1
4.649948583E0,-2.973293066E-1,3.244148493E-1,-6.836799532E-2
4.659971583E0,-3.665448725E-1,1.490941793E-1,-1.848980635E-1
4.669994583E0,-5.192531347E-1,-3.871040046E-2,-1.921802163E-1
4.680017583E0,-5.877727866E-1,-6.279416382E-2,-1.197731346E-1
4.690041583E0,-5.570047498E-1,1.528856810E-2,-3.352082521E-2
4.700064583E0,-5.372326374E-1,4.234948009E-2,2.859473974E-2
4.710087583E0,-5.339216590E-1,6.862638146E-2,8.123671263E-2
4.720110583E0,-5.450481176E-1,1.295387447E-1,1.090808585E-1
4.730133583E0,-5.372673273E-1,1.635852307E-1,6.836695224E-2
4.740156583E0,-5.711965561E-1,1.688111573E-1,-4.821159318E-2
4.750179583E0,-6.433226466E-1,1.603247225E-1,-2.299624830E-1
4.760202583E0,-8.717089891E-1,5.961969122E-2,-4.806745946E-1
4.770225583E0,-1.139250875E0,5.380082130E-2,-7.251452208E-1
4.780248583E0,-1.303994060E0,3.534029722E-1,-9.670582414E-1
4.790271583E0,-1.483304143E0,6.528353691E-1,-1.214873075E0
4.800294583E0,-1.640905738E0,6.307116747E-1,-1.400001168E0
4.810317583E0,-1.767427921E0,3.615645170E-1,-1.463074684E0
4.820340583E0,-1.791997194E0,4.281102866E-2,-1.452045441E0
4.830364583E0,-1.700870991E0,-3.661353290E-1,-1.553965688E0
4.840387583E0,-1.577454567E0,-4.856715798E-1,-1.703716040E0
4.850410583E0,-1.468204618E0,-7.830091715E-1,-1.829604864E0
4.860433583E0,-1.313226104E0,-9.660194516E-1,-1.932425737E0
4.870456583E0,-1.122841954E0,-1.057478070E0,-1.967875600E0
4.880479583E0,-9.488086700E-1,-9.710816741E-1,-1.914749265E0
4.890502583E0,-7.435881495E-1,-6.094320416E-1,-1.768362641E0
4.900525583E0,-4.841853380E-1,-1.937336326E-1,-1.542796135E0
4.910548583E0,-2.420584857E-1,-1.075751334E-1,-1.295213699E0
4.920571583E0,-6.587865204E-2,-9.431152046E-2,-1.095523238E0
4.930594583E0,2.000488155E-2,-7.469401509E-2,-9.430097342E-1
4.940617583E0,3.821104765E-2,-1.425598860E-1,-8.314744234E-1
4.950640583E0,4.477127641E-2,-2.063216567E-1,-7.016175985E-1
4.960664583E0,1.422179341E-1,-1.914353818E-1,-4.378567338E-1
4.970687583E0,3.019447625E-1,-2.378349751E-1,-1.274305433E-1
4.980710583E0,4.796183705E-1,-3.516350389E-1,1.534490585E-1
4.990733583E0,6.086883545E-1,-4.936741590E-1,3.812443614E-1
5.000756583E0,7.063400745E-1,-5.771030188E-1,5.556239486E-1
5.010779583E0,7.949305773E-1,-6.311854720E-1,7.039794922E-1
5.020802583E0,8.790566325E-1,-6.572982669E-1,8.734838367E-1
5.030825583E0,9.807755947E-1,-6.328893900E-1,1.072353959E0
5.040848583E0,1.081872582E0,-5.413363576E-1,1.280226707E0
5.050871583E0,1.166637897E0,-3.564993739E-1,1.491403341E0
5.060894583E0,1.218997002E0,-1.343608648E-1,1.715285182E0
5.070917583E0,1.243649483E0,7.216712087E-2,1.973674417E0
5.080940583E0,1.230770230E0,2.300041467E-1,2.235071659E0
5.090963583E0,1.157844543E0,2.450754791E-1,2.463351488E0
5.100986583E0,9.609027505E-1,6.793372333E-2,2.541060209E0
5.111010583E0,6.881589293E-1,-1.797226965E-1,2.432346582E0
5.121033583E0,3.765983582E-1,-3.445164561E-1,2.236692190E0
5.131056583E0,4.571389034E-2,-4.425625205E-1,1.987743855E0
5.141079583E0,-2.401365042E-1,-4.765159488E-1,1.707198501E0
5.151102583E0,-3.337601125E-1,-4.579846859E-1,1.445833683E0
5.161125583E0,-1.656736434E-1,-4.732653797E-1,1.188028574E0
5.171148583E0,1.426206976E-1,-5.832679272E-1,8.879141808E-1
5.181171583E0,5.481346846E-1,-6.517412663E-1,5.793464780E-1
5.191194583E0,9.550102353E-1,-5.386146307E-1,2.830945849E-1
5.201217583E0,1.156198740E0,-3.176654875E-1,1.569698378E-2
5.211240583E0,1.191648841E0,9.100749344E-2,-1.655444503E-1
5.221263583E0,1.225027561E0,7.696776390E-1,-2.366740108E-1
5.231286583E0,1.266063094E0,1.230535030E0,-2.723418474E-1
5.241309583E0,1.334144235E0,1.123099446E0,-2.696238160E-1
5.251333583E0,1.150354624E0,8.210972548E-1,-1.385327280E-1
5.261356583E0,7.650519609E-1,4.055826068E-1,1.123463735E-1
5.271379583E0,8.925075531E-1,3.038256764E-1,4.755381346E-1
5.281402583E0,1.470500588E0,3.123155534E-1,7.724276185E-1
5.291425583E0,1.305426836E0,-2.052009851E-1,6.808456779E-1
5.301448583E0,7.321162224E-1,-6.508250237E-1,2.041696608E-1
5.311471583E0,6.632143259E-1,-9.761388302E-1,-2.226362079E-1
5.321494583E0,7.632181644E-1,-7.011046410E-1,-5.880533457E-1
5.331517583E0,5.281634331E-1,5.777741075E-1,-8.850969672E-1
5.341540583E0,6.368068606E-2,7.837797403E-1,-1.084038258E0
5.351563583E0,-2.369257808E-1,-7.998134494E-1,-1.213075995E0
5.361586583E0,-1.388572752E-1,-1.203119874E0,-1.240915656E0
5.371609583E0,-1.337190419E-1,-1.083647013E-1,-1.170418382E0
5.381632583E0,3.372666612E-2,3.989733458E-1,-7.431597114E-1
5.391657333E0,1.962139010E-1,6.417834759E-2,-2.490105033E-1
5.401680333E0,2.098852396E-1,-5.146756768E-1,1.651906669E-1
5.411703333E0,2.754273415E-1,-9.377297759E-1,5.413613915E-1
5.421726333E0,2.843555808E-1,-1.090660334E0,6.420555711E-1
5.431749333E0,2.046718448E-1,-8.320509195E-1,5.181069374E-1
5.441772333E0,1.694675237E-1,-3.245978057E-1,3.215329051E-1
5.451795333E0,2.091805041E-1,2.629746199E-1,1.780667305E-1
5.461818333E0,1.756949872E-1,5.912742019E-1,9.287434071E-2
5.471841333E0,6.861724705E-2,5.947755575E-1,9.779754281E-2
5.481864333E0,-3.054235689E-2,3.891163766E-1,1.966719329E-1
5.491887333E0,-6.581953168E-2,2.329820544E-1,3.107249141E-1
5.501910333E0,-9.459871799E-2,2.151713669E-1,3.849501312E-1
5.511933333E0,-1.598267704E-1,3.094405532E-1,3.604166210E-1
5.521957333E0,-2.328184247E-1,3.843006790E-1,2.476032525E-1
5.531980333E0,-2.485871762E-1,3.133775890E-1,1.021721661E-1
5.542003333E0,-2.527177334E-1,1.953382939E-1,-3.205753863E-2
5.552026333E0,-2.735362351E-1,1.820912659E-1,-1.381268948E-1
5.562049333E0,-2.640582919E-1,2.135357410E-1,-2.147087604E-1
5.572072333E0,-2.647826374E-1,1.600024998E-1,-3.005200922E-1
5.582095333E0,-3.776633739E-1,6.875537336E-3,-3.795999885E-1
5.592118333E0,-5.340049267E-1,-1.460707188E-1,-4.121638536E-1
5.602141333E0,-6.843843460E-1,-3.563373983E-1,-4.155516624E-1
5.612164333E0,-7.685124874E-1,-3.802529275E-1,-4.042124152E-1
5.622187333E0,-7.586518526E-1,-3.367390335E-1,-3.695005178E-1
5.632210333E0,-6.403873563E-1,-3.008369207E-1,-3.254383802E-1
5.642233333E0,-6.009216905E-1,-2.743946612E-1,-2.690789700E-1
5.652256333E0,-6.446982026E-1,-2.658364475E-1,-2.057093382E-1
5.662279333E0,-7.013481259E-1,-2.359429896E-1,-1.797014326E-1
5.672303333E0,-8.177019954E-1,-1.971640140E-1,-1.929796636E-1
5.682326333E0,-9.075040817E-1,-1.661528349E-1,-2.292742878E-1
5.692349333E0,-9.447174072E-1,-1.764330864E-1,-3.789273202E-1
5.702372333E0,-1.062998652E0,-4.197240472E-1,-5.729740262E-1
5.712395333E0,-1.219807267E0,-7.265197635E-1,-7.313743234E-1
5.722418333E0,-1.332697392E0,-8.678308129E-1,-8.915485740E-1
5.732441333E0,-1.317753077E0,-8.770027757E-1,-1.133490205E0
5.742464333E0,-1.232438445E0,-8.262671828E-1,-1.475252151E0
5.752487333E0,-1.133038402E0,-6.730198264E-1,-1.710559249E0
5.762510333E0,-1.033678293E0,-7.258060575E-1,-1.790437102E0
5.772533333E0,-9.677171707E-1,-9.100826979E-1,-1.734994173E0
5.782556333E0,-8.327873349E-1,-7.353465557E-1,-1.504392385E0
5.792579333E0,-6.075857282E-1,-6.389642954E-1,-1.272028565E0
5.802603333E0,-4.563935697E-1,-6.714966297E-1,-9.545371532E-1
5.812626333E0,-4.639447331E-1,-6.228708029E-1,-6.944184899E-1
5.822649333E0,-3.270012736E-1,-5.598063469E-1,-4.140730798E-1
5.832672333E0,-8.907687664E-2,-4.983003438E-1,-2.191714942E-1
5.842695333E0,3.944008797E-2,-5.608910918E-1,-1.471111476E-1
5.852718333E0,1.685813367E-1,-6.616981626E-1,-1.949622482E-1
5.862741333E0,4.145671427E-1,-6.849888563E-1,-2.396596819E-1
5.872764333E0,7.256776690E-1,-6.665983200E-1,-1.949678659E-1
5.882787333E0,1.022453189E0,-6.726458073E-1,-8.275212348E-2
5.892810333E0,1.206621885E0,-7.964895368E-1,2.868975140E-2
5.902833333E0,1.292860627E0,-9.415357113E-1,1.324278563E-1
5.912856333E0,1.330503821E0,-1.088372827E0,2.480606288E-1
5.922879333E0,1.347014070E0,-1.196188450E0,3.882888556E-1
5.932902333E0,1.319936156E0,-1.199541211E0,5.612779260E-1
5.942926333E0,1.251012564E0,-1.038084388E0,7.603816986E-1
5.952949333E0,1.186248779E0,-7.757587433E-1,9.870769382E-1
5.962972333E0,1.170858979E0,-5.050721169E-1,1.252785325E0
5.972995333E0,1.248710394E0,-2.475781292E-1,1.505231023E0
5.983018333E0,1.325670600E0,-7.773582637E-2,1.730477691E0
5.993041333E0,1.333399177E0,-2.956927195E-2,1.891685963E0
6.003064333E0,1.215695143E0,-1.734534651E-1,1.994779587E0
6.013087333E0,9.836845398E-1,-3.403674364E-1,2.080338240E0
6.023110333E0,6.868478060E-1,-3.684867024E-1,2.126391172E0
6.033133333E0,4.326235354E-1,-3.480800688E-1,2.117740154E0
6.043156333E0,3.871649802E-1,-3.471735120E-1,2.026817799E0
6.053179333E0,5.541754961E-1,-3.997071981E-1,1.892147064E0
6.063202333E0,8.014795780E-1,-6.027130485E-1,1.771562099E0
6.073225333E0,1.056126595E0,-8.782547116E-1,1.685962319E0
6.083249333E0,1.163601160E0,-1.004904032E0,1.688368678E0
6.093272333E0,1.032631993E0,-1.035379887E0,1.753481388E0
6.103295333E0,7.651678920E-1,-1.013505220E0,1.831550598E0
6.113318333E0,4.775927663E-1,-9.103383422E-1,1.894266605E0
6.123341333E0,3.917188644E-1,-4.061534703E-1,1.807426214E0
6.133364333E0,6.474971175E-1,3.934359848E-1,1.502004147E0
6.143387333E0,1.251385093E0,1.156104922E0,1.186584115E0
6.153410333E0,1.654998064E0,1.305660844E0,9.024067521E-1
6.163433333E0,1.673059106E0,5.938329697E-1,7.330121398E-1
6.173456333E0,1.573708057E0,-1.516288370E-1,6.131703258E-1
6.183479333E0,1.091442347E0,-4.930974841E-1,4.686821103E-1
6.193502333E0,2.717581391E-1,-7.819271684E-1,2.920879424E-1
6.203525333E0,-3.896326125E-1,-6.749573350E-1,9.861753136E-2
6.213549333E0,-7.510566711E-1,-1.683574468E-1,-1.377275400E-2
6.223572333E0,-8.526834249E-1,1.687833071E-1,9.931065887E-2
6.233595333E0,-6.971826553E-1,1.500399411E-1,4.633868635E-1
6.243618333E0,-4.163133800E-1,-9.181156754E-2,7.818052769E-1
6.253641333E0,-9.756346792E-2,-2.393528968E-1,8.159969449E-1
6.263664333E0,2.573360503E-1,-1.201958805E-1,6.870890260E-1
6.273687333E0,5.702671409E-1,7.612768561E-2,5.580382943E-1
6.283710333E0,8.163450956E-1,5.448124185E-2,4.979180396E-1
6.293733333E0,8.625179529E-1,-9.254131466E-2,4.573579431E-1
6.303756333E0,6.403866410E-1,-2.415622026E-1,3.665380478E-1
6.313779333E0,3.548851907E-1,-3.892741203E-1,2.942453623E-1
6.323802333E0,1.526298523E-1,-4.213220775E-1,2.996771336E-1
6.333825333E0,5.747148022E-2,-3.495942354E-1,3.169735670E-1
6.343849333E0,1.106722839E-2,-2.201041579E-1,3.594096899E-1
6.353872333E0,-2.502250113E-2,-1.274181008E-1,3.820097148E-1
6.363895333E0,-5.833331868E-2,-7.037770748E-2,3.099341691E-1
6.373918333E0,-7.325220853E-2,-1.390745770E-2,1.765373498E-1
6.383941333E0,4.944015667E-2,-3.316866001E-3,4.686457291E-2
6.393964417E0,1.354429722E-1,1.137993298E-2,-2.247667313E-2
6.403987417E0,2.096160054E-1,-3.139602393E-2,-4.093876854E-2
6.414010417E0,2.319381982E-1,-4.628358781E-2,-2.299676463E-2
6.424033417E0,2.006455213E-1,-5.979833007E-2,-1.091080718E-2
6.434056417E0,1.324416548E-1,-9.379722178E-2,-8.570476435E-3
6.444079417E0,8.247356862E-2,-1.093684584E-1,-4.526199773E-3
6.454102417E0,2.657011896E-2,-6.006701291E-2,-4.233337939E-3
6.464125417E0,-1.769454591E-2,7.973022759E-3,3.622454824E-3
6.474148417E0,-4.455533996E-2,6.483750045E-2,6.537334528E-3
6.484172417E0,-1.711785607E-2,1.131669506E-1,2.302576229E-2
6.494195417E0,-9.574383497E-3,1.963344365E-1,4.579471890E-3
6.504218417E0,2.426267602E-2,2.800815105E-1,5.319564138E-3
6.514241417E0,-3.606059123E-3,4.100177586E-1,5.259627104E-2
6.524264417E0,-4.180723801E-2,4.314676523E-1,6.255968660E-2
6.534287417E0,-6.699234992E-2,3.433649242E-1,1.007400379E-1
6.544310417E0,-7.904688269E-2,2.398526371E-1,1.077862307E-1
6.554333417E0,-3.595671058E-2,2.401648611E-1,6.566961110E-2
6.564356417E0,6.584288925E-2,3.295503855E-1,-3.043215349E-2
6.574379417E0,1.630157530E-1,4.436828792E-1,-1.324298084E-1
6.584402417E0,2.397161126E-1,5.032444596E-1,-2.698856592E-1
6.594425417E0,3.141845763E-1,4.393037856E-1,-3.953298926E-1
6.604448417E0,4.049549699E-1,3.206040263E-1,-4.946980178E-1
6.614472417E0,4.624156356E-1,2.522021532E-1,-5.914154053E-1
6.624495417E0,4.482534826E-1,2.778667808E-1,-6.406738162E-1
6.634518417E0,4.007191360E-1,2.811638713E-1,-7.009844780E-1
6.644541417E0,3.954090476E-1,2.591488659E-1,-7.282270193E-1
6.654564417E0,3.239239156E-1,1.884633601E-1,-5.780485868E-1
6.664587417E0,1.721256226E-1,5.785795301E-2,-4.060280621E-1
6.674610417E0,1.819835417E-2,-2.163020521E-1,2.097543702E-2
6.684633417E0,-1.231238842E-1,-6.321237683E-1,4.461525381E-2
6.694656417E0,-5.422762036E-2,-1.161311492E-1,-4.572363794E-1
6.704679417E0,1.850376874E-1,2.195200771E-1,-5.309726596E-1
6.714702417E0,9.728724509E-2,1.086623296E-1,-3.866663277E-1
6.724725417E0,-5.348255858E-2,3.653701022E-2,-2.280559242E-1
6.734748417E0,-1.410057247E-1,5.061429739E-2,-1.166002080E-1
6.744772417E0,-2.229410708E-1,1.654117256E-1,-4.622218385E-2
6.754795417E0,-2.337746620E-1,2.239656448E-1,5.291570444E-3
6.764818417E0,-3.211582899E-1,2.382990569E-1,1.988782361E-2
6.774841417E0,-5.429607630E-1,2.441073507E-1,1.285731196E-1
6.784864417E0,-6.706649065E-1,2.021569759E-1,3.025313616E-1
6.794887417E0,-6.019089818E-1,-1.102818176E-1,4.038802087E-1
6.804910417E0,-5.798502564E-1,-2.950383425E-1,3.903167546E-1
6.814933417E0,-5.232694745E-1,-2.923255563E-1,1.835667193E-1
6.824956417E0,-6.239023209E-1,2.730156183E-1,-2.395693511E-1
6.834979417E0,-1.018788815E0,-1.465877444E-1,-4.793712199E-1
6.845002417E0,-1.564695477E0,-9.235953093E-1,-2.418889105E-1
6.855025417E0,-1.224410534E0,-3.362220526E-1,-1.062730998E-1
6.865048417E0,-1.250405431E0,-3.153529763E-1,-1.870808750E-1
6.875072417E0,-9.793183804E-1,-5.053914189E-1,5.208331943E-1
6.885095417E0,-4.148840010E-1,-1.217271209E0,7.331417203E-1
6.895118417E0,-6.403681040E-1,-1.171645761E0,-3.658232391E-1
6.905141417E0,-3.912447989E-1,4.890218377E-1,-7.358220816E-1
6.915164417E0,1.362159699E-1,1.924836397E0,-7.984768152E-1
6.925187417E0,-2.069176883E-1,1.009527668E-1,-9.133173823E-1
6.935210417E0,5.001184344E-1,-5.237880349E-2,-7.888510823E-1
6.945233417E0,1.593510032E0,-1.740232259E-1,-4.454092979E-1
6.955256417E0,2.303666115E0,-9.456899762E-1,-1.206461415E-1
6.965279417E0,2.032435179E0,-4.779510200E-1,3.599082232E-1
6.975302417E0,2.463699818E0,1.538253427E0,7.500358224E-1
6.985325417E0,2.500109196E0,4.336595058E0,4.622753859E-1
6.995348417E0,1.882027388E0,5.033646107E0,-3.410581946E-1
7.005372417E0,9.181069136E-1,3.613322258E0,-1.353330851E0
7.015395417E0,4.788676798E-1,3.322911024E0,-2.253365040E0
7.025418417E0,4.971114099E-1,4.099953175E0,-2.584723473E0
7.035441417E0,9.947321415E-1,4.803926468E0,-2.506196976E0
7.045464417E0,1.654649496E0,4.517572880E0,-2.255355835E0
7.055487417E0,2.132713556E0,3.929989338E0,-1.955492377E0
7.065510417E0,2.383931637E0,3.781678438E0,-1.814298511E0
7.075533417E0,2.618751287E0,3.785867691E0,-1.805457354E0
7.085556417E0,2.988806486E0,4.010447502E0,-1.964629889E0
7.095579417E0,3.426462173E0,3.998549461E0,-2.389942884E0
7.105602417E0,3.731689453E0,3.544152021E0,-2.839447737E0
7.115625417E0,4.066742897E0,3.079479933E0,-3.122115612E0
7.125648417E0,4.599730968E0,2.797959089E0,-3.181862831E0
7.135672417E0,5.365931511E0,2.484424591E0,-3.091936111E0
7.145695417E0,6.219407082E0,1.961163163E0,-2.973723650E0
7.155718417E0,6.812265873E0,1.702436447E0,-2.864240408E0
7.165741417E0,6.905885696E0,1.855513811E0,-2.678089380E0
7.175764417E0,6.559201717E0,2.073285580E0,-2.360044479E0
7.185787417E0,5.922628880E0,2.528188467E0,-2.120429754E0
7.195810417E0,5.480762482E0,2.858567953E0,-1.945287585E0
7.205833417E0,5.516084671E0,2.453492880E0,-1.845221996E0
7.215856417E0,5.761449814E0,1.571210027E0,-1.808154583E0
7.225879417E0,5.946959496E0,1.394898891E0,-1.854522347E0
7.235902417E0,5.811572075E0,1.823437929E0,-1.694108129E0
7.245925417E0,5.483502388E0,1.794158340E0,-1.522323608E0
7.255948417E0,5.067567825E0,1.116620302E0,-1.652709842E0
7.265972417E0,4.532948971E0,1.714692265E-1,-1.954436183E0
7.275995417E0,3.815940142E0,-5.203052163E-1,-2.180987120E0
7.286018417E0,3.033837557E0,-8.108025193E-1,-2.247772932E0
7.296041417E0,2.353493929E0,-8.620044589E-1,-1.920807362E0
7.306064417E0,1.933208346E0,-7.268381119E-1,-1.469513178E0
7.316087417E0,2.463360071E0,4.571019411E-1,-1.090510845E0
7.326110417E0,3.749104023E0,7.647700310E-1,-7.456442118E-1
7.336133417E0,3.439723730E0,-7.183095813E-1,-1.550533056E0
7.346156417E0,3.143903017E0,-1.414191723E0,-2.124597549E0
7.356179417E0,2.825518608E0,-1.690037966E0,-2.382649422E0
7.366202417E0,2.399575472E0,-1.630639672E0,-2.234137774E0
7.376225417E0,1.830652714E0,-7.728743553E-1,-1.849295139E0
7.386248417E0,1.102201819E0,6.087277532E-1,-1.608983159E0
7.396271792E0,5.908356905E-1,1.399687052E0,-1.855272055E0
7.406294792E0,5.818219781E-1,1.039244890E0,-2.396111727E0
7.416317792E0,1.534289837E0,-8.791005015E-1,-1.973766685E0
7.426340792E0,2.199731588E0,-2.131218910E0,-1.426695824E0
7.436363792E0,2.286916733E0,-2.748754740E0,-1.421140075E0
7.446386792E0,2.339280605E0,-1.944395304E0,-1.879503727E0
7.456409792E0,1.951828122E0,-8.838543296E-1,-2.386962652E0
7.466432792E0,1.068693876E0,2.824778855E-1,-2.692889690E0
7.476455792E0,6.404128671E-1,7.775706649E-1,-2.747740746E0
7.486478792E0,6.732331514E-1,8.843996525E-1,-2.376538754E0
7.496501792E0,9.345041513E-1,5.732884407E-1,-2.062749863E0
7.506524792E0,1.163468361E0,3.321107626E-1,-1.940955162E0
7.516547792E0,1.262405276E0,1.992229819E-1,-1.864111423E0
7.526571792E0,1.306754827E0,3.089201450E-2,-1.817876816E0
7.536594792E0,1.373934269E0,-1.165377647E-1,-1.895426154E0
7.546617792E0,1.480632663E0,-1.045311689E-1,-2.055169821E0
7.556640792E0,1.607018948E0,1.134154201E-1,-2.201690674E0
7.566663792E0,1.588112593E0,5.475503206E-1,-2.335599661E0
7.576686792E0,1.432594895E0,5.088690519E-1,-2.323423862E0
7.586709792E0,1.421416640E0,1.862997562E-1,-1.966046095E0
7.596732792E0,1.636571646E0,2.913632691E-1,-1.543800712E0
7.606755792E0,1.819838166E0,6.845331788E-1,-1.276299834E0
7.616778792E0,1.773758292E0,9.590771794E-1,-1.132575512E0
7.626801792E0,1.565306783E0,1.207726955E0,-1.133724213E0
7.636824792E0,1.263027310E0,9.442558289E-1,-9.323118925E-1
7.646847792E0,1.219176769E0,9.869460464E-1,-2.511687577E-1
7.656871792E0,1.284152865E0,1.090753675E0,4.354056716E-1
7.666894792E0,1.263592958E0,1.216014385E0,5.548034310E-1
7.676917792E0,1.254215717E0,1.452672601E0,3.723410964E-1
7.686940792E0,1.158334970E0,1.433625102E0,1.484797597E-1
7.696963792E0,9.597828388E-1,1.099003077E0,6.731165200E-2
7.706986792E0,8.390271664E-1,7.971276641E-1,1.225299016E-1
7.717009792E0,8.363256454E-1,5.182667375E-1,1.657568663E-1
7.727032792E0,8.375616074E-1,2.187964171E-1,1.397007704E-1
7.737055792E0,8.291949630E-1,-5.157502741E-2,1.494088173E-1
7.747078792E0,6.818209291E-1,-1.168171465E-1,1.335433125E-1
7.757101792E0,3.791682720E-1,4.540794343E-2,1.041736752E-1
7.767124792E0,7.508136332E-2,3.274457753E-1,8.955319226E-2
7.777147792E0,-9.607823193E-2,5.574641824E-1,8.880164474E-2
7.787171792E0,-9.461402893E-2,6.138097644E-1,1.501070708E-1
7.797194792E0,6.141638011E-2,5.030943155E-1,2.487105876E-1
7.807217792E0,2.788456380E-1,3.301656544E-1,3.436056674E-1
7.817240792E0,4.632900953E-1,1.981054395E-1,3.719950318E-1
7.827263792E0,5.576128960E-1,1.499171257E-1,3.340572417E-1
7.837286792E0,5.462694764E-1,1.990962476E-1,2.481636405E-1
7.847309792E0,4.594347477E-1,3.222192228E-1,1.651047021E-1
7.857332792E0,3.635743856E-1,4.593014419E-1,9.246134013E-2
7.867355792E0,3.127524853E-1,5.698369741E-1,6.689765304E-2
7.877378792E0,3.179849386E-1,6.332209706E-1,8.090142906E-2
7.887401792E0,3.444887102E-1,6.397047043E-1,1.215426028E-1
7.897424792E0,4.013482928E-1,6.071737409E-1,1.733661443E-1
7.907448792E0,4.749953449E-1,5.368207693E-1,2.110892981E-1
7.917471792E0,5.548469424E-1,4.583351910E-1,2.228201330E-1
7.927494792E0,5.962857604E-1,4.461373985E-1,2.043194175E-1
7.937517792E0,5.832317472E-1,4.961256087E-1,1.773310006E-1
7.947540792E0,5.506418943E-1,5.750662684E-1,1.624109149E-1
7.957563792E0,5.325564146E-1,6.520168781E-1,1.551361382E-1
7.967586792E0,5.726076961E-1,6.613155603E-1,1.526335627E-1
7.977609792E0,6.444327831E-1,5.872438550E-1,1.199860424E-1
7.987632792E0,6.884598732E-1,5.060965419E-1,8.126261085E-2
7.997655792E0,6.863146424E-1,4.788924158E-1,6.009181589E-2
8.007678792E0,6.064384580E-1,5.307489634E-1,7.042248547E-2
8.017701792E0,5.300434828E-1,5.879475474E-1,1.109125763E-1
8.027724792E0,4.796817899E-1,5.570743084E-1,1.111511961E-1
8.037748792E0,6.902180612E-2,6.082837582E-1,1.885493696E-1
8.047771792E0,-1.609946191E-1,6.814178824E-1,1.097203195E-1
8.057794792E0,-3.709323108E-1,5.829429626E-1,1.628915220E-2
8.067817792E0,-3.625462949E-1,4.255051017E-1,-1.160719339E-2
8.077840792E0,-8.322674781E-2,1.615174115E-1,-6.906728446E-2
8.087863792E0,1.367588788E-1,-6.974696368E-2,-4.104124755E-2
8.097886792E0,1.904527992E-1,-1.670696735E-1,4.395976663E-3
8.107909792E0,1.249097437E-1,-1.984100193E-1,6.082024425E-3
8.117932792E0,2.316364087E-2,-1.631989479E-1,1.404801663E-2